--[[ Emorce HEXED v4 // build 0fd4c51a3867 ]]
local _11I1O1=(getfenv and getfenv())or _ENV or _G
local l1I0lO_=(type(loadstring)=="function" and loadstring)or(type(load)=="function" and load)or(_11I1O1 and (_11I1O1.loadstring or _11I1O1.load))
if not l1I0lO_ then error("HEXED: no loadstring/load",0) end
local l0llO1O_0={5,4,13,15,13,12,4,15,5,13,3,10,11,6,3,4}
local OOOlIll_O1={4,9,14,14,13,7,0,11,10,13,11,0,6,1,5,2}
local l10lIl_O={15,0,5,0,3,9,3,15,15,9,13,13,4,5,13,8}
local _llO_O011={0,12,10,5,7,1,13,1,7,7,15,6,0,3,2,11}
local _010lOO00={9,8,10,11,3,8,12,12}
local l_IIOIIl0O={7,3,8,8,11,14,9,7}
local IOl1lIIl=158
local l_l1_l001=149
local lO0O010O_={{243,77,240,43,28,141,6,135,187,120,30,184,83,156,97,30,81,7,164,15,16,27,46,242,100,244,0,224,9,102,189,19,145,99,61,133,52,93,136,45},{69,49,85,186,225,222,68,112,159,230,2,193,100,22,240,76,109,85,7,135,0,159,226,57,218,15,193,164,5,239,248,129,97,55,110,91,79,168,30,159,212},{243,225,42,234,146,249,198,155,27,250,73,195,201,35,83,226,231,90,149,161,48,124,59,26,153,101,143,19,48,26,31,73,88,185,237,158,77,130,173,170},{59,135,118,6,238,202,249,250,10,33,102,47,36},{72,46,103,254,17,235,167,253,96,223,151,81,150,120,210,218,24,79,33,76,126,86,80,252,59,51,145,75,245,210,162,209,88,145,106,216,9,4,16,186,167,253,188,7,124},{191,87,117,41,106,70,90,218,129,218,155,101,227,246,87,244,86,126,241,226,230,15,78,74,178,7,216,214,207,162,39,101,249,152,69,247,133,248,125,10},{143,42,24,244,107,3,254,159,253,205,233,38,238,76,163,127,105,243,15,221,249,122,208,213,74,158,3,10,53,144,157,118,162,177,47,203,232,74,58,83,93,230},{106,54,73,226,88,255,121,152,3,235,240,101,169,116,39,211,148,228,148,44,3,110,78,195,30,103,228,67,28,130,139,164,59,66,90,201,163,7,95,59},{16,116,48,145,123,159,84,213,245,214,153,59,68,30,239,42,202,177,91,170,51,141,101,242,93,100,218,31,51,251,144,127,50,23,99,219,55,167,35,23},{172,48,166,184,145,64,190,242,167,122,87,175,177,210,95,226,37,186,54,70,218,182,0,77,161,131,131,101,39,133,46,189,74,210,100,62,127,232,199,164},{114,220,142,147,3,44,206,45,63,37,183,47,223,51,188,134,179,57,215,249,109,200,7,111,187,245,26,252,220,175,221,155,141,210,181,87,14,75,28,166},{189,5,188,35,78,141,48,19,64,25,126,55,253,144,133,58,75,106,211,12,67,188,22,16,239,242,98,144,65,208,155,207,210,78,35,48,133,75,35,226},{69,221,157,203,12,196,47,125,208,105,89,55,156,234,8,172,38,20,138,48,174,184,150,155,117,7,23,212,180,54,74,164,220,43,39,177,53,141,52,44},{243,118,211,141,192,52,42,62,137,145,51,177,13,216,49,157,14,147,91,73,50,123,59,31,235,170,118,236,103,24,149,167,182,86,11,23,14,35,212,130,20,253,109,36,144,130,233,207},{24,132,102,198,170,181,112,229,126,131,62,36,62,194,151,217,106,206,132},{223,238,182,110,47,117,46,192,204,12,129,85,101,64,238,122,117,232,150,77,131,81,47,145,209,118,77,134,8,139,160,124,165,168,231,148,172,136,228,138},{175,50,193,218,133,172,191,85,119,27,211,46,225,146,20,173,69,173,190,73,27,19,150,135,123,53,180,240,99,144,83,0,174,4,238,89,24,236,47,199},{209,179,66,194,34,8,239,141,197,35,27,161,65,79,250,228,11,36,248,58,135,106,76,134,62,185,49,8,255,148,20,163,91,191,54,226,125,79,110,101},{78,109,201,44,226,167,108,11,54,233,176,50,40,63,187,40,92,17,147,103,130,209,158,163,250,151,40,162,10,237,213,205,199,67,72,127,254,178,35,53},{47,153,189,91,223,139,85,194,35,24,183,165,228,160,77,249,15,179,75,97,168,74,54,240,39,135,71},{245,96,122,57,146,115,132,102,142,158,83,235,198,50,103,69,146,117,177,233,103,91,53,27,65,151,124,31,126,192,4},{45,128,243,227,131,148,11,206,158,10,134,246,214,195,152,255,142,31,34,18,7,24,132,34,166,33,188,243,249,217,203,155,168,72,192,142,37,240,243,156,140,128,23,75,100,6,207,181,10,28,10,146,164,58,61},{236,249,209,156,139,220,20,5,59,57,124,156,19,41,73,185,121,146,226,187,108,123,209,133,228,150,132,91,193,11,195,65,198,194,57,57,200,141,83,213},{122,150,87,253,23,254,148,192,66,71,250,103,159,193,36,182,113,154,58,246,99,49,182,170,170,102,184,38,20,76,122,243,37,250,200,178,156,56,195,118},{108,124,49,11,88,44,170,107,127,133,115,240,25,200,90,96,243,240,80,228,102,102,224,49,223,1,233,137,137,158,28,239,133,211,110,122,218,126,221,10},{7,24,200,106,162,15,207,158,25,245,158,59,41,155,27,200,129,12,214,53,73,213,56,47,92,224,155,181,27,83,232,40,183,234,151,128,91,124,106,125},{1,149,98,220,115,9,115,192,45,184,65,107,198,65,119,245,56,190,152,167,145,71,85,140,17,164,38,59,170,131,65,155,72,64,181,140,105,84,100,189},{0,114,246,217,11,124,231,215,47,232,20,108,196,165,149,91,111,34,37,131,247,125,171,47,49,219,86,229,75,193,169,194,92,105,95,163,19,148,134,98,31,198,152,174,229,29,225,87,83,50,199,189,144,94,209,199,131,165,186},{97,218,211,159,134,173,32,170,24,131,79,13,233,18,151,110,40,106,134,125,135,64,34,137,46,49,236,94,243,87,70,245,85,69,56,46,120,68,160,6},{189,190,197,58,75,230,242,86,190,203,155,140,228,99,200,72,179,73,58,231,107,124,135,43,24,162,203,231,161,222,96,103,91,199,186,49,46,32,245,125},{238,1,67,216,97,134,78,19,246,110,118,233,8,68,39,89,67,6,67,90,138,116,80,24,22,82,60,7,148,69,2,57,181,224,106,37,119,90,251,41,27,70,217,84,138,173,208,198,234,138,62,12,247,64},{89,213,45,9,232,80,106,191,22,255,90,249,35,196,200,68,199,201,108,254,102,199,238,225,57,11,56,6,234,5,227,239,87,174,110,177,230,66,252,89},{9,194,60,239,111,120,127,152,203,25,155,160,163,205,158,239,238,70,106,90,111,197,191,80,92,116,219,241,19,206,182,132,111,155,121,79,148,235,132,218,83,246,242,242,241,19,224,166,215,234,163},{92,33,215,45,35,24,165,133,241,180,252,169,155,139,247,107,240,198,252,198,141,194,42,109,177,90,101,233,74,245,254,24,127,28,227,226,146,4,158,141},{225,129,10,51,17,63,151,181,120,157,14,247,236,110,107,228,177,37,11,150,93,34,249,63,43,220,188,250,107,236,96,225,109,13,156,42,91,126,41,112},{127,254,193,206,221,46,42,31,150,92,171,219,190,204,38,216,138,248,62,132},{190,243,215,245,194,77,223,37,145,184,116,203,13,196,16,154,177,166,142},{6,247,71,11,253,66,181,114,224,156,246,232,94,127,206,89,174,36,237,157,40,199,171,173,80,58,157,109,188,10,16,1,232,47,160,188,185,105,245,120},{222,153,160,51,89,3,244,115,61,57,39,34,216,228,174,59,169,38,9,115,102,200,193,172,111,109,90,141,70,20,172,35,50,135,164,120,65,148,98,29},{52,116,39,109,241,119,77,127,37,73,116,23,22,210,132,201,33,111,204,75,178,131,243,38,142,26,176,13,192,94,240,9,27,95,74,99,142,131,32,38},{141,208,34,144,92,64,49,193,115,76,177,130,57,184,67,195,24,116,229,133,60,61,5,29,222,41,129,135,76,22,73,106,102,47,157},{63,6,170,200,4,125,209,129,115,46,172,165,180,149,20,105,164,122,150,197,199,19,124,192,104,108},{120,138,177,53,245,36,172,225,95,102,247,163,221,105,213,72,32,53,70,26,144,173,219,14,91,29,173,33,72,20,234,32},{153,232,113,158,64,1,202,55,66,167,166,120,170,151,157,60,95,108,27,252,111,140,91,7,42,201,167,14,90,95,243,139,132,85,29,52,50,213,201,102},{140,120,164,251,68,32,85,160,220,148,93,217,86,94,27,20,221,51,151,143,82,212,143,4,137,118,46,42,103,101,183,224,51,137,163,155,223,108,206,42},{166,95,3,33,199,195,243,29,63,73,147,30,186,47,2,146,193,28,217,81,21,1,9,251,43,113,172,92,65,174,206,158,202,113,61,118,249,85,192,161},{251,2,29,214,193,52,184,144,152,169,162,154,69,94,41,163,143,140,223,28,187,163,159,120,176,141,107,101,198,143,229,118,158,223,47,196,97,172,170,196},{109,201,36,210,159,43,155,188,75,28,25,216,174,46,214,34,8,118,184,228,158,189,233,93,65,19,10,169,178,100,171,81,80,225,30,229,217,30,203,250},{243,151,207,250,173,107,45,39,237,16,106,222,105,178,247,231,98,183,177,235,111,56,78,110,203,252,87,214,41,99,225,251,195,104,125,228,231,172,202,253},{204,133,50,242,212,22,235,175,136,224,101,76,243,46,49,16,72,127,155,7,170,220,157,196,57,192,208,60,32,157,231,201,93,209,122,85,167,102,6,251},{208,230,213,179,221,142,92,249,108,59,59,156,222,199,3,33,160,134,157,58,108,96,242,193,218,208,134,248,185,232,151,45,123,126,200,148,40,37,58,173},{134,52,175,32,123,66,136,174,28,161,54,192,180,51,52,211,80,104,187,112,159,205,102,69,18,106,102,72,89,138,233,3,4,194,23,140,204,117,65,109},{30,49,73,218,2,242,26,221,57,195,142,67,10,87,90,24,204,197,143,158,215,215,76,140,169,30,87,129,125,240,152,135,79,69,126,226,82,238,239,21},{17,68,105,35,128,21,35,158,224,226,4,145,64,34,226,169,3,133,21,132,132,174,140,131,216,35,62,80,39,121,55,179,30,117,217,248,113,47,83,30},{104,16,79,126,229,25,27,65,223,3,231,92,46,106,217,173,51,102,57,142,34,229,231,233,56,173,234,8,12,218,58,97,130,89,140,65,130,98,237,148},{85,157,14,179,28,4,31,39,203,139,103,10,114,83,92,53,198,42,6,199,213,148,225,0,48,35,228,245,3,231,8,241,160,67,255,242,131,122,85,255},{230,23,209,248,234,170,173,191,243,77,66,127,205,97,65,137,79,53,246,253,135,32,60,28,62,124,245,19,118,105,60,7,213,79,76,16,212,60,20,65},{46,196,143,177,72,42,186,152,170,183,125,88,95,234,38,72,15,205,167,9,64,204,216,77,228,227,7,206,162,133,176,173,252,200,69,149,77,117,109,172},{198,0,124,206,132,1,81,227,154,11,71,166,63,190,43,87,56,205,196,196,126,116,177,75,179,231,155,71,164,52,184,25,148,211,185,229,160,66,229,89},{23,107,195,180,237,235,25,209,95,74,137,67,154,34,242,70,64,222,109,73,94,130,153,197,166,200,230,189,44,202,244,243,67,62,62,3,113,47,30,157},{156,98,142,249,115,98,181,22,67,206,190,242,147,209,182,126,96,220,133,98,84,115,151,197,58,191,200,224,214,183,152,246,72,149,238,140,93,82,225,110},{95,180,72,40,197,97,105,183,165,51,116,14,48,101,211,174,108,65,232,207,21,61,75,151,54,206,95,238,30,126,86,139,89,9,23,160,78,150,152,179},{182,115,163,19,123,155,236,149,165,184,126,13,246,85,150,81,66,182,159,198,17,89,237,152,8,68,235,12,254,249,225,226,209,85,33,81,68,33,221,210},{133,129,236,7,10,73,73,189,203,200,240,18,121,139,198,1,126,156,120,234,191,254,225,127,228,184,5,160,188,244,235,93,112,236,208,8,229,53,233,203},{249,225,75,70,35,48,61,145,7,81,3,64,108,182,190,225,212,111,240,0,127,224,7,156,227,178,49,156,197,68,213,173,113,149,22,45,231,48,225,141},{200,81,104,107,168,193,75,197,156,10,91,35,116,184,76,202,40,63,232,229,4,226,135,174,241,36,31,77,60,133,45,86,144,97,151,35,100,214,96,40},{224,189,43,212,219,169,192,160,57,210,128,6,220,101,32,249,214,13,0,218,157,146,217,98,142,134,38,15,160,182,209,213,249,34,117,174,133,91,93,183},{42,74,147,27,157,181,200,42,102,69,111,227,97,239,57,214,65,26,250,23,249,249,205,211,94,90,193,162,203,145,24,65,73,10,169,151,19,160,72,190},{206,11,226,105,125,233,167,19,127,178,157,155,192,148,95,108,21,226,226,204,11,208,1,24,129,157,227,67,165,193,26,54,99,210,62,144,145,232,121,228},{94,227,24,32,59,61,193,64,68,127,131,206,151,111,184,99,165,193,200,234,94,222,123,15,148,238,59,118,137,28,228,81,54,168,217,172,148,140,68,123},{135,66,206,187,120,34,182,186,90,95,111,90,116,89,199,59,161,131,80,217,113,234,138,122,94,189,248,247,175,31,29,217,46,144,167,22,160,123,36,121},{5,59,156,83,21,70,162,109,24,237,38,178,210,49,149,60,77,154,104,160,86,212,198,244,176,24,240,72,67,132,39,105,157,55,180,105,86,155,84,101},{32,186,43,237,154,110,22,88,177,147,172,77,155,3,219,170,229,172,101,36,187,57,115,202,25,83,28,223,127,87,44,12,156,92,48,176,134,144,133,18},{147,9,80,121,216,146,15,245,64,120,178,10,189,165,187,94,174,134,243,30,135,157,194,223,123,216,157,232,172,110,70,143,13,184,118,191,84,206,221,128},{86,1,201,90,221,186,47,145,48,138,244,171,155,47,106,22,224,164,100,142,200,3,191,177,170,140,207,33,126,215,89,112,244,160,210,121,6,84,157,59},{46,149,79,64,89,228,233,117,165,14,138,26,34,255,73,39,200,244,62,71,87,123,225,59,198,59,211,132,129,139,21,8,224,13,113,227,57,180,56,173},{252,22,77,118,230,135,0,186,151,113,221,121,161,28,20,29,37,119,214,72,211,178,23,233,204,236,129,196,159,29,182,152,217,44,165,82,79,116,239,163},{197,174,47,175,208,55,11,50,198,207,77,139,39,101,29,105,4,242,23,6,55,178,167,54,110,58,199,176,9,96,143,188,120,122,106,57,186,110,241,132},{169,98,139,54,98,187,77,61,250,168,126,57,120,5,176,21,193,157,213,35,30,77,1,232,225,79,135,146,150,156,200,207,179,70,152,145,254,143,109,48},{137,5,6,83,181,215,123,61,58,164,186,159,155,243,51,250,50,168,107,235,152,54,177,10,136,230,189,24,7,111,193,205,129,105,137,189,93,240,190,80},{61,113,152,185,178,93,39,62,6,62,196,131,224,161,179,143,127,60,134,25,129,238,178,71,94,205,205,66,33,232,86,215,153,206,135,103,199,122,208,126},{125,241,183,186,215,99,93,160,233,77,118,202,38,71,162,185,99,206,86,35,175,240,245,137,149,232,155,87,214,206,131,46,99,56,163,147,127,136,32,229},{22,13,174,52,206,66,204,234,191,233,229,5,237,199,110,124,186,145,102,73,217,78,200,120,200,158,54,250,106,154,82,205,102,162,174,232,67,10,174,81},{107,99,176,93,137,236,154,182,131,35,20,207,218,101,193,225,73,53,71,132,166,102,149,12,89,208,21,200,5,95,98,214,10,112,4,236,31,203,191,167},{184,25,126,46,147,201,39,191,158,243,102,227,181,162,95,61,58,176,82,169,246,84,0,40,226,63,125,175,25,220,25,65,18,175,108,46,226,148,226,23},{177,131,37,12,53,39,105,14,106,107,121,187,32,69,15,146,182,191,138,23,197,154,54,139,18,204,185,91,245,5,153,158,159,38,1,108,83,189,46,243},{92,210,142,250,131,8,65,109,34,62,230,251,140,63,193,233,11,63,69,128,253,56,93,74,229,103,190,131,209,142,129,236,12,36,170,131,131,23,149,171},{143,0,237,197,133,238,35,86,19,121,154,174,216,214,188,33,90,215,19,74,231,214,208,239,6,99,217,75,26,21,164,189,181,121,147,194,19,54,51,235},{120,242,204,193,13,175,220,232,29,121,99,104,228,248,35,77,25,123,59,2,89,108,3,227,151,16,220,127,52,18,114,91,55,63,221,104,177,126,65,37},{69,6,191,211,110,66,57,145,202,42,215,142,223,235,17,38,132,23,164,146,208,45,110,203,167,8,23,179,230,154,167,207,252,96,17,183,87,192,87,26},{170,177,228,176,18,229,249,160,60,199,219,10,230,155,157,132,65,51,238,53,57,238,39,125,129,100,191,104,229,130,78,22,201,153,105,175,210,229,20,41},{102,243,119,128,233,144,39,92,0,98,221,134,27,123,48,161,153,31,111,190,13,34,33,120,242,77,4,58,224,88,224,82,160,58,21,62,155,183,48,73},{232,233,78,37,156,132,58,114,139,76,31,26,215,172,184,207,165,33,129,13,130,67,78,114,193,18,95,77,1,99,21,161,135,198,170,175,9,139,248,124},{235,19,121,189,121,74,154,41,17,36,47,232,227,236,248,135,128,83,160,209,237,76,124,182,24,152,107,178,91,196,147,5,206,69,127,22,238,240,150,150},{30,6,6,229,72,246,145,38,196,27,234,10,59,153,150,99,171,96,211,27,220,244,58,159,111,155,49,81,171,249,213,88,86,47,17,32,106,218,174,244},{28,75,145,182,245,132,81,255,212,218,99,70,186,238,66,8,102,35,58,77,103,97,4,129,226,87,101,114,149,238,219,190,186,228,25,80,213,113,32,206},{59,46,116,177,196,18,9,253,68,79,233,226,199,99,101,12,92,191,109,127,168,132,199,9,65,31,80,73,88,124,123,41,105,208,8,74,217,133,242,51},{143,23,255,118,205,135,127,130,154,174,129,97,240,199,199,60,97,36,30,157,101,252,170,6,195,121,233,183,63,66,238,2,46,237,81,112,141,13,199,155},{88,124,104,75,215,173,54,216,248,142,120,71,218,219,87,238,2,132,114,133,214,232,110,79,171,255,109,11,3,137,14,77,34,141,49,249,230,199,223,27},{195,108,221,91,39,210,16,121,210,39,4,44,9,36,89,158,123,65,129,237,213,5,117,35,247,1,240,132,203,207,230,59,137,177,243,9,221,177,99,237},{191,57,231,79,49,154,123,46,154,117,102,254,163,198,39,118,0,155,66,145,39,104,67,16,201,240,215,214,28,125,211,109,199,129,18,48,253,104,164,122},{253,6,50,203,239,20,106,42,101,53,20,160,160,200,249,15,80,14,6,122,234,168,23,139,93,197,130,135,190,48,106,71,158,94,23,95,153,162,234,171},{239,178,225,95,77,183,59,160,135,175,114,52,111,254,239,201,207,176,69,8,69,199,9,119,246,11,238,31,37,59,155,53,92,229,143,34,217,191,5,56},{174,106,48,241,250,12,8,207,244,243,10,205,27,200,88,107,139,90,171,40,159,193,151,186,38,94,100,210,87,151,250,69,214,181,28,139,142,58,210,148},{233,14,186,222,69,100,194,12,59,151,36,22,157,174,231,0,140,63,229,118,39,13,106,73,227,255,9,5,1,37,149,26,192,35,167,93,235,199,166,150},{151,225,43,29,66,209,50,39,44,115,243,64,88,151,216,8,134,154,76,159,188,25,204,59,125,193,218,247,11,238,1,230,9,213,232,117,35,50,79,225},{168,34,223,93,143,192,184,23,178,221,50,86,116,63,234,33,20,87,20,137,88,171,152,79,57,238,23,8,79,117,230,108,2,244,206,115,87,139,162,223},{161,231,150,151,205,119,242,85,221,46,112,130,39,11,119,203,124,172,176,213,54,202,89,170,73,59,133,203,55,162,108,92,191,107,39,108,197,160,23,255},{209,125,247,9,147,241,21,114,31,41,237,65,228,202,181,206,120,23,23,99,94,21,145,50,177,211,46,51,229,136,153,78,184,134,177,53,9,130,85,96},{6,250,197,170,63,64,100,207,170,249,139,32,130,39,64,119,242,112,48,39,251,169,23,157,53,228,251,223,240,188,224,252,180,128,25,91,22,79,162,135},{64,58,54,206,76,220,47,157,255,58,107,26,83,168,105,145,221,21,174,30,69,159,81,183,162,204,65,95,169,15,249,158,71,117,220,226,101,21,143,37},{38,52,207,41,198,219,226,129,19,37,114,7,222,119,140,201,51,135,152,11,79,73,143,129,74,92,181,149,64,131,56,123,245,253,161,107,107,164,56,45},{228,136,119,221,237,65,74,98,11,75,255,169,103,49,127,78,58,68,251,113,192,117,142,75,201,67,46,84,27,13,201,231,164,206,150,133,211,194,6,128},{38,207,45,109,130,149,116,143,58,238,96,134,94,197,49,165,131,125,201,111,48,243,74,219,138,1,254,76,107,118,117,194,100,149,249,200,112,67,188,84},{60,55,117,187,16,145,162,167,120,212,63,12,202,232,206,24,51,157,142,159,204,231,67,167,175,202,251,147,231,143,167,7,213,190,36,246,65,227,167,92},{3,152,191,74,37,165,51,24,101,245,30,210,62,117,90,180,79,164,66,89,111,160,110,189,136,248,241,167,35,170,165,182,70,55,174,206,233,105,240,34},{79,141,37,224,86,113,148,3,106,103,68,180,96,127,187,17,250,85,248,75,96,237,121,8,68,185,113,82,9,141,48,246,198,21,88,23,154,65,88,238},{64,163,54,34,212,86,202,218,199,10,180,216,46,51,19,79,44,59,243,167,248,244,37,50,178,63,173,246,151,245,4,43,225,238,208,223,5,97,30,97},{190,254,141,124,53,105,92,127,28,34,114,84,117,4,11,223,57,45,23,75,219,73,124,247,71,184,121,249,73,160,191,45,137,5,144,60,154,35,180,156},{173,178,15,175,104,96,140,195,205,127,150,51,191,64,5,225,101,186,217,198,90,163,245,77,236,135,196,142,47,127,254,162,120,104,34,111,130,126,124,211},{145,136,237,73,17,57,127,163,146,7,236,23,52,92,49,216,238,12,53,68,115,206,1,38,191,15,174,8,96,18,75,78,132,137,96,54,204,81,166,91},{49,140,242,249,127,67,107,221,92,99,223,252,120,50,96,238,217,31,183,221,36,241,193,90,175,34,56,17,161,193,240,78,182,114,203,17,71,99,243,148},{182,245,62,209,248,102,132,116,95,172,242,179,223,59,223,8,252,159,220,26,130,181,221,117,77,238,120,55,189,46,189,25,47,5,245,149,247,102,220,194},{134,56,188,61,251,142,63,64,240,96,249,164,136,21,176,199,138,30,62,172,192,24,154,249,198,71,91,140,160,133,131,60,234,255,231,204,134,181,48,210},{63,207,136,84,242,182,171,248,54,3,214,139,249,101,80,68,164,9,67,194,23,247,97,185,199,192,19,232,239,118,222,199,159,41,221,59,132,122,164,59},{24,36,95,125,253,8,183,254,110,18,35,221,114,214,64,233,188,9,209,226,152,208,67,28,92,172,56,108,218,41,158,99,115,136,70,30,44,217,83,156},{160,171,168,72,27,201,0,214,25,149,205,103,97,194,124,106,189,7,60,203,131,227,201,18,236,64,62,113,219,227,208,129,211,37,207,60,229,69,45,223},{13,203,214,42,251,152,12,244,219,123,249,142,213,188,246,178,18,30,186,79,23,166,177,83,231,68,191,141,50,176,111,173,128,252,230,22,78,9,10,64},{172,45,40,31,96,139,112,2,118,110,199,232,227,206,207,129,158,222,165,154,3,186,248,68,108,1,177,193,63,125,16,11,112,234,78,65,38,134,42,174},{239,0,206,146,236,54,170,175,112,46,82,252,147,99,190,64,64,157,145,164,149,192,54,95,128,222,201,116,255,111,141,31,25,107,195,121,51,190,235,77},{102,25,238,255,84,111,86,95,218,246,44,4,224,113,254,24,17,252,159,42,172,207,58,50,197,130,42,199,115,185,109,151,84,142,140,219,236,104,3,23},{14,111,103,234,64,79,46,2,60,229,37,205,10,213,161,182,251,243,44,46,49,54,5,205,157,54,130,130,204,31,111,118,55,105,35,95,229,123,217,91},{124,102,243,32,80,41,127,95,122,78,135,173,65,104,247,114,65,238,162,248,67,184,186,252,194,99,120,223,36,174,115,220,243,185,247,207,215,223,203,36},{126,48,197,231,103,61,252,24,64,97,11,217,140,56,26,209,76,80,149,152,32,200,170,184,58,56,18,38,238,169,150,80,157,127,38,60,113,221,163,216},{115,207,14,234,14,202,169,138,0,117,136,130,1,8,216,86,22,163,224,146,206,223,134,220,181,201,147,238,98,253,186,217,216,235,228,210,146,215,131,89},{195,255,131,244,219,123,192,241,92,216,73,228,191,167,141,231,20,155,53,67,219,209,202,47,16,113,168,13,162,111,64,89,206,52,221,235,47,161,43,248},{76,243,215,35,61,242,189,67,70,84,215,192,197,69,135,165,80,245,222,209,92,125,34,211,211,97,156,64,54,240,21,1,50,126,105,147,214,2,181,129},{123,127,99,65,143,42,187,188,107,2,35,250,2,67,34,130,214,96,121,8,86,80,167,59,5,170,82,103,216,130,61,166,139,16,157,198,182,9,128,251},{35,116,208,84,73,156,255,229,207,144,16,48,222,15,32,197,9,216,96,246,1,97,229,141,228,94,72,49,199,167,44,3,195,151,251,176,29,168,234,86},{87,140,129,11,11,239,50,253,57,72,74,154,180,172,145,140,50,9,131,204,143,170,127,96,236,113,50,103,65,101,68,78,132,26,88,207,2,112,8,193},{82,178,31,140,210,208,216,185,24,242,126,145,142,178,47,193,168,87,81,19,169,226,179,235,17,182,233,103,143,58,66,137,98,233,98,20,235,54,9,250},{43,252,24,50,156,4,26,29,123,12,49,200,99,178,255,124,60,157,242,188,109,244,108,227,105,142,206,17,13,176,6,117,174,183,54,77,4,116,81,91},{21,132,201,73,95,67,198,128,213,2,23,150,57,64,46,145,18,221,153,219,243,65,175,180,249,117,170,96,49,54,98,242,5,142,173,182,207,88,12,192},{153,103,146,118,181,49,137,42,56,70,188,26,217,2,30,177,133,180,109,120,148,189,173,227,43,167,14,72,252,168,149,31,63,236,37,66,109,32,5,11},{94,42,123,100,244,152,25,169,107,154,99,236,1,237,139,160,75,122,203,236,96,84,203,142,1,116,249,241,139,121,213,67,87,107,130,248,95,232,179,155},{181,240,163,7,44,132,105,97,101,93,64,23,249,37,85,163,136,167,33,226,201,23,10,93,202,253,99,3,80,112,241,62,114,249,143,86,239,141,162,184},{105,67,31,54,152,148,141,27,184,101,208,156,2,9,165,34,63,181,44,207,172,49,254,207,224,166,18,143,198,106,196,119,241,222,70,181,88,112,89,254},{98,107,11,49,48,47,134,160,87,35,140,162,242,228,80,180,110,28,123,99,255,160,106,125,125,78,164,206,198,17,215,206,253,95,160,61,190,177,248,104},{45,136,127,3,199,128,74,7,114,221,252,22,238,39,44,208,80,198,30,69,34,154,83,135,52,138,82,174,204,41,0,242,151,145,84,120,68,8,191,14},{133,162,11,16,101,46,121,42,124,202,217,253,121,255,3,97,252,219,74,66,90,72,100,185,86,240,207,236,136,12,192,142,143,102,26,50,146,146,171,76},{236,35,88,24,153,81,226,240,226,167,223,252,79,218,110,149,65,0,6,61,93,214,124,183,250,23,46,33,53,12,52,185,93,75,211,211,250,6,115,11},{161,203,59,197,57,169,103,65,89,244,150,166,153,243,232,103,229,145,79,70,233,186,129,52,131,92,188,116,161,96,96,14,105,66,8,112,46,163,247,6},{181,72,91,14,242,215,176,210,141,106,185,22,186,162,164,78,212,230,169,159,16,36,118,83,207,20,224,69,57,39,95,1,1,122,254,154,212,211,224,220},{70,55,206,166,205,117,68,35,194,61,24,4,98,51,70,115,2,175,215,98,75,157,2,146,154,99,241,121,209,225,243,135,225,93,12,232,176,74,36,113},{130,92,138,207,250,248,254,178,29,110,194,248,154,170,104,4,42,153,198,189,245,2,246,35,127,249,103,127,32,95,234,255,124,203,9,137,15,222,179,220},{43,65,85,206,157,190,233,72,124,51,78,5,114,156,178,179,73,158,142,70,40,178,170,106,113,243,121,213,121,145,175,227,107,183,191,137,131,132,221,81},{87,197,31,110,94,66,230,153,34,241,41,18,68,255,189,81,100,189,227,166,142,114,146,212,242,58,147,81,243,205,182,167,186,233,190,154,83,254,70,239},{42,43,212,129,2,105,128,38,227,144,1,39,65,205,90,108,111,15,70,233,145,20,227,249,115,103,69,68,235,198,173,100,163,158,201,150,52,224,150,54},{56,72,252,87,99,139,128,233,92,160,4,19,201,179,215,228,149,128,104,191,172,253,186,5,127,213,117,35,135,2,9,4,37,159,80,11,171,43,141,55},{187,84,166,61,195,36,196,168,139,80,57,245,93,174,36,147,229,41,194,34,14,183,136,59,109,169,147,82,153,108,21,244,31,34,14,97,247,103,93,121},{79,157,233,142,52,59,80,216,140,32,146,156,188,106,9,248,4,124,24,166,185,220,89,70,250,164,21,114,85,215,140,85,153,252,50,234,117,229,141,95},{250,20,157,62,8,151,145,48,48,156,34,170,240,187,158,47,104,238,244,94,68,209,169,74,192,28,178,187,56,27,214,176,97,92,209,105,226,46,139,123},{133,10,207,101,216,132,152,190,117,170,157,210,159,11,60,19,53,74,173,255,155,162,184,179,207,69,171,155,14,96,145,182,238,63,136,26,86,77,208,131},{158,70,153,254,114,6,217,221,71,213,237,158,57,101,98,70,165,76,67,127,250,123,228,242,165,136,33,54,11,87,120,52,151,157,22,50,199,106,65,245},{58,183,186,1,137,38,241,167,236,144,218,135,100,123,34,128,120,87,226,148,201,10,159,146,154,38,93,66,18,153,153,41,92,87,210,85,67,222,5,82},{120,249,250,131,223,196,81,167,34,172,238,161,117,73,62,145,215,108,33,23,44,33,38,100,159,157,131,204,127,136,18,255,87,226,244,66,204,118,39,236},{59,121,46,176,21,120,5,55,62,233,148,133,109,114,146,5,96,210,166,126,228,75,109,38,98,66,142,29,13,20,67,198,130,181,79,89,147,145,73,128},{208,172,80,52,85,87,113,247,141,230,238,193,120,233,46,103,128,26,98,208,45,53,113,140,190,101,25,227,53,81,223,11,49,145,92,230,237,222,127,225},{57,123,213,183,13,209,100,112,112,1,71,158,136,251,76,148,242,85,72,247,198,252,240,96,155,137,237,198,105,192,158,195,250,66,141,36,121,249,159,221},{4,146,90,167,241,130,56,243,35,198,137,168,100,161,94,136,207,198,9,132,159,136,41,148,118,65,61,127,155,68,33,107,192,7,103,63,94,128,64,55},{249,141,226,18,205,109,43,71,146,216,141,157,254,55,231,116,244,64,92,190,28,242,142,218,97,82,129,78,32,218,58,177,8,202,197,195,136,218,135,59},{160,48,73,48,78,110,76,121,192,106,22,100,2,61,10,250,16,138,128,245,10,237,103,90,14,102,145,193,76,236,112,9,67,141,73,89,100,91,194,12},{82,227,165,46,168,25,78,68,43,152,65,164,75,116,203,141,145,141,60,179,49,218,82,133,49,124,119,189,56,65,199,167,2,25,33,207,71,25,97,161},{224,134,148,122,192,211,227,97,50,143,114,141,0,165,194,122,164,36,42,75,158,246,152,253,25,226,161,84,72,43,10,200,113,189,239,73,18,29,212,197},{92,108,190,121,149,250,137,186,66,75,41,245,56,206,91,249,108,17,9,199,164,221,116,127,211,192,185,40,229,242,221,219,24,112,12,217,217,75,135,52},{4,104,34,93,37,226,224,95,79,181,75,246,76,173,7,61,195,86,206,152,139,249,85,250,143,31,231,137,91,191,241,13,216,222,77,146,187,67,61,161},{116,28,31,100,95,157,69,255,116,246,115,47,161,27,162,231,19,113,192,135,104,88,53,45,106,218,150,87,221,101,229,226,88,109,55,33,244,130,129,58},{83,188,254,180,250,201,71,240,188,247,34,93,4,72,186,112,18,47,120,240,232,185,226,156,210,171,49,0,45,143,80,238,247,204,134,48,28,178,192,243},{239,85,155,236,127,13,18,144,220,238,127,216,207,96,149,143,125,178,132,236,83,243,250,182,189,29,234,129,109,48,209,102,129,26,49,200,130,194,177,159},{167,141,7,117,204,228,242,240,146,161,158,170,112,28,219,121,53,231,134,43,5,167,253,125,80,196,87,84,7,225,242,39,71,36,165,117,205,137,211,117},{137,137,95,153,198,163,33,103,176,232,4,170,251,88,45,50,130,127,56,39,12,151,13,94,207,42,51,125,236,191,132,141,171,125,142,73,19,49,176,36},{129,201,135,234,109,110,42,48,195,236,185,86,167,40,24,113,220,17,43,75,168,54,32,149,38,85,0,162,153,87,240,189,198,233,252,45,168,220,44,124},{118,205,144,240,240,13,15,24,220,241,1,178,252,69,195,55,221,106,129,68,110,58,160,53,78,171,186,80,180,130,162,217,9,97,66,17,67,226,91,135},{143,141,187,229,156,166,100,183,49,172,121,100,71,139,118,228,155,38,65,201,38,126,10,21,225,198,209,238,234,29,237,99,202,30,147,2,249,44,213,228},{52,54,0,62,241,208,69,87,240,223,247,71,221,88,200,88,236,90,36,253,243,94,87,64,134,130,149,172,223,178,86,162,163,91,24,139,56,241,125,36},{120,124,244,125,105,53,106,60,190,62,108,126,156,243,24,116,127,71,8,99,117,13,25,229,167,211,165,246,36,92,176,152,139,172,243,7,26,77,113,123},{131,41,211,207,41,126,106,28,238,239,164,36,176,177,72,225,179,39,187,43,196,21,65,226,158,157,114,157,126,236,170,94,14,72,254,185,195,226,9,252},{150,229,234,110,204,21,87,40,136,78,56,120,133,238,253,139,25,4,149,112,74,95,236,73,67,243,38,111,208,65,134,223,39,97,27,75,70,18,110,100},{177,201,62,244,127,177,61,120,242,202,156,66,137,35,239,104,1,119,154,195,177,144,4,182,196,238,178,41,209,157,234,32,105,213,91,153,134,75,93,125},{240,140,179,212,168,144,114,106,215,89,183,216,65,2,46,53,4,219,81,115,10,168,39,41,94,78,114,134,104,98,36,88,246,174,147,214,205,65,13,225},{181,146,173,187,199,219,209,228,126,137,40,158,39,74,46,136,58,182,183,6,1,174,26,108,194,151,29,129,220,170,204,66,184,160,241,17,136,40,215,218},{224,245,17,220,89,217,86,56,47,48,174,61,135,48,224,191,171,248,103,95,18,182,13,71,86,251,143,223,207,107,207,2,218,188,9,239,100,28,71,11},{95,38,240,87,116,145,168,222,198,193,179,175,54,177,35,246,234,121,119,227,209,121,10,22,196,182,238,168,198,22,68,216,196,78,198,197,165,26,7,13},{179,213,224,177,41,77,34,30,166,33,232,99,169,91,119,186,42,192,157,217,155,177,170,70,189,225,100,46,226,146,120,202,127,29,24,31,6,7,99,96},{169,145,163,164,150,180,27,222,79,12,19,38,37,6,142,4,196,215,18,85,43,159,37,210,64,213,84,15,182,199,144,192,109,222,18,65,166,126,62,105},{68,89,21,194,61,123,129,88,210,255,152,0,141,81,151,175,69,242,242,253,200,29,106,160,227,215,72,66,246,53,189,225,172,110,236,70,99,190,221,87},{153,179,227,126,55,221,194,232,42,3,29,156,17,73,47,220,84,249,215,58,135,76,242,188,197,69,183,74,129,155,185,13,63,107,74,206,124,74,215,187},{56,206,159,241,121,133,60,170,90,251,80,121,183,255,110,139,45,21,81,107,225,15,101,230,91,28,224,3,7,180,199,110,14,198,206,10,235,190,210,210},{177,93,37,92,195,199,229,50,45,216,69,231,151,111,93,119,145,135,53,97,167,151,170,112,23,50,189,35,226,220,206,241,218,187,250,212,88,45,120,0},{230,37,156,43,136,242,119,185,122,99,159,233,25,144,13,76,247,94,20,197,136,240,210,38,70,5,133,33,93,234,24,7,159,148,254,134,142,158,116,169},{246,194,92,173,155,180,102,106,132,155,82,64,226,48,203,243,157,4,7,98,179,111,151,50,205,221,125,134,66,43,179,186,42,38,155,86,44,178,223,142},{233,252,240,21,37,142,67,13,13,226,117,4,102,229,81,129,30,125,76,64,161,164,233,101,55,209,138,164,213,189,48,158,23,127,194,49,216,218,149,206},{36,132,70,119,202,20,218,73,202,247,233,47,228,213,145,108,3,12,65,26,67,254,211,250,177,22,141,151,9,44,54,255,27,134,60,230,38,107,23,24},{193,149,123,65,180,79,107,25,77,61,198,35,255,28,28,236,105,53,213,215,0,188,92,71,29,38,75,235,98,9,159,47,222,14,195,12,85,194,206,253},{158,55,28,2,42,90,6,3,44,255,71,201,49,24,246,208,34,186,31,145,207,224,91,132,167,54,32,51,102,166,57,208,105,105,225,169,75,155,144,15},{120,226,127,163,148,168,54,48,206,242,162,4,107,123,59,5,66,65,228,198,81,183,59,72,177,10,196,235,183,39,123,187,134,69,65,8,214,214,50,18},{94,121,39,198,9,236,211,63,69,149,119,44,42,250,243,66,210,237,9,167,171,26,76,140,33,169,127,33,220,86,120,168,72,6,67,201,197,144,138,230},{160,126,35,185,2,15,217,7,138,155,75,189,183,67,28,73,164,5,179,44,149,234,215,184,19,37,97,13,59,232,92,164,70,210,33,176,110,221,229,68},{135,144,170,60,196,103,254,206,52,0,152,91,69,16,198,233,241,74,59,6,12,172,3,38,90,27,109,163,190,121,215,206,64,34,47,138,189,48,191,237},{134,19,120,225,252,13,150,100,146,117,168,135,85,34,1,235,2,9,31,14,207,176,199,176,28,239,229,14,126,18,150,131,154,129,194,169,40,196,63,89},{231,121,30,95,68,18,228,66,211,166,33,6,137,80,149,32,196,39,233,241,0,87,120,5,251,133,215,247,206,201,134,184,199,28,53,184,138,193,208,193},{47,210,135,85,20,49,27,90,73,64,25,69,46,11,182,119,104,89,96,98,7,5,67,136,165,97,212,75,154,148,7,201,216,164,50,137,214,152,128,134},{182,226,64,27,243,16,203,182,188,152,83,123,91,40,202,148,169,146,173,13,48,196,106,105,244,244,190,166,135,19,83,120,85,151,154,105,8,139,50,72},{190,66,135,249,151,242,56,69,52,215,191,108,221,13,123,59,31,238,16,110,196,173,212,173,249,98,166,242,231,230,122,101,180,8,125,197,190,121,93,52},{115,235,79,95,101,20,252,50,3,53,139,193,26,187,220,220,126,228,34,134,129,94,208,224,51,144,237,223,117,72,158,84,217,94,22,54,238,42,29,218},{82,218,216,234,217,140,203,211,148,249,7,243,95,240,253,232,227,224,90,46,235,225,142,212,224,89,77,96,216,105,192,127,58,154,143,77,241,190,69,204},{167,20,140,196,69,102,144,59,156,91,253,81,205,67,7,210,29,144,255,78,61,149,31,195,76,168,65,107,243,101,138,51,41,222,185,168,208,166,235,38},{134,88,38,24,171,108,128,210,110,122,57,143,218,49,66,8,52,121,92,177,251,143,163,201,179,207,117,230,219,254,249,138,48,80,71,116,123,126,210,105},{206,45,125,167,206,154,80,76,18,255,200,136,69,153,228,4,149,172,46,24,83,118,146,139,103,145,213,164,227,189,194,7,163,227,237,241,137,110,132,176},{205,162,201,89,250,230,185,253,1,24,137,221,223,154,109,9,44,165,17,83,123,120,130,128,31,159,32,201,163,25,80,219,220,43,145,11,45,14,198,49},{219,173,234,208,62,142,6,140,88,232,210,107,224,250,180,238,12,83,21,104,254,148,31,65,19,224,195,148,11,70,47,0,43,17,168,28,163,138,63,44},{76,142,178,212,152,179,190,194,11,149,189,139,211,68,229,180,220,114,252,113,75,164,141,99,158,168,248,140,166,95,163,129,235,55,54,70,114,119,205,213},{112,50,105,56,73,15,213,48,119,33,84,12,2,104,28,188,235,71,203,146,231,236,227,253,214,7,38,202,240,1,192,193,105,217,125,227,186,27,208,134},{69,44,19,47,219,175,129,112,20,205,207,105,201,20,202,120,62,172,231,186,169,201,131,174,21,172,208,45,117,228,18,136,77,109,208,58,100,142,149,64},{195,125,89,146,110,20,105,241,21,20,239,119,80,177,85,227,17,210,204,8,194,167,114,193,195,9,5,152,103,242,74,166,193,192,201,252,116,213,25,116},{181,167,202,139,54,127,65,253,194,145,231,154,95,12,70,241,24,50,88,38,134,189,10,158,178,117,237,164,195,240,125,239,42,39,61,173,50,56,184,125},{29,109,197,128,129,22,225,162,36,238,229,7,146,48,192,39,152,102,26,165,90,154,100,148,2,5,179,67,137,35,61,33,142,54,156,40,166,67,211,94},{53,221,164,171,21,227,63,218,13,23,71,183,14,37,196,141,118,7,20,213,158,194,167,167,78,100,89,161,48,166,146,165,233,95,128,68,146,97,244,108},{208,90,8,8,246,121,178,27,155,167,119,162,166,208,73,125,245,238,73,92,255,212,2,228,53,53,36,224,213,74,187,76,4,186,76,1,102,85,190,146},{210,26,80,44,188,114,46,66,13,98,170,89,137,200,239,102,219,61,158,217,92,14,89,219,11,185,122,132,33,199,224,164,255,101,167,173,154,180,193,115},{228,16,28,25,102,155,96,64,104,211,89,150,114,8,159,45,206,224,63,169,111,244,19,91,238,93,118,50,27,95,168,164,4,134,141,46,14,58,227,97},{218,252,62,131,109,43,34,132,131,87,194,179,101,26,24,122,213,161,165,122,155,10,41,75,162,9,204,160,78,16,120,86,37,91,234,16,212,133,64,130},{15,184,250,81,102,80,17,144,231,89,157,14,75,94,121,245,33,218,39,45,131,216,250,148,165,38,131,166,130,49,170,113,227,78,60,160,164,80,250,11},{201,207,169,168,204,46,159,248,189,230,197,142,136,241,150,149,41,130,5,223,246,208,172,40,10,15,36,253,134,165,102,64,236,100,12,9,101,157,155,190},{186,112,32,32,105,218,214,9,251,186,89,208,35,75,128,93,151,210,223,102,249,228,133,106,133,85,38,139,198,154,226,248,197,138,78,147,115,124,113,207},{0,77,242,78,53,17,224,83,203,132,113,16,155,150,41,220,252,79,152,42,132,119,43,208,203,8,136,4,238,28,186,190,150,173,134,48,201,226,84,38},{27,212,127,181,193,112,230,86,151,14,2,242,40,201,228,115,191,9,120,185,203,213,40,8,170,203,48,169,108,163,16,28,133,47,211,232,225,216,168,206},{242,20,23,221,3,111,195,255,243,114,216,205,188,143,179,166,98,76,30,44,247,106,74,224,177,6,84,227,137,21,179,253,97,76,110,23,137,52,29,83},{235,38,49,223,235,16,183,144,233,216,198,91,161,199,139,175,201,242,206,156,209,222,221,155,52,142,100,4,197,167,6,120,25,194,5,47,252,17,81,156},{228,208,46,11,180,67,136,1,244,201,205,168,213,52,206,91,231,208,67,179,98,244,111,124,113,149,248,152,81,235,234,239,181,233,48,101,44,229,183,109},{117,70,91,107,224,236,231,142,123,149,2,33,87,232,127,9,143,152,15,20,15,174,151,110,95,93,169,168,110,97,92,248,173,140,225,240,244,112,39,244},{205,233,173,169,194,110,141,32,26,216,183,243,207,84,8,208,241,22,78,19,75,10,21,132,3,110,138,122,187,129,62,199,113,246,218,11,69,239,245,54},{12,230,230,130,36,72,251,45,199,185,186,28,105,175,66,113,214,240,20,137,117,101,230,122,171,3,177,247,212,44,145,80,250,232,116,231,106,93,75,227},{89,80,229,140,114,107,3,122,199,230,214,75,221,244,253,38,87,63,210,33,182,50,77,166,67,176,188,14,201,178,100,157,219,92,240,138,133,229,72,116},{163,140,200,119,76,103,73,74,77,7,138,126,173,145,122,225,68,173,206,243,99,196,37,115,64,176,204,220,6,77,167,143,81,37,6,148,156,225,197,240},{229,101,87,43,105,59,102,238,192,107,206,60,53,196,14,186,29,42,116,64,88,212,87,66,135,80,203,27,106,47,36,60,25,118,105,87,198,124,191,141},{145,19,146,52,26,86,176,127,22,255,40,136,3,62,95,149,77,65,29,158,20,43,82,101,90,140,162,239,152,201,11,111,176,39,214,240,101,161,255,212},{86,169,136,165,118,241,61,170,68,75,234,113,36,210,181,92,152,130,202,232,212,165,54,185,161,27,237,166,172,43,74,5,246,165,51,130,119,8,83,89},{172,38,126,206,151,157,66,27,117,155,156,66,191,107,72,180,89,4,117,42,255,221,71,243,236,45,92,247,102,152,172,81,211,223,171,252,137,59,170,9},{161,78,254,161,11,141,70,4,138,176,25,230,81,38,251,142,64,7,235,212,165,48,233,43,206,100,224,117,207,77,231,34,123,48,5,147,83,54,195,250},{170,128,1,91,96,214,111,247,115,9,59,43,237,33,221,204,65,203,49,168,23,207,209,235,241,218,140,135,98,15,39,36,14,201,28,3,45,190,149,13},{130,21,66,177,246,85,157,76,173,56,55,91,107,110,46,21,97,131,48,53,177,232,122,92,149,188,51,202,103,121,125,246,45,197,122,220,50,206,30,129},{112,207,149,126,28,33,23,179,213,125,114,4,156,239,195,123,36,224,72,92,118,51,110,226,212,181,103,196,196,232,201,163,19,65,135,188,224,134,135,31},{195,39,194,139,249,217,24,107,145,83,71,46,200,192,117,84,215,226,32,239,41,208,240,43,132,74,196,36,157,159,97,32,242,60,168,29,81,128,139,188},{133,71,77,38,223,33,73,115,9,110,86,197,55,153,109,146,210,252,123,124,214,1,116,123,129,27,130,80,19,84,197,90,163,171,137,208,15,228,79,181},{155,48,174,224,163,127,188,67,104,247,51,219,37,135,138,144,115,104,74,58,75,87,30,20,191,96,162,146,171,99,214,247,227,129,246,30,77,65,93,180},{171,235,194,29,203,153,194,239,98,229,45,55,18,205,223,63,7,100,138,223,215,4,154,162,219,76,29,174,113,205,221,168,106,71,2,197,255,28,200,250},{192,28,52,253,8,99,119,122,137,35,2,205,151,192,107,235,97,179,91,85,195,29,239,146,107,252,169,120,222,182,5,212,80,195,215,49,154,138,42,240},{54,158,142,113,255,34,127,69,89,27,1,84,140,229,234,188,210,168,175,191,169,248,129,115,42,241,19,186,218,186,20,185,64,156,230,100,171,88,21,4},{2,255,164,87,143,90,216,176,213,66,202,82,198,77,188,253,234,118,196,119,74,130,190,228,69,243,177,27,211,125,138,248,228,100,52,24,242,121,164,240},{177,158,96,70,194,120,6,214,92,223,42,111,216,206,19,200,241,140,19,116,91,2,244,222,194,252,205,249,205,60,118,23,83,230,250,14,246,160,36,220},{190,62,237,196,60,173,88,216,209,253,16,69,124,254,197,128,6,164,252,124,68,210,116,216,196,204,80,126,5,47,123,148,142,101,252,161,92,170,217,191},{73,56,5,179,91,40,192,93,181,166,183,127,140,244,212,168,38,44,198,52,210,112,109,193,222,72,51,76,78,118,4,193,183,150,242,237,217,252,80,245},{203,200,170,159,28,184,63,0,146,169,33,47,114,68,171,107,139,140,146,109,108,126,55,29,62,67,244,61,152,51,192,211,115,1,37,76,160,15,214,18},{23,213,116,14,212,126,253,19,195,159,76,134,194,43,116,33,226,110,198,231,64,185,87,173,127,100,25,216,223,5,122,244,87,5,75,81,8,135,82,30},{171,197,65,47,150,224,64,104,157,25,117,140,95,225,71,31,237,194,151,70,83,128,13,97,151,72,173,181,41,175,59,234,105,233,146,67,24,86,239,19},{80,33,214,132,25,32,10,169,16,125,155,236,66,249,78,218,27,236,101,52,18,159,170,129,3,105,58,29,12,254,202,213,188,136,245,182,95,175,46,120},{0,251,62,38,84,193,113,36,126,0,197,249,132,212,223,79,178,249,70,55,6,216,188,70,159,81,58,188,70,11,179,137,46,205,110,90,67,194,42,238},{67,210,113,183,86,179,45,53,79,55,46,58,12,224,126,86,14,180,87,132,41,154,35,108,23,42,46,250,16,88,81,245,129,139,96,80,175,196,202,229},{63,235,182,68,96,116,51,19,131,48,21,149,126,131,167,120,16,68,100,239,44,243,146,42,25,253,163,126,50,217,44,48,33,204,158,61,174,158,84,209},{145,179,209,16,134,243,172,245,255,74,251,244,223,239,177,160,37,35,30,134,54,41,148,140,205,185,165,0,236,214,11,157,78,202,194,109,74,50,18,32},{7,5,191,218,250,87,24,68,143,228,229,72,226,148,176,36,146,102,72,206,121,111,10,104,211,98,94,17,198,133,30,222,26,150,103,102,254,230,151,102},{125,245,152,56,232,237,17,4,45,34,230,114,129,91,39,187,129,246,147,185,133,112,3,44,144,252,122,92,178,132,250,87,179,188,140,122,254,245,53,137},{174,9,101,236,3,87,213,194,139,30,9,105,116,85,167,132,132,75,97,60,210,102,54,16,17,88,77,98,216,208,241,225,75,170,211,184,232,169,29,95},{164,156,68,89,89,255,50,173,80,165,211,242,214,153,174,89,217,45,8,209,222,3,251,222,150,230,65,166,236,42,94,222,179,192,98,77,33,207,184,211},{210,19,88,142,9,117,225,172,189,88,74,47,155,172,25,8,183,136,226,110,236,181,81,248,202,163,197,247,234,218,103,128,78,194,109,92,187,86,38,0},{157,2,125,239,194,29,182,109,176,174,137,241,147,91,29,98,55,252,236,190,191,234,74,111,165,59,51,199,139,175,198,254,92,166,183,174,157,159,207,75},{127,189,134,80,44,6,53,55,147,25,145,159,130,254,58,154,254,26,84,212,234,90,150,164,117,3,247,15,61,52,79,75,107,15,93,149,241,212,147,146},{51,54,63,143,248,93,58,155,110,234,228,156,84,69,2,180,246,141,201,187,168,105,144,59,98,149,242,169,110,225,181,56,134,210,100,102,34,203,206,76},{3,152,200,74,134,133,119,93,112,25,211,164,90,157,227,142,32,194,88,204,56,242,62,111,161,188,142,10,252,93,167,213,238,55,214,227,163,106,86,33},{83,51,195,21,230,78,107,170,179,49,77,113,121,107,47,145,17,93,202,202,195,229,239,234,7,156,252,50,225,42,20,57,106,42,132,65,253,86,121,71},{233,56,244,251,15,45,166,101,80,123,228,85,23,198,249,56,46,242,15,68,193,88,34,232,127,104,46,177,131,201,186,100,30,97,226,186,98,223,86,255},{236,152,36,87,170,30,198,78,176,74,123,27,199,132,149,199,208,79,212,104,140,237,11,184,54,213,52,222,188,37,49,198,98,0,45,63,156,152,220,72},{195,118,110,165,68,14,153,64,14,201,245,120,214,9,139,37,37,255,229,141,215,65,231,254,148,218,103,103,39,238,162,240,175,132,197,223,238,33,32,198},{130,227,237,95,160,175,149,255,243,37,159,129,72,226,162,161,37,203,159,126,207,177,199,246,189,246,22,167,221,146,62,37,107,171,19,26,26,102,126,172},{49,226,179,183,221,78,78,177,41,83,179,165,220,90,247,94,156,7,231,253,202,237,243,137,102,45,23,39,67,126,153,0,224,236,44,180,7,229,136,12},{102,217,182,205,192,159,40,32,183,170,94,240,241,141,120,16,103,205,135,185,217,128,71,140,57,60,114,82,198,24,234,210,19,191,39,240,128,182,24,108},{19,41,217,206,60,247,173,83,187,4,83,39,246,95,93,229,214,206,243,231,118,47,61,67,221,118,149,123,75,102,116,234,163,206,163,82,138,252,186,43},{94,139,78,154,198,109,211,192,251,212,89,59,202,136,97,18,235,66,192,194,66,42,75,247,170,207,200,197,228,229,124,253,64,248,241,114,150,219,79,152},{135,12,126,138,58,68,129,115,166,93,124,52,158,6,241,179,215,229,244,52,118,159,162,62,108,8,45,215,63,198,149,73,35,202,218,209,63,183,249,208},{0,53,158,242,20,63,190,140,36,181,235,8,8,90,169,237,217,67,242,81,97,79,61,215,91,74,167,178,34,193,132,249,38,133,106,66,193,32,239,202},{102,38,239,113,137,195,215,173,227,161,17,187,144,83,191,24,111,113,36,120,62,9,207,7,165,210,25,241,3,36,178,131,145,123,192,230,254,81,97,115},{187,108,228,68,65,128,148,1,65,120,61,231,239,107,214,161,34,6,149,14,255,26,66,3,2,184,82,114,98,225,83,219,87,173,65,190,199,96,147,213},{130,254,114,82,1,248,255,239,233,38,41,247,236,91,13,185,222,104,81,161,46,144,45,238,224,97,146,225,99,191,22,45,130,123,234,12,126,98,130,230},{100,59,233,101,70,159,160,47,245,19,177,52,82,4,160,176,196,45,82,127,155,16,66,86,133,108,228,168,3,173,38,64,165,214,16,42,253,15,83,117},{233,22,179,76,0,233,230,127,31,87,150,118,168,50,200,29,124,187,36,115,172,28,57,243,130,253,234,238,145,177,255,121,162,43,70,151,161,251,115,15},{63,168,205,195,210,40,100,16,199,141,145,248,99,63,117,51,126,169,170,214,93,155,106,186,200,212,233,110,171,255,64,35,51,40,127,243,173,179,85,105},{209,157,151,241,117,89,239,48,144,233,219,112,14,186,59,43,175,156,142,10,150,14,22,41,212,219,54,75,188,226,32,214,169,188,116,15,90,111,11,126},{210,108,99,178,245,27,188,198,49,245,89,117,0,83,159,127,128,51,24,240,48,198,101,196,36,41,41,245,51,117,235,6,150,232,127,17,99,208,154,108},{241,62,10,122,29,139,206,251,196,157,56,173,223,234,184,146,54,128,23,105,45,81,21,172,87,187,80,15,8,56,104,125,104,124,184,131,6,147,200,179},{196,84,139,90,65,183,116,178,13,235,134,78,48,166,31,183,141,212,95,211,199,188,45,88,123,255,173,204,1,87,106,123,132,142,222,60,62,6,89,202},{233,25,159,120,4,131,93,68,207,33,80,16,227,81,228,9,70,60,245,36,9,30,92,61,179,179,157,196,189,231,138,253,51,99,213,116,102,212,45,86},{255,29,155,227,222,204,226,155,16,200,98,17,169,153,11,238,227,179,207,209,136,22,208,115,114,220,117,74,52,222,27,47,103,44,164,34,227,78,19,132},{65,169,63,25,23,87,127,204,13,142,202,43,43,148,222,185,52,239,30,119,81,231,104,48,185,3,186,147,8,237,120,148,53,52,163,246,67,184,88,220},{98,0,24,60,93,27,251,106,15,58,22,150,21,0,231,196,67,189,99,165,83,235,163,28,134,180,149,104,215,53,61,130,253,200,38,252,44,126,248,86},{139,181,185,56,104,46,28,113,25,141,193,158,90,38,80,95,168,49,134,44,175,133,177,248,156,185,102,49,55,187,91,208,39,9,95,208,72,11,11,254},{106,127,18,89,155,98,151,152,0,6,207,229,231,149,155,105,129,255,11,32,59,226,113,81,228,156,213,203,62,81,120,220,242,244,0,32,137,203,180,14},{16,22,155,178,37,100,101,145,89,228,154,20,111,180,180,179,5,197,195,26,164,216,45,54,100,180,166,179,4,159,179,113,251,61,199,21,21,226,204,69},{241,153,95,159,150,149,177,33,79,246,81,180,176,136,203,253,194,187,254,219,133,230,72,113,123,17,79,184,208,120,250,135,92,82,48,207,0,207,4,44},{109,45,80,100,33,181,189,95,97,184,103,212,206,170,107,199,164,108,205,170,21,107,139,237,66,43,95,121,77,249,146,13,170,85,9,201,225,157,85,133},{0,88,111,136,15,22,220,10,120,9,217,221,230,108,56,48,95,35,195,53,185,93,48,214,245,86,206,134,8,131,233,70,127,100,225,228,220,93,169,198},{27,95,176,231,15,117,129,224,173,180,5,148,88,181,82,240,187,176,171,206,152,197,33,208,157,116,27,206,68,123,169,170,180,243,239,253,246,66,88,91},{75,104,80,126,107,27,194,14,101,124,97,54,204,13,17,227,71,185,231,160,175,25,225,178,96,186,117,185,103,23,108,220,143,161,176,105,184,172,117,227},{63,63,14,121,167,116,151,58,81,153,218,128,24,48,102,99,38,51,170,33,46,252,211,157,119,26,145,129,252,96,251,114,180,138,75,71,177,179,7,68},{18,112,104,47,241,194,117,51,57,4,241,18,193,191,254,211,25,2,26,80,225,135,165,7,233,11,50,182,179,161,119,114,169,243,15,12,185,32,26,1},{170,183,217,109,45,184,149,112,51,227,64,221,169,227,37,171,82,183,111,169,199,147,75,237,120,68,233,215,7,198,93,123,200,125,202,107,30,82,9,48},{34,214,4,181,120,28,31,44,180,188,75,78,125,135,29,81,110,58,30,64,112,210,160,190,213,182,168,178,82,13,172,251,115,67,126,108,148,178,216,158},{229,30,59,186,179,83,78,133,162,184,94,174,71,58,194,115,238,136,116,45,103,214,211,69,201,219,158,84,17,124,74,162,159,127,155,200,159,38,73,139},{62,145,118,211,188,252,118,15,88,179,205,95,207,40,231,175,207,100,60,116,230,229,71,43,146,169,92,148,15,27,50,176,161,102,43,233,69,128,145,215},{198,91,205,219,100,250,42,171,161,214,73,149,200,93,46,232,165,110,249,57,50,170,14,63,50,131,66,128,148,173,151,109,116,124,171,65,16,99,253,127},{44,157,146,12,19,181,92,5,115,118,57,78,34,66,138,2,166,132,213,63,246,249,93,81,159,243,153,1,82,136,38,151,9,189,118,108,148,33,42,214},{206,200,131,7,56,138,163,250,241,47,113,38,202,104,155,118,236,99,8,123,163,133,103,190,250,153,133,174,234,122,199,36,137,30,198,191,82,114,156,186},{3,185,65,73,135,244,199,143,88,154,114,72,142,194,3,157,109,195,138,145,227,217,116,173,147,126,160,54,154,158,155,207,144,35,116,132,35,32,71,3},{253,174,1,1,100,112,132,122,59,164,169,104,225,40,84,138,242,82,20,237,51,106,168,35,204,21,253,137,219,7,216,77,123,95,240,105,69,11,7,128},{190,132,31,99,47,53,74,126,109,72,30,37,77,112,71,220,109,62,74,72,141,214,133,150,76,46,102,222,220,54,128,216,50,85,71,194,2,45,147,161},{143,147,55,207,250,129,126,146,79,253,245,179,77,70,151,103,92,135,221,153,251,4,162,109,155,9,141,215,184,69,118,185,223,85,73,187,61,198,79,134},{102,157,158,12,59,243,251,223,74,68,149,160,170,182,139,145,94,240,59,134,75,53,194,66,148,111,70,200,234,185,121,88,49,14,31,165,74,37,189,152},{51,22,220,180,177,208,106,57,70,34,77,68,138,130,236,227,64,21,22,111,116,13,10,134,32,160,179,21,152,115,203,99,173,103,68,118,21,81,212,199},{199,149,80,255,189,30,128,214,69,50,7,118,203,203,7,62,232,54,109,149,220,14,75,32,90,155,213,179,101,0,43,112,165,55,50,235,217,110,217,167},{209,8,14,96,165,82,144,21,24,101,252,216,3,215,48,247,64,147,109,98,159,128,208,173,9,178,137,126,168,253,53,243,65,81,155,91,93,169,207,39},{190,245,153,140,83,163,244,171,237,42,238,85,185,124,115,241,54,198,212,132,20,173,195,147,229,136,218,39,160,199,61,176,165,86,200,113,187,151,0,62},{214,3,107,108,214,28,0,246,170,91,255,166,12,50,167,214,31,254,196,32,181,254,31,241,56,86,234,46,93,190,231,140,187,71,2,44,253,200,33,237},{19,48,217,53,101,112,197,190,67,10,205,86,67,173,135,121,108,14,144,103,171,250,82,210,210,214,119,158,5,185,128,124,102,55,173,22,211,113,69,0},{24,217,134,26,188,155,55,55,133,202,23,239,246,146,146,226,115,254,19,224,206,79,136,182,211,143,20,214,239,185,161,134,119,162,34,96,226,17,193,232},{57,50,146,187,218,107,5,94,146,116,160,187,36,38,101,172,102,24,169,194,204,54,245,107,130,78,8,122,172,246,165,217,191,142,81,107,161,166,118,145},{153,17,245,174,203,24,170,136,184,63,149,3,181,240,77,241,212,12,88,24,217,31,66,33,172,210,144,20,160,154,6,87,138,206,240,226,72,125,193,69},{133,64,246,53,57,183,176,6,93,117,42,197,124,159,170,243,189,169,177,126,202,180,45,134,180,219,198,76,158,76,91,56,133,211,252,102,67,126,40,179},{87,233,146,223,99,134,60,133,134,136,123,177,67,91,99,254,205,170,72,194,6,180,158,47,212,87,214,89,155,168,222,87,99,210,76,94,204,135,115,145},{114,183,165,251,121,243,248,208,79,154,149,16,47,248,255,86,43,149,88,120,57,190,187,139,38,242,112,62,79,98,187,190,19,91,239,52,11,82,77,56},{183,120,44,227,172,39,210,163,231,11,60,126,47,219,211,199,142,254,163,219,255,81,166,203,35,170,209,195,170,187,212,117,12,149,110,204,136,51,174,224},{163,30,106,17,137,188,137,239,92,255,122,85,10,209,56,39,218,203,153,147,203,187,175,135,153,10,233,13,102,78,215,78,185,193,47,82,63,30,175,46},{11,78,247,32,234,196,87,4,17,105,59,61,78,41,48,142,208,46,139,79,167,96,181,164,11,238,171,31,39,236,142,73,250,53,39,181,161,17,180,30},{218,196,148,5,60,50,159,75,75,56,198,208,69,76,155,212,199,4,13,0,242,116,139,119,253,9,76,56,109,185,11,121,99,32,79,143,248,162,8,198},{213,47,233,122,166,190,55,212,184,165,157,33,28,230,7,205,80,125,90,156,178,245,71,4,254,75,146,71,107,144,243,166,38,247,25,237,185,45,92,218},{86,38,252,255,100,91,197,91,227,53,175,219,207,228,14,224,171,38,22,156,59,100,90,28,41,7,241,36,63,184,2,61,131,228,249,104,110,14,125,241},{194,187,95,54,77,248,159,73,136,5,52,170,45,212,175,6,4,174,110,13,204,170,199,175,132,231,57,46,32,227,242,14,35,76,152,106,59,186,61,139},{26,70,65,67,51,140,134,80,218,36,28,38,180,13,159,103,34,153,193,134,215,89,165,35,12,217,225,161,63,6,153,232,80,123,77,37,119,172,50,245},{0,233,57,104,21,185,73,132,205,91,247,25,178,28,22,3,126,201,4,186,96,223,11,199,210,188,247,39,40,143,39,116,201,226,116,130,251,183,203,207},{213,233,161,198,247,216,68,112,154,48,140,187,121,65,102,82,75,204,8,13,118,5,251,37,237,48,241,32,241,89,253,61,97,138,216,228,85,180,247,140},{171,94,8,57,5,75,23,169,32,156,216,92,56,186,246,33,175,150,57,209,43,65,106,67,117,243,98,170,191,130,48,127,166,30,174,26,218,47,216,205},{225,176,177,76,75,225,248,139,164,28,211,248,211,19,102,150,23,33,1,248,86,49,1,0,120,173,98,193,154,27,239,189,171,224,135,10,119,71,79,187},{65,61,201,93,141,95,9,64,24,51,73,163,146,4,91,71,71,104,42,129,222,182,155,156,215,126,239,58,87,223,143,135,53,63,151,72,164,3,169,132},{74,232,58,172,94,56,217,204,142,29,122,80,99,155,64,67,239,219,138,43,135,112,249,226,144,145,200,74,50,64,191,107,164,23,209,108,198,251,17,185},{111,234,9,45,32,168,220,198,249,252,62,231,192,155,183,50,32,69,221,126,255,115,228,16,166,195,240,169,25,203,148,101,194,216,99,95,15,173,180,179},{47,68,57,229,122,214,249,115,107,250,136,69,248,36,195,158,63,127,212,65,14,24,37,128,86,110,168,108,194,244,182,122,85,240,179,177,179,75,223,38},{171,253,172,83,23,160,137,84,206,231,91,27,59,116,200,79,37,83,173,9,187,146,39,59,245,101,70,138,119,48,228,23,128,137,81,239,95,17,123,157},{190,152,175,38,176,54,41,146,155,55,215,238,228,254,149,48,157,111,120,114,130,137,62,218,195,175,181,8,198,37,214,0,98,125,218,95,70,83,74,112},{106,30,2,70,1,252,181,145,30,175,200,40,222,54,112,51,67,113,125,154,242,169,67,248,202,60,47,120,237,0,135,223,139,99,112,116,91,99,214,127},{100,120,67,222,233,23,206,124,105,173,124,191,161,40,139,143,205,127,162,151,182,8,251,120,211,160,170,83,246,94,207,221,162,118,229,83,206,150,0,171},{11,84,202,5,231,140,233,226,62,229,167,111,107,240,123,1,193,116,179,156,67,71,30,49,199,60,193,141,97,197,56,224,103,224,66,245,46,163,160,235},{197,5,158,97,52,83,239,38,240,7,241,137,215,36,221,223,91,37,40,104,228,213,215,41,30,45,51,93,193,141,206,255,191,54,96,64,132,113,6,19},{12,58,137,20,114,252,60,205,99,245,246,150,195,166,136,206,40,162,5,3,115,117,38,166,28,113,71,183,60,1,66,87,206,246,219,27,23,197,15,208},{93,205,56,189,97,38,254,188,190,181,165,147,99,34,44,170,238,132,234,84,123,253,105,30,139,76,219,51,33,48,23,200,240,188,109,1,241,7,19,250},{227,13,133,111,218,162,39,249,109,122,90,189,254,182,98,93,35,75,166,206,98,220,124,107,10,16,215,242,72,175,2,165,184,77,232,139,70,191,177,5},{142,199,124,226,194,165,163,70,123,228,34,126,27,18,202,202,153,34,50,121,222,135,178,116,138,40,37,144,4,12,20,165,84,123,34,94,218,37,0,202},{16,248,220,120,210,128,226,41,209,213,242,167,18,248,55,49,102,88,174,77,32,186,233,19,109,100,120,56,5,127,231,255,169,58,154,147,167,6,79,200},{117,178,60,68,80,187,198,255,44,219,76,215,135,230,13,243,254,146,51,214,82,82,156,114,231,62,74,53,215,102,77,197,186,221,80,154,192,91,41,137},{232,171,22,227,121,198,171,109,244,255,170,2,88,60,106,177,0,36,69,153,21,26,171,150,187,247,240,156,132,119,10,91,74,69,161,131,42,245,38,203},{130,0,232,108,10,138,228,190,173,25,132,108,82,91,23,98,223,244,1,186,202,31,240,13,154,226,243,20,191,204,127,49,20,133,10,186,214,172,114,164},{150,224,95,99,38,100,225,146,94,122,135,89,168,82,249,147,226,63,65,167,121,29,111,211,43,68,5,116,217,93,125,138,41,10,74,192,201,255,54,14},{200,188,248,68,88,27,106,49,65,21,250,31,175,251,143,192,71,133,102,4,118,62,130,169,112,240,145,19,120,104,186,34,104,11,127,154,235,80,214,116},{45,247,150,5,221,168,54,113,165,155,58,131,17,49,121,233,135,26,206,30,78,52,49,253,184,208,248,180,236,186,168,213,125,250,108,152,89,83,133,103},{173,183,223,143,167,184,190,92,127,189,253,127,31,32,118,51,171,23,221,182,147,99,246,121,10,109,15,154,219,151,196,179,210,121,189,45,28,181,177,212},{191,180,215,214,245,186,85,160,144,5,215,75,190,17,61,255,137,126,45,88,65,108,196,67,118,217,204,9,53,202,236,201,86,67,98,164,45,183,123,215},{79,197,161,79,212,24,13,213,151,76,166,196,21,167,182,174,70,179,136,140,248,103,88,198,90,245,86,144,113,66,211,158,51,79,242,92,222,18,77,247},{90,252,168,91,216,108,107,179,8,160,224,247,212,143,117,106,142,39,64,116,92,160,150,44,140,159,185,225,27,3,144,30,239,37,55,147,81,5,150,162},{46,61,174,174,87,124,172,228,84,79,49,114,182,109,190,26,165,85,72,81,138,35,230,64,42,44,29,70,250,55,247,43,21,39,200,134,2,5,145,214},{254,112,177,167,61,161,129,180,203,110,28,93,117,65,159,151,171,33,115,125,155,89,195,7,213,212,84,151,160,101,185,161,0,175,19,217,23,110,202,189},{220,89,36,102,137,99,174,246,125,188,208,231,123,143,127,233,254,79,60,200,118,115,13,56,40,81,65,63,198,92,133,149,142,145,128,242,124,0,40,69},{36,46,217,20,201,82,180,44,92,213,244,129,244,13,103,124,218,147,136,218,209,39,105,99,38,96,83,188,157,89,34,73,58,8,99,123,166,188,90,179},{70,224,173,26,162,81,241,113,101,69,125,241,234,45,171,137,32,231,65,44,149,46,51,215,69,249,96,67,250,123,168,89,175,100,68,55,113,103,250,215},{23,198,250,90,97,46,131,90,206,130,116,72,176,33,187,94,12,237,183,15,244,145,205,36,190,246,149,172,31,37,129,17,52,168,16,90,179,138,124,240},{175,70,161,87,165,40,130,254,172,69,124,14,60,100,133,199,170,226,193,120,177,7,105,118,95,11,222,113,99,188,108,7,121,12,169,6,103,97,229,89},{219,130,190,209,92,184,122,120,178,179,61,85,107,3,136,224,233,5,202,119,134,50,114,88,50,113,148,173,93,242,224,226,190,194,95,20,175,67,103,164},{61,164,34,122,211,183,34,154,216,30,43,125,207,64,22,238,9,239,137,215,197,227,116,251,18,111,152,223,122,97,9,166,194,47,35,28,52,113,197,11},{115,160,140,201,224,105,136,140,148,13,208,45,45,229,103,5,51,93,40,97,60,103,154,207,31,67,239,205,20,58,41,193,72,24,17,253,135,132,41,71},{94,222,153,186,75,77,124,251,248,243,39,194,149,111,2,116,91,72,160,200,229,144,71,36,140,9,88,169,207,207,230,146,3,48,139,254,150,250,64,16},{109,38,195,244,16,159,78,85,137,73,90,212,200,26,128,224,162,1,191,155,246,249,171,187,222,166,81,133,27,212,241,55,88,166,16,60,113,244,190,162},{138,188,73,103,252,181,225,64,17,212,228,149,173,139,180,101,24,38,205,243,193,251,158,79,52,205,200,109,235,9,255,231,80,128,122,173,223,212,251,16},{180,81,90,190,51,154,211,99,177,197,244,96,123,174,143,92,242,183,213,183,218,186,97,193,136,217,65,168,214,221,101,175,39,29,1,100,78,230,49,145},{99,225,231,178,175,98,82,100,149,46,88,37,204,111,13,7,81,75,238,66,210,248,250,168,44,126,17,240,33,164,30,87,15,128,201,208,19,132,16,107},{201,98,151,41,204,133,144,249,208,151,4,144,157,241,6,15,192,218,52,236,180,245,157,198,196,181,169,116,112,77,252,109,210,26,95,206,18,198,237,254},{186,107,223,34,218,49,242,33,94,41,102,44,42,192,123,81,51,78,187,24,196,208,196,238,157,107,219,78,147,26,194,66,33,97,47,18,197,55,168,127},{214,187,120,85,23,95,63,82,164,90,170,27,188,11,254,100,141,245,11,169,197,85,216,227,230,151,65,234,169,174,126,199,209,222,101,71,33,3,83,67},{6,101,151,50,199,62,155,6,85,213,50,129,43,23,96,20,142,61,75,75,197,218,53,54,233,203,88,181,203,227,123,249,242,141,111,137,108,159,163,196},{229,50,18,84,241,228,7,191,59,154,64,71,202,113,64,201,10,14,123,156,233,170,124,236,12,184,248,85,229,34,109,156,15,100,206,159,91,123,234,74},{184,102,81,244,78,174,138,172,192,16,83,212,182,227,224,110,180,166,227,126,30,6,86,168,137,44,157,159,162,249,201,38,33,40,60,96,41,245,255,234},{169,215,193,151,189,24,213,163,208,73,230,5,42,71,250,224,136,200,77,12,80,169,139,113,227,112,214,130,87,114,137,15,7,92,83,91,65,218,180,166},{225,86,36,94,251,61,136,237,247,141,141,44,43,78,13,26,99,138,100,222,169,93,142,61,176,158,44,49,199,249,98,24,48,15,142,171,16,252,88,95},{233,167,206,162,45,105,141,224,104,17,182,255,59,74,77,201,19,127,154,203,88,135,47,101,12,70,168,108,164,73,122,35,238,159,241,135,185,83,34,246},{202,26,8,173,204,33,64,19,227,60,145,73,130,177,77,215,41,97,0,89,246,90,253,1,105,180,9,245,25,195,14,240,182,27,62,48,239,232,68,148},{78,172,1,123,80,141,187,164,197,89,185,243,37,151,76,191,146,191,103,32,209,193,78,208,180,251,72,144,82,50,120,138,116,83,94,32,171,57,182,186},{145,104,181,240,107,126,225,128,129,138,85,133,115,66,209,247,80,154,23,9,96,175,50,141,229,152,67,91,201,210,133,120,128,196,220,162,201,74,215,4},{202,87,199,66,16,32,37,225,108,18,189,160,127,245,248,72,185,0,187,231,17,122,160,59,2,78,52,130,165,140,101,88,39,207,120,3,159,129,42,188},{134,200,44,118,73,182,95,33,229,33,78,225,52,50,137,137,68,50,143,179,249,251,114,91,215,203,47,63,208,161,44,41,245,58,205,111,246,220,179,23},{92,144,28,242,144,55,61,93,173,132,22,152,216,251,41,3,254,179,154,214,222,233,98,154,51,32,164,100,226,110,3,193,126,217,104,118,102,204,145,115},{122,44,223,246,194,196,254,5,30,50,43,255,238,73,233,162,236,233,208,215,124,28,245,209,143,102,232,41,30,238,246,85,108,225,23,235,42,121,116,105},{131,131,201,41,132,8,252,224,101,62,93,135,138,112,220,134,164,184,206,14,245,54,17,177,87,180,120,126,32,207,99,168,26,99,135,159,108,197,65,27},{37,97,56,16,94,183,8,137,185,106,214,217,14,250,55,222,233,54,81,109,34,228,132,20,14,89,91,67,78,89,40,91,70,60,133,220,159,134,109,17},{5,189,175,71,136,4,65,234,151,150,200,234,75,220,212,209,188,24,184,196,148,159,206,172,114,54,177,239,85,119,134,147,244,243,227,207,92,100,242,223},{210,203,23,233,29,65,173,225,223,242,52,45,165,212,196,193,82,228,103,111,72,200,173,209,184,232,148,236,235,243,38,0,85,130,163,209,99,244,82,212},{165,71,77,59,242,77,14,98,70,212,22,24,115,254,202,87,156,22,147,140,197,218,14,146,169,137,211,86,42,4,26,41,209,169,47,120,19,70,179,156},{174,128,241,142,23,169,3,109,248,210,165,110,24,21,161,197,248,79,74,59,240,1,22,182,101,113,253,140,184,231,90,126,141,140,105,131,70,106,194,21},{215,233,216,124,22,39,17,120,105,183,123,223,27,215,112,37,133,148,204,32,33,53,10,204,97,94,242,131,12,118,253,17,55,251,72,198,81,187,101,174},{82,67,108,163,226,232,128,240,41,189,10,86,164,196,213,1,70,26,213,182,111,116,88,198,234,174,115,36,65,8,62,180,33,227,163,17,180,232,61,197},{245,107,49,200,143,18,173,8,194,160,163,176,181,89,164,190,103,69,78,191,136,52,203,154,167,252,28,69,97,116,39,214,136,154,91,137,221,115,53,193},{40,43,97,170,22,90,167,90,133,34,178,27,39,227,186,66,61,198,1,106,87,188,125,212,17,176,226,99,173,171,80,131,73,76,211,65,245,8,231,23},{146,186,29,139,229,54,13,48,161,100,241,136,184,198,92,21,142,73,31,47,142,212,224,250,145,143,43,63,83,201,6,127,55,122,169,37,149,178,70,232},{71,1,67,21,154,228,56,43,245,164,106,96,68,101,86,153,255,254,121,79,115,56,64,225,8,122,4,51,3,122,142,172,145,232,229,79,145,192,109,159},{250,74,236,124,55,162,192,102,182,50,100,97,142,253,36,188,90,193,25,173,241,174,208,203,73,96,167,160,56,18,159,142,86,49,185,26,185,230,147,78},{194,128,2,28,204,140,173,146,36,135,103,153,115,184,169,154,190,59,4,224,96,83,249,211,200,32,125,207,15,28,155,27,202,62,104,245,74,178,155,175},{18,87,28,22,224,79,214,185,29,164,224,190,103,140,243,116,168,166,196,117,122,215,65,80,239,160,76,7,251,93,203,105,145,201,119,243,78,1,108,249},{5,70,106,156,92,17,77,99,46,159,171,146,221,39,96,171,155,201,8,51,242,3,74,19,210,237,64,57,84,62,240,226,251,64,38,49,57,163,199,255},{184,0,229,231,104,18,149,131,168,134,58,158,129,134,127,194,144,95,18,132,94,60,217,128,64,222,113,21,168,140,24,238,110,214,151,1,150,52,221,231},{250,100,249,17,138,40,222,91,43,193,111,83,105,199,212,152,251,75,103,114,29,149,179,103,57,18,22,213,105,4,134,198,22,236,232,182,52,177,33,16},{57,15,241,52,148,114,204,62,43,159,225,172,149,20,2,83,30,111,88,231,144,66,17,143,11,184,67,163,19,66,9,127,49,83,153,35,140,30,77,157},{56,36,237,107,247,224,38,29,52,202,89,28,240,209,64,58,98,253,193,226,10,15,166,103,160,200,55,252,97,134,242,1,169,225,194,234,60,11,52,230},{177,131,64,132,93,41,191,2,199,172,115,2,192,247,145,231,179,166,251,20,222,200,66,107,78,64,228,202,81,133,16,49,110,244,21,37,222,217,159,1},{17,69,5,133,88,34,235,254,134,67,5,232,194,13,169,26,48,121,106,119,115,65,115,102,196,117,161,154,176,174,158,241,249,145,221,110,52,182,111,201},{235,15,27,227,133,61,251,215,34,8,120,38,174,111,49,185,232,47,160,56,21,67,73,179,94,243,64,182,54,221,85,152,185,2,205,175,243,237,239,60},{141,188,251,25,211,220,60,149,106,24,181,165,56,62,163,39,237,37,136,131,2,36,188,253,187,109,188,8,71,63,155,63,50,237,4,178,104,166,254,213},{193,221,71,169,71,172,117,116,167,151,90,225,80,2,128,33,217,68,135,10,67,227,248,68,5,174,183,140,163,59,73,138,39,146,134,40,229,189,107,65},{249,22,78,201,200,76,84,92,66,9,140,226,94,118,212,222,255,237,138,16,27,61,142,140,226,38,237,116,211,182,169,119,215,56,152,151,44,131,244,122},{191,157,213,1,78,216,51,112,247,8,62,23,221,254,73,48,207,83,144,41,16,150,198,94,14,225,121,181,0,32,218,78,29,133,22,76,167,4,55,238},{30,56,165,186,231,104,169,233,0,110,13,11,117,206,97,51,214,246,223,118,217,215,145,241,140,21,204,23,125,234,102,76,202,89,66,198,254,233,46,141},{122,46,61,128,108,160,21,57,18,186,244,246,161,16,208,177,155,231,232,214,80,62,252,21,1,40,30,167,194,6,24,215,106,209,219,89,209,221,253,31},{161,76,109,183,156,139,139,93,86,212,35,25,157,193,118,84,88,46,98,183,102,81,132,61,179,163,169,1,155,193,36,115,116,148,9,190,228,205,157,0},{251,180,61,112,121,195,97,16,202,238,217,200,182,63,109,69,188,19,27,47,225,56,208,244,23,152,77,130,176,86,203,192,194,86,162,251,21,97,47,158},{104,118,196,245,199,168,207,220,175,65,135,220,0,241,166,170,65,179,255,37,97,175,12,50,2,154,59,126,61,50,7,169,88,156,41,92,42,50,253,211},{52,68,246,51,247,85,10,219,120,96,64,53,104,69,128,163,11,50,233,100,31,166,89,10,16,123,111,7,140,79,219,149,18,102,80,208,74,75,5,180},{45,205,80,155,153,191,213,206,245,41,49,249,106,241,117,43,41,217,89,66,7,251,20,233,163,99,190,114,79,184,194,243,34,113,34,27,227,16,65,253},{160,62,251,159,66,13,158,243,186,162,19,11,245,20,0,252,60,91,248,31,227,198,118,248,140,219,210,84,63,115,218,128,56,28,78,100,19,14,153,97},{86,192,139,232,56,95,238,62,59,55,241,229,202,78,3,255,8,43,160,55,200,32,196,121,163,63,87,117,65,133,78,141,147,252,117,20,105,30,255,62},{234,162,36,175,197,142,89,20,38,95,39,110,23,78,255,202,111,182,87,153,134,253,216,224,51,144,37,135,205,150,163,197,110,155,109,14,101,64,156,47},{186,142,83,242,98,24,58,143,106,248,225,115,69,241,153,202,197,47,16,60,128,196,154,85,236,199,138,194,6,86,172,43,217,24,75,76,226,74,20,20},{87,156,142,83,193,193,242,158,58,161,145,136,207,252,190,117,66,177,110,200,215,252,50,55,148,175,61,37,233,163,170,234,231,193,254,239,157,63,121,42},{124,251,51,189,171,70,97,93,73,64,13,163,145,237,176,231,62,19,194,36,56,12,111,95,231,216,223,31,121,162,56,188,212,198,145,29,112,75,138,171},{116,235,49,80,251,46,215,229,15,171,240,107,8,132,143,125,244,82,158,54,86,221,22,253,42,244,188,220,223,114,53,37,57,96,198,67,114,170,186,10},{56,188,193,28,228,15,67,197,63,243,139,82,67,130,228,127,114,141,22,165,150,139,152,8,176,159,24,246,255,195,95,160,235,239,170,39,180,54,234,122},{104,88,78,82,196,176,161,228,37,152,66,22,204,23,125,39,226,108,135,35,94,79,138,216,42,15,46,214,146,163,34,20,113,129,250,31,179,239,108,188},{97,67,221,243,249,168,4,100,56,176,46,220,125,24,52,169,163,225,54,247,116,212,77,145,46,250,164,198,14,249,76,201,254,27,234,18,221,252,250,54},{5,91,63,211,136,70,24,195,118,185,133,43,140,199,178,38,121,111,159,80,150,108,159,222,178,127,250,167,51,51,157,46,196,190,237,78,28,153,171,173},{196,230,168,119,221,247,25,226,221,110,222,221,177,53,205,74,52,175,103,226,3,187,183,205,204,0,174,19,21,23,175,224,196,28,65,116,129,170,213,5},{57,77,120,130,39,152,202,205,224,149,207,245,149,84,152,57,77,251,95,165,170,207,41,116,194,31,144,164,78,109,94,199,34,77,40,249,3,63,110,174},{180,59,202,89,110,130,38,143,241,195,196,68,200,69,168,140,177,242,115,215,32,179,3,31,67,37,136,77,82,207,61,201,96,186,37,207,113,106,50,244},{82,222,206,21,192,240,229,160,156,236,207,174,2,131,156,25,169,228,131,212,20,147,105,56,13,78,7,137,30,64,54,252,227,99,135,88,211,232,114,137},{246,208,17,251,37,93,51,26,39,165,30,230,129,26,213,232,163,103,133,89,16,18,57,230,129,223,167,168,185,91,125,228,33,213,251,223,235,155,222,178},{123,121,16,134,200,220,50,125,130,156,199,89,79,27,192,47,239,251,54,20,116,127,61,12,206,54,158,143,190,238,28,177,55,111,123,113,123,62,57,164},{139,34,222,75,174,251,173,38,207,197,13,82,4,204,185,49,95,105,144,181,68,16,64,54,231,11,231,125,12,184,146,188,203,120,207,248,178,165,40,239},{160,247,78,34,194,97,122,25,186,218,101,90,42,219,2,252,15,33,151,45,58,118,183,61,96,86,200,28,52,225,72,47,166,5,110,73,23,191,28,175},{165,246,173,122,30,33,245,145,54,12,33,228,238,8,224,63,123,60,203,127,41,24,172,77,252,200,72,205,185,238,192,134,253,239,193,116,76,56,152,97},{26,201,39,152,255,139,58,213,110,79,30,27,165,119,89,82,175,179,91,123,137,50,204,119,238,125,39,70,39,86,92,180,29,79,191,159,3,43,138,155},{100,24,177,216,233,40,196,31,191,220,57,89,190,73,4,47,141,245,253,196,193,63,202,139,223,48,95,244,99,198,40,55,213,1,103,230,43,182,125,192},{102,148,214,209,149,194,243,25,30,154,232,184,221,222,251,114,116,50,111,62,46,9,163,109,240,159,137,40,99,241,13,92,8,113,2,77,210,189,72,221},{138,197,1,171,51,124,159,41,169,204,216,181,15,65,84,211,127,55,132,209,249,244,82,101,111,194,214,203,216,49,4,188,97,93,204,20,131,12,213,124},{153,170,226,84,7,39,154,24,52,69,19,45,245,221,252,206,87,235,94,90,236,74,138,16,5,109,108,214,189,164,167,219,131,234,150,89,191,32,139,233},{132,58,205,15,108,40,17,130,141,232,244,237,247,153,204,178,131,58,47,210,56,6,221,30,163,5,75,228,29,214,203,102,88,187,178,41,49,214,144,167},{26,67,194,249,48,178,219,38,115,143,191,69,120,93,21,131,35,84,52,191,219,181,169,70,116,45,148,177,52,93,2,89,66,166,202,230,125,19,66,81},{112,126,248,79,91,146,206,143,150,226,229,205,85,194,102,234,95,205,154,231,105,171,159,102,11,10,232,249,15,9,146,128,98,164,19,240,39,255,76,226},{183,133,250,191,128,102,195,76,188,26,31,34,16,50,84,230,216,249,146,208,53,252,213,205,6,226,9,233,130,225,202,185,28,209,222,89,231,13,191,36},{79,41,179,75,134,182,237,43,180,136,237,242,48,9,90,194,32,107,173,0,1,229,137,141,78,144,249,39,156,167,183,164,187,208,3,203,155,60,65,152},{25,126,109,199,157,71,25,24,122,133,191,249,118,103,235,176,120,6,243,62,247,255,48,158,253,235,153,188,19,147,29,150,222,199,215,187,229,16,21,140},{92,48,16,169,39,90,196,201,124,214,19,18,42,236,126,221,106,100,33,166,58,74,176,77,76,59,253,125,194,124,172,39,227,193,238,91,10,49,66,122},{73,123,7,221,108,149,71,165,151,244,66,188,149,227,123,179,21,99,80,132,40,236,159,139,85,148,149,246,251,40,222,54,212,50,115,127,234,36,153,221},{255,4,93,31,2,206,45,202,14,170,99,110,223,70,53,172,36,199,212,254,227,110,251,4,31,18,49,172,242,163,156,12,77,181,26,80,172,199,78,60},{56,201,233,246,179,23,40,238,231,84,1,221,206,4,231,223,54,70,4,241,68,2,0,218,214,156,198,84,183,124,34,214,117,189,65,91,254,179,251,49},{14,225,20,32,74,23,226,245,178,168,194,203,92,154,126,219,127,227,58,48,3,238,23,202,255,9,254,113,41,210,9,77,11,250,79,137,46,134,19,45},{136,240,212,173,215,48,210,71,204,200,221,107,185,158,227,251,68,125,172,176,14,151,118,1,91,216,82,123,162,150,119,27,209,243,43,225,198,167,31,61},{77,253,223,216,206,234,14,172,37,247,94,162,146,38,234,144,140,134,253,181,213,171,121,16,80,82,117,9,122,36,84,224,242,5,141,87,17,124,206,232},{114,11,245,78,197,201,208,29,207,22,22,177,34,4,92,5,145,16,79,25,142,232,37,103,196,78,195,150,120,31,111,54,41,104,91,138,195,40,237,217},{15,47,172,245,138,246,34,29,147,112,40,18,49,201,54,55,11,97,254,227,50,176,74,165,144,228,6,246,195,84,126,41,129,217,255,42,223,105,246,141},{239,52,205,83,2,241,162,14,127,82,230,91,128,98,224,190,185,158,185,82,175,109,150,79,65,84,122,36,27,241,181,9,50,163,107,163,0,129,168,82},{166,196,254,220,60,255,133,185,109,17,147,194,98,204,15,230,21,195,219,106,181,59,212,175,148,113,234,213,59,22,251,159,181,200,183,190,0,52,245,104},{78,186,176,75,112,129,10,81,36,101,179,252,142,216,199,220,8,196,47,61,247,204,193,252,244,230,231,160,246,182,174,9,115,170,246,108,186,64,40,218},{69,53,251,49,107,53,183,169,95,160,58,160,91,144,105,64,159,98,96,192,231,89,230,220,190,40,217,252,118,226,61,219,6,202,64,53,111,205,107,113},{127,82,54,24,192,33,121,10,122,110,225,114,160,162,185,239,237,189,50,27,236,172,151,27,199,5,93,144,174,182,225,130,76,133,180,64,211,115,126,16},{226,94,35,50,137,247,142,95,53,61,41,113,181,151,226,4,90,102,123,247,246,240,19,147,10,40,198,133,110,152,130,207,121,98,233,190,230,147,3,141},{129,141,117,132,180,72,6,49,250,180,176,51,225,187,139,128,167,33,213,41,227,153,103,56,118,50,227,116,233,144,108,43,49,208,72,141,191,139,135,111},{193,46,29,215,208,209,240,116,105,101,99,11,68,15,205,190,102,243,231,238,129,103,167,103,224,60,135,93,164,36,25,190,206,37,80,30,181,91,189,36},{209,143,187,115,254,23,4,153,68,109,184,108,116,196,197,146,123,106,170,228,246,43,51,176,21,16,144,158,125,5,93,234,206,63,231,1,149,203,225,187},{222,233,167,135,165,161,69,242,55,235,92,155,79,35,137,73,199,138,228,41,9,79,7,245,202,14,94,105,68,69,241,225,173,20,230,13,47,40,233,54},{138,30,71,200,128,196,155,169,134,121,109,40,221,203,176,130,63,156,120,164,105,219,244,245,32,46,178,221,56,95,139,154,12,214,134,176,116,236,210,63},{166,202,16,22,56,90,189,29,100,71,76,255,80,237,65,219,254,224,44,71,251,150,118,49,44,152,142,128,9,152,143,25,71,81,136,46,32,171,246,203},{3,157,176,171,14,105,89,190,168,216,180,193,182,254,67,202,226,204,101,169,216,162,60,190,254,11,77,163,123,0,1,57,56,97,69,232,239,20,107,247},{248,3,53,162,27,238,202,83,160,254,95,150,177,79,71,253,49,134,139,182,108,109,135,202,60,165,219,42,23,251,36,15,43,246,241,192,254,229,113,177},{133,87,34,5,213,127,81,134,131,49,128,207,18,128,210,31,148,116,92,230,134,52,249,143,138,90,169,13,94,140,59,127,151,4,26,237,7,190,241,4},{55,138,15,223,160,253,52,142,7,68,169,45,177,46,238,151,231,208,141,113,237,143,65,144,155,115,162,9,159,34,98,183,129,204,211,138,68,90,31,101},{34,19,203,13,215,102,242,181,58,37,40,243,221,42,88,187,104,136,229,8,254,23,200,89,62,143,93,224,11,228,155,90,78,225,117,63,53,229,170,163},{188,102,114,1,219,98,241,71,106,143,199,211,225,30,203,73,41,40,25,138,71,3,24,38,228,145,192,196,254,30,49,192,182,6,2,66,207,153,143,182},{131,157,76,50,4,244,114,175,146,54,208,65,243,141,232,171,183,139,131,156,218,65,200,204,228,213,87,179,201,97,204,18,179,171,93,143,214,21,32,156},{24,100,174,244,92,202,78,57,230,219,164,146,20,101,188,255,76,218,34,133,71,203,20,90,27,181,46,117,79,105,149,102,221,237,19,58,136,196,162,73},{23,116,30,2,159,226,114,34,129,158,47,39,244,213,119,11,86,64,168,237,168,223,191,139,80,20,163,225,220,114,127,199,234,6,166,181,12,128,9,215},{53,234,114,90,15,124,125,52,85,86,32,114,249,118,206,19,205,115,227,218,36,155,121,168,4,76,1,9,21,209,182,28,141,139,127,73,182,161,159,87},{170,110,169,186,251,35,100,11,102,126,180,255,148,166,40,126,175,235,12,195,108,208,109,173,22,201,154,91,243,74,39,63,232,144,61,147,253,190,62,248},{115,113,121,21,228,247,47,222,114,104,159,250,219,184,82,138,145,213,206,234,166,184,149,102,214,255,172,79,67,199,240,229,196,194,153,246,159,167,196,38},{131,252,245,126,75,14,15,13,187,88,139,251,216,57,65,246,141,126,253,174,177,1,40,90,229,92,213,14,19,98,37,212,0,43,26,202,76,61,54,164},{118,193,212,26,68,34,25,79,133,182,221,87,21,42,25,188,209,5,247,222,131,118,159,35,36,30,201,189,240,127,213,124,51,182,210,38,52,80,180,92},{124,151,234,104,200,68,221,60,216,145,34,76,11,158,70,242,244,138,24,247,45,211,147,54,42,223,190,201,180,123,220,187,254,242,255,234,133,2,211,230},{239,86,133,142,219,35,124,236,69,188,239,195,111,36,183,127,96,0,234,44,70,235,249,11,171,127,245,91,57,104,155,184,184,222,23,16,163,237,48,251},{198,115,177,177,212,70,133,9,172,134,217,42,142,184,77,60,248,199,107,148,181,193,7,15,220,235,39,89,158,180,255,116,251,147,236,216,93,61,5,83},{8,243,159,85,34,128,63,133,8,12,62,26,226,41,120,130,79,93,195,22,27,97,4,72,175,121,65,163,48,60,0,6,130,214,89,112,180,110,141,191},{238,90,100,244,107,94,128,120,4,162,211,12,65,25,12,115,45,216,194,117,139,95,76,148,44,241,55,50,32,142,189,115,60,93,165,196,141,143,234,187},{85,156,157,97,131,50,104,7,97,151,23,5,179,255,154,254,179,192,52,69,29,123,141,203,124,138,168,122,89,0,229,141,127,33,234,88,7,37,34,104},{242,216,148,249,129,164,254,35,186,215,114,210,176,44,164,150,211,182,63,133,27,251,11,225,55,232,109,114,214,135,122,205,131,83,182,184,145,54,187,47},{252,146,51,118,0,238,191,125,254,253,130,50,10,231,245,34,74,165,70,112,26,98,243,3,188,157,114,154,166,111,26,58,189,136,69,168,243,100,205,22},{91,202,61,137,21,68,40,87,25,163,103,134,67,30,64,63,68,44,216,90,24,102,148,90,17,134,235,164,238,154,132,54,133,29,254,104,161,76,7,229},{69,11,167,149,206,72,206,142,203,2,191,143,154,16,225,60,94,128,77,1,156,193,27,197,210,64,235,206,224,76,179,228,161,212,61,188,66,58,67,22},{115,200,254,224,82,141,137,10,150,223,113,148,137,154,63,180,77,218,48,179,14,31,18,251,130,91,172,10,13,217,195,39,242,190,82,126,188,230,191,214},{60,14,122,247,188,232,10,165,178,74,169,209,30,71,138,63,224,239,17,151,67,68,193,86,155,72,116,252,196,206,241,25,137,208,113,55,68,107,61,79},{2,60,119,226,253,16,240,195,131,100,182,126,215,207,166,111,246,101,48,183,34,110,29,22,199,190,119,215,133,40,51,220,142,183,85,182,123,127,59,229},{97,28,169,197,252,32,246,245,87,161,74,228,160,221,212,69,55,215,105,209,176,138,17,96,181,1,2,106,133,23,55,43,216,144,211,20,223,230,167,97},{207,163,220,219,182,239,107,89,145,131,34,186,246,80,36,100,95,201,235,57,67,185,167,205,142,31,40,102,196,235,238,157,143,77,145,128,35,185,121,67},{144,208,245,223,255,105,13,31,151,244,52,133,90,108,221,101,207,178,253,144,94,207,210,158,209,94,30,18,77,39,55,146,16,162,253,66,203,168,155,106},{125,139,3,128,79,161,222,124,166,108,87,44,69,49,90,24,95,53,33,198,44,3,123,100,174,38,54,25,63,203,41,79,53,76,28,159,88,177,16,21},{94,219,140,119,204,154,88,186,204,105,211,182,142,121,165,84,155,149,52,116,13,141,96,196,56,103,94,229,83,93,119,58,0,212,104,38,26,243,242,234},{144,69,232,127,162,44,104,73,182,196,55,145,223,195,246,168,154,249,245,243,191,34,116,106,113,218,79,62,0,176,153,194,83,33,77,248,157,152,82,249},{107,80,165,185,180,102,10,91,52,158,251,88,110,24,67,133,107,39,222,237,45,202,231,111,219,138,26,216,255,230,193,147,184,174,6,238,15,244,159,127},{227,10,49,229,160,36,114,120,127,194,7,160,255,85,91,167,238,255,69,56,107,143,184,35,244,103,127,190,178,157,30,92,239,11,145,51,217,86,75,25},{15,208,39,231,13,253,29,20,71,211,16,75,3,63,114,56,65,147,215,168,158,236,104,122,146,154,9,203,210,24,214,102,1,33,234,49,31,18,138,18},{198,155,13,112,180,209,166,30,167,62,72,64,42,107,45,124,171,150,105,231,173,41,232,99,190,237,79,53,42,109,87,2,240,134,12,225,75,88,233,38},{127,46,43,165,189,221,225,194,64,227,220,219,184,68,222,7,201,181,132,164,14,10,179,54,179,5,192,3,93,98,44,120,29,44,83,199,109,27,10,80},{158,208,215,61,98,150,171,36,144,67,242,145,232,56,163,98,57,141,45,56,178,247,43,72,230,152,200,191,155,133,204,198,0,30,52,75,141,229,40,194},{173,212,253,176,140,199,249,63,67,124,74,86,164,156,24,129,189,10,166,156,102,140,179,178,186,158,52,136,21,44,46,238,49,120,184,120,36,128,93,192},{34,59,198,123,33,244,196,179,244,196,180,186,111,78,81,120,38,145,34,101,135,32,225,23,188,115,14,18,28,117,48,6,25,86,235,110,74,214,161,55},{241,235,22,52,194,4,68,138,33,150,124,86,12,126,5,26,202,129,222,11,6,59,131,142,177,16,125,4,197,159,228,138,154,194,77,230,128,138,224,205},{186,111,188,34,21,204,66,156,106,84,169,75,77,219,2,237,151,242,236,218,189,37,34,188,252,120,149,235,209,170,20,46,227,38,104,214,232,129,226,250},{93,18,13,160,144,183,165,98,153,131,237,15,93,242,14,51,44,19,184,200,69,186,226,0,209,65,223,177,53,152,121,174,207,63,127,217,68,228,167,189},{228,178,109,155,202,70,16,162,150,31,229,124,41,228,10,54,240,26,187,130,73,6,70,214,111,49,243,245,254,129,159,187,38,194,66,1,120,250,149,45},{243,44,95,53,227,167,13,188,134,57,19,87,45,250,214,2,191,240,226,141,90,109,65,172,255,9,179,195,165,218,2,47,182,58,88,204,177,11,222,58},{205,233,209,140,246,180,55,171,246,120,16,218,1,233,59,233,217,193,76,195,15,105,185,226,222,139,37,5,32,198,169,66,253,155,169,97,181,84,142,24},{188,103,4,242,161,176,98,250,214,131,122,110,193,139,85,224,129,24,176,88,106,126,7,6,254,65,157,219,162,83,131,255,139,60,61,209,211,174,128,16},{24,219,42,19,112,188,130,163,113,170,252,26,226,197,48,38,34,64,242,134,60,163,232,246,210,145,96,50,186,195,228,93,131,78,84,117,182,118,163,13},{28,126,219,99,162,192,162,254,135,124,174,74,12,139,252,63,10,130,165,255,129,155,2,70,98,12,236,196,133,54,197,173,152,27,12,140,35,57,64,10},{199,231,148,87,236,188,17,104,34,41,78,206,150,135,122,95,53,170,161,98,18,221,204,2,62,197,114,220,54,230,152,35,50,209,52,60,63,217,201,49},{176,160,21,68,133,99,164,179,97,1,15,57,224,241,200,19,188,50,133,194,103,15,200,139,90,22,220,113,189,55,101,240,138,244,254,87,27,134,197,8},{249,93,72,157,128,108,163,244,195,94,248,91,0,247,152,123,176,41,72,115,121,42,54,247,175,101,26,229,184,100,135,5,239,107,132,51,153,130,215,118},{63,220,67,8,61,241,192,177,31,31,31,51,102,63,54,221,154,195,145,205,243,123,32,72,116,122,160,238,255,67,32,54,163,138,227,232,238,39,67,173},{75,65,129,121,218,194,29,114,28,53,8,13,214,103,10,1,203,7,254,42,200,140,121,218,177,222,234,174,135,2,218,150,224,15,216,88,8,89,46,76},{136,83,186,237,213,71,11,191,70,29,198,114,37,242,248,57,150,100,95,10,111,230,28,238,247,208,155,151,253,243,224,79,197,7,24,227,171,130,145,163},{52,133,8,130,171,163,179,25,77,90,120,202,91,107,42,251,28,73,103,68,192,211,184,30,86,174,88,20,63,245,80,222,223,33,31,224,122,21,123,14},{106,85,142,192,129,51,99,71,75,123,220,182,198,192,120,166,246,228,175,73,45,109,177,153,222,30,105,81,37,254,156,172,81,4,186,196,253,186,15,169},{72,37,101,205,78,225,11,255,59,247,162,199,246,248,34,75,174,62,71,84,112,208,186,203,136,67,136,144,155,216,181,14,181,205,219,116,221,248,89,192},{118,75,223,154,102,209,4,63,152,12,99,247,204,149,102,174,111,103,16,156,211,136,45,232,224,46,31,21,228,161,160,176,202,224,28,192,23,242,56,30},{175,188,188,164,20,116,18,241,36,122,0,73,33,41,245,55,160,158,68,126,237,112,120,232,105,230,92,68,168,92,244,29,41,19,26,109,22,45,231,74},{197,53,244,25,97,52,152,124,16,110,154,123,139,199,67,182,191,145,241,240,184,252,59,156,20,48,115,22,90,208,4,99,113,27,196,137,138,124,141,109},{200,41,141,35,165,30,216,219,163,159,40,59,65,113,252,112,62,26,188,28,48,151,61,198,137,116,11,211,160,146,157,222,106,208,206,22,212,80,32,35},{73,174,72,24,54,18,239,193,21,40,186,183,221,38,170,191,189,250,129,158,31,89,222,125,177,167,244,238,89,57,163,97,128,20,66,87,12,15,208,129},{50,62,135,188,66,123,235,104,24,86,131,105,3,138,147,178,7,247,39,237,17,32,232,86,123,179,17,134,206,125,83,225,66,219,28,75,222,251,192,73},{239,27,0,4,120,103,215,0,37,116,122,156,254,251,40,212,157,113,66,210,247,154,211,188,0,134,245,169,231,226,117,213,38,15,46,3,74,77,101,59},{156,187,204,34,118,235,105,223,222,36,144,137,169,237,27,6,132,119,109,188,19,14,81,63,201,191,3,87,77,102,61,234,28,247,176,203,203,2,150,109},{59,255,80,73,105,147,36,88,28,103,17,207,57,141,68,173,98,58,164,28,131,4,225,49,223,221,254,12,121,180,173,219,141,80,238,189,98,246,50,225},{31,91,31,5,107,128,207,39,145,11,48,195,160,133,147,241,153,137,99,156,94,243,170,148,87,81,112,10,229,152,9,160,204,2,41,44,53,253,53,38},{98,71,223,111,207,42,118,202,151,164,200,162,166,48,163,255,18,127,23,221,57,183,170,219,227,163,31,172,16,48,55,0,213,118,115,133,84,2,176,169},{35,38,127,166,196,165,245,188,217,53,85,208,31,41,79,201,251,102,56,94,15,42,230,134,242,11,72,163,144,245,230,47,131,238,238,98,67,17,186,36},{220,252,218,107,174,8,159,241,67,185,118,116,67,209,85,123,132,11,73,201,122,90,219,71,197,23,56,203,169,26,23,178,95,107,168,178,11,89,106,208},{249,182,71,228,157,102,183,161,158,112,202,6,71,14,239,80,88,219,38,149,235,48,160,94,129,126,176,33,170,52,105,20,216,179,184,200,211,30,68,95},{167,47,202,21,89,246,142,192,38,120,207,115,129,83,105,191,16,7,194,48,226,0,18,37,96,65,203,118,19,160,210,197,9,17,31,217,34,153,212,16},{33,10,58,60,193,94,247,72,247,1,187,9,250,161,58,188,99,234,124,87,167,192,193,87,124,60,112,130,236,195,239,144,131,188,255,221,228,199,61,118},{155,158,183,6,252,93,95,73,55,53,64,79,30,107,166,49,67,181,78,213,182,4,159,251,75,229,186,207,82,220,20,112,197,120,100,12,18,245,178,132},{142,227,154,48,52,134,237,245,150,252,0,204,187,28,240,28,242,166,182,193,186,28,64,0,223,142,124,180,168,6,76,220,150,134,26,182,43,6,209,106},{97,176,234,243,103,69,103,163,112,17,76,14,31,122,44,86,239,141,130,43,19,9,163,92,205,216,182,180,82,108,248,146,243,25,120,31,187,19,172,66},{17,177,207,41,176,249,240,179,197,14,128,125,193,158,114,105,237,109,84,193,181,172,207,104,213,15,27,196,252,81,178,174,72,80,82,238,247,185,28,82},{137,198,194,57,202,175,217,55,234,71,218,5,100,143,40,252,56,178,83,91,192,34,145,169,95,37,247,68,95,19,40,38,34,74,224,117,179,63,91,100},{33,235,39,16,211,186,89,214,77,1,249,132,16,102,75,85,209,137,159,71,12,23,93,118,26,162,50,56,89,96,3,200,73,208,77,214,252,120,230,153},{90,108,107,6,148,14,198,95,7,85,249,200,210,249,53,228,36,96,107,102,43,222,23,112,240,57,98,40,238,138,145,170,215,216,249,186,136,72,32,58},{166,223,58,134,165,45,196,35,239,194,128,42,10,247,168,254,142,52,116,158,245,11,83,12,136,75,117,107,119,252,249,153,45,39,51,29,131,117,157,4},{230,214,119,219,71,158,173,78,169,212,20,39,155,84,128,97,229,150,143,103,57,134,215,55,41,30,235,176,146,187,141,243,65,199,220,93,39,71,57,46},{237,217,126,108,85,204,161,26,119,110,83,220,190,249,85,140,221,169,42,215,65,97,218,196,20,67,222,129,225,85,233,19,255,63,255,121,96,8,15,247},{31,247,96,206,110,80,70,208,232,185,44,155,121,127,116,198,39,139,107,24,143,87,210,66,20,129,156,113,204,112,127,107,161,12,133,124,164,91,0,202},{65,205,51,243,112,100,238,12,9,217,8,1,105,42,21,155,107,27,17,136,24,133,150,218,93,167,217,205,234,213,199,3,152,39,89,173,53,46,166,182},{38,52,192,237,136,138,10,26,51,204,13,24,175,44,19,255,75,97,56,87,49,226,123,73,26,131,106,171,227,126,236,253,82,237,206,138,37,113,115,82},{92,36,183,197,61,233,242,176,182,228,173,32,81,176,66,144,16,47,127,162,225,70,217,126,10,162,252,169,80,96,233,87,76,59,23,28,17,192,176,19},{144,244,233,228,20,123,136,107,82,198,5,215,91,28,204,149,164,121,173,99,93,91,208,209,129,120,76,86,85,158,172,198,37,212,53,33,171,225,27,208},{119,196,45,133,67,90,28,153,125,108,195,135,10,6,93,210,84,107,6,130,15,229,122,71,215,116,252,107,132,93,106,232,50,198,68,95,213,31,78,134},{160,237,179,116,75,87,27,21,76,81,79,238,253,38,165,247,126,216,32,226,111,219,110,121,156,27,165,106,51,110,195,148,84,34,242,251,55,5,20,250},{177,31,81,88,112,19,242,184,200,154,227,199,200,23,165,176,254,212,112,244,138,183,251,2,205,242,55,93,7,93,36,117,177,153,47,193,238,28,192,178},{52,157,209,94,56,196,75,26,83,182,213,97,89,231,67,86,199,209,156,101,5,181,1,45,34,234,113,254,115,32,37,251,244,122,185,245,144,65,225,16},{71,111,232,230,194,128,234,107,148,91,248,46,43,136,45,80,226,97,255,85,149,252,77,249,199,36,183,61,128,126,245,112,68,154,126,82,76,144,98,201},{47,185,174,135,188,130,239,246,212,137,118,216,111,150,69,231,83,90,188,149,214,228,36,233,161,16,136,29,136,190,231,88,5,182,4,72,182,100,112,26},{246,95,244,89,143,109,127,232,183,37,229,94,178,14,243,142,200,130,229,230,163,92,111,121,180,111,114,83,248,130,69,227,150,23,94,70,187,252,196,216},{104,111,126,8,71,56,196,32,255,169,85,26,63,119,231,246,136,174,11,238,180,201,129,18,65,91,28,116,186,238,55,106,232,136,17,53,201,145,138,114},{221,56,238,17,180,91,17,253,167,173,249,162,216,244,55,66,166,135,0,148,23,63,197,6,21,99,179,22,17,40,94,69,20,160,101,3,190,131,247,166},{158,141,214,98,103,126,151,128,116,183,171,233,249,20,60,169,195,196,146,121,36,115,211,196,147,33,118,201,210,74,1,34,48,40,229,103,32,217,169,255},{170,183,130,125,87,27,38,187,166,93,59,80,92,113,50,33,3,234,181,26,198,6,2,64,237,33,248,244,208,232,105,117,164,61,242,244,184,22,85,116},{200,111,87,36,114,3,229,178,255,114,219,101,29,238,34,170,181,71,68,210,229,210,200,116,144,231,122,101,27,0,67,117,15,38,184,48,127,212,196,207},{86,45,164,232,72,12,2,131,193,200,38,31,124,131,29,242,28,38,71,150,163,29,112,217,255,105,128,194,207,164,51,49,214,10,63,0,179,161,176,230},{60,94,155,194,118,136,62,105,48,156,8,109,111,76,23,168,194,81,246,228,0,12,140,9,174,115,207,81,63,170,152,125,205,221,127,2,11,55,64,35},{213,34,58,215,24,200,181,241,63,0,243,57,107,140,79,152,168,211,155,11,14,207,7,81,44,219,143,53,20,22,198,178,95,180,34,128,103,129,142,56},{66,178,16,188,16,105,39,169,123,129,18,87,60,209,20,187,59,239,104,211,149,206,192,135,254,38,236,124,176,122,62,135,4,123,15,83,111,214,178,201},{31,198,30,183,91,232,116,156,212,203,217,152,144,47,181,158,82,148,116,89,124,189,0,184,215,24,96,28,12,163,197,88,93,102,143,240,30,94,222,68},{151,208,255,104,75,235,49,98,142,122,128,170,185,229,26,37,246,86,250,172,194,103,103,75,183,2,23,25,214,184,158,233,32,98,128,25,97,83,37,238},{213,117,120,76,1,139,196,69,193,135,5,66,52,103,8,213,135,8,250,129,159,61,8,27,244,115,49,124,194,44,67,121,47,45,35,130,242,108,225,108},{202,84,92,220,41,108,48,76,90,80,112,39,238,192,219,222,151,122,175,23,198,173,12,23,133,147,241,91,251,196,143,104,35,165,161,28,6,177,46,213},{206,110,168,106,120,82,47,101,196,151,212,143,58,85,184,41,160,100,208,169,253,137,100,159,122,111,92,57,109,48,119,218,233,86,199,51,59,190,101,67},{183,107,216,186,7,74,47,6,99,211,190,235,162,40,123,24,184,88,205,126,94,166,66,51,250,115,60,186,27,79,32,209,227,64,182,163,74,62,60,23},{248,148,153,245,155,17,235,218,18,117,52,177,24,253,110,147,162,14,100,152,164,129,225,231,86,238,74,127,212,176,19,54,138,83,231,7,169,109,18,59},{76,167,7,228,136,16,227,203,43,65,83,178,101,208,14,111,138,44,118,8,102,116,115,252,62,78,167,162,157,172,237,143,136,208,33,217,30,228,115,96},{250,131,24,200,124,4,187,83,67,78,8,153,192,145,128,109,168,81,233,103,199,69,165,25,175,21,146,55,208,247,14,201,78,7,236,212,204,123,100,95},{116,150,194,53,242,197,31,90,209,208,11,94,116,146,146,7,50,146,89,234,243,102,148,116,8,173,144,184,43,23,176,23,98,73,189,126,249,44,170,192},{143,13,73,25,182,76,61,199,222,193,158,79,128,122,5,190,211,238,151,189,212,115,165,182,219,132,86,78,44,29,148,152,94,231,185,255,180,176,209,233},{146,246,218,199,128,213,116,101,104,246,202,96,90,160,135,223,232,146,148,227,136,107,163,9,192,162,78,175,148,57,136,71,221,110,127,151,219,181,94,146},{199,52,58,43,153,120,54,68,113,101,222,216,127,177,75,41,169,100,115,24,98,154,192,252,146,184,231,138,166,133,35,118,152,149,41,156,230,209,206,227},{243,12,98,27,188,149,22,230,78,219,109,34,175,31,15,249,26,152,221,35,26,195,187,252,34,19,129,57,140,11,232,51,146,155,215,30,135,118,3,12},{100,23,156,226,98,242,164,30,255,150,19,153,139,188,219,18,189,148,202,145,193,181,207,164,250,63,120,44,250,94,26,90,241,127,151,194,16,113,221,223},{87,190,236,195,52,129,137,84,181,161,0,188,143,64,45,187,77,14,72,31,169,196,85,98,235,6,171,197,123,38,5,254,112,150,13,65,75,185,80,138},{158,254,127,159,29,108,11,85,80,137,115,115,130,223,47,172,40,13,107,78,129,66,152,140,227,244,38,199,71,93,71,153,192,241,99,74,201,20,84,59},{236,9,38,3,85,224,79,12,172,199,153,158,97,133,34,90,54,249,148,131,120,65,95,135,36,42,224,248,65,214,227,189,19,15,134,42,108,183,33,231},{71,25,103,232,238,1,236,106,149,141,39,71,248,183,95,154,60,62,76,250,193,109,1,186,157,0,151,93,165,1,208,60,82,104,198,174,20,203,160,40},{94,177,210,214,53,107,244,242,71,108,4,215,225,83,215,106,135,233,134,150,46,154,30,182,162,87,5,196,153,2,153,126,159,177,105,49,79,32,129,123},{177,82,109,92,180,200,88,93,177,181,170,41,113,204,248,163,255,104,191,176,173,201,175,188,77,18,55,224,97,178,181,81,132,32,38,150,1,87,203,36},{206,208,225,206,243,72,31,37,30,90,243,188,153,170,254,107,73,76,139,166,127,217,96,105,24,187,36,240,67,129,81,61,231,167,172,58,162,120,243,54},{104,179,158,206,117,12,194,121,199,4,18,63,105,18,159,204,101,71,91,71,151,13,70,223,162,226,227,241,217,185,174,222,207,138,33,162,112,198,230,38},{45,192,161,51,93,92,115,161,128,123,111,151,35,236,145,66,155,127,253,18,150,14,204,175,36,100,127,3,143,32,171,254,28,55,31,20,59,238,128,108},{122,136,172,117,227,41,184,239,108,160,10,173,18,81,181,174,202,92,248,53,96,30,25,243,191,107,53,231,196,251,246,69,229,24,243,254,168,12,243,220},{201,52,102,126,97,18,166,1,107,226,208,141,77,158,212,116,191,56,6,250,184,40,244,190,24,75,222,88,139,114,154,11,217,166,220,216,228,68,115,231},{20,251,174,33,61,205,191,148,184,210,165,155,11,46,65,76,22,46,101,174,185,128,147,18,184,66,132,178,163,121,190,21,211,133,36,44,241,79,146,65},{174,31,138,171,197,153,227,56,4,44,92,159,49,76,239,179,87,130,255,165,204,143,102,58,102,205,50,103,221,217,176,152,168,68,141,117,214,112,137,240},{68,129,178,26,137,223,170,19,109,207,197,69,2,198,16,98,245,115,251,226,80,240,39,98,227,88,209,196,62,143,111,4,255,225,73,59,198,128,2,68},{144,246,87,146,79,234,146,233,74,208,229,33,17,26,105,197,4,61,249,23,247,163,16,132,206,51,50,20,18,57,164,208,93,76,29,87,77,70,83,243},{232,54,202,107,199,248,143,250,68,59,246,221,136,218,248,224,43,223,11,125,7,141,160,96,15,40,87,171,95,113,3,87,32,241,122,185,80,193,159,146},{115,252,206,221,89,56,30,82,39,255,244,245,169,230,209,233,75,35,237,47,118,101,246,204,174,156,132,117,150,252,30,181,227,73,204,177,162,195,90,191},{159,225,249,201,219,121,159,224,46,29,88,170,208,20,98,21,75,168,10,201,212,9,34,216,111,19,235,230,214,173,82,132,221,250,60,145,99,120,54,126},{78,242,86,247,203,255,31,50,208,87,26,225,20,9,78,48,86,242,6,182,12,126,167,122,90,91,11,243,29,154,161,114,79,188,26,161,118,125,10,61},{51,103,62,84,148,248,179,113,103,251,7,197,122,231,179,56,165,181,60,64,169,114,133,9,127,64,210,240,161,220,142,217,195,234,86,47,202,68,212,46},{179,161,22,65,124,122,19,129,101,72,204,28,253,29,3,66,239,27,2,119,180,141,98,207,214,106,161,182,44,181,45,35,9,15,234,140,100,136,5,4},{1,202,28,14,75,17,52,246,117,200,105,85,90,102,161,102,188,185,139,169,180,246,17,156,104,136,86,176,68,166,116,170,120,165,68,248,142,66,158,82},{16,16,19,49,253,181,6,106,18,30,123,128,32,211,14,46,43,136,77,72,35,19,130,3,241,136,132,129,149,19,166,34,99,73,18,208,146,185,149,186},{225,87,21,159,138,17,245,81,11,132,59,141,211,45,60,199,190,73,137,104,92,93,213,166,45,197,135,21,70,18,35,91,246,240,24,153,54,49,45,56},{187,34,186,165,253,185,43,243,20,53,192,124,225,238,28,109,240,129,220,161,154,230,244,253,131,247,52,80,40,62,245,77,230,21,190,243,217,39,241,148},{187,91,244,5,156,118,151,209,72,181,14,69,225,110,247,246,93,215,52,218,131,27,238,177,126,30,115,207,118,208,242,201,39,98,165,214,96,210,159,152},{78,198,118,7,201,231,203,19,179,37,183,136,171,62,76,213,55,36,147,55,159,56,188,38,101,40,243,44,188,151,190,158,196,2,63,35,69,233,108,125},{123,63,161,188,197,226,155,139,88,31,151,221,138,175,44,94,20,211,144,26,67,84,106,49,159,212,3,242,137,153,203,115,110,61,131,174,209,140,127,88},{92,182,35,58,43,242,13,194,154,133,91,162,225,224,198,231,17,136,155,54,131,140,20,157,171,194,5,113,189,135,125,135,248,116,149,142,79,22,197,155},{155,143,23,6,116,58,109,129,72,149,95,134,129,168,26,116,252,111,60,150,102,199,224,174,69,207,81,236,109,209,124,249,132,250,94,71,45,229,239,145},{221,131,51,43,82,89,70,134,57,197,130,8,5,122,138,129,143,229,255,14,186,135,12,194,251,157,73,163,112,64,219,149,18,0,68,114,209,235,10,177},{183,215,140,66,180,116,171,10,7,74,231,255,246,54,137,37,123,0,230,249,12,189,232,129,39,253,67,58,34,86,76,28,108,201,28,190,59,188,216,9},{111,1,190,97,151,43,173,121,181,50,147,78,153,64,5,41,122,108,21,237,38,26,4,182,134,246,170,232,88,224,166,3,146,4,248,156,25,137,181,123},{240,141,222,153,249,150,146,188,223,196,122,127,112,179,139,148,225,212,66,158,202,221,174,178,209,178,52,212,166,249,215,253,177,162,183,122,50,92,190,133},{29,5,220,33,70,50,75,119,226,238,215,157,115,57,65,43,52,97,100,183,139,128,141,128,221,140,184,76,230,217,72,96,112,66,37,87,13,199,86,133},{205,182,213,61,45,148,155,184,32,109,244,139,136,240,87,147,32,203,221,126,193,37,99,141,95,205,77,92,145,146,152,215,255,227,18,75,21,231,210,98},{124,118,51,207,64,68,3,54,94,193,68,227,247,11,121,113,243,64,66,206,56,200,166,55,150,45,62,93,70,12,49,98,61,192,119,118,127,101,178,246},{63,162,160,64,110,46,215,121,206,79,112,106,170,144,99,175,99,28,14,237,156,170,61,28,178,247,198,210,63,22,236,144,232,99,254,217,232,214,197,76},{136,173,34,219,41,191,190,46,202,140,102,128,172,193,189,168,25,134,145,216,84,189,222,118,3,159,93,86,101,124,216,217,102,237,72,110,207,245,244,59},{157,113,16,15,68,160,75,152,14,219,5,82,21,168,63,80,100,53,54,95,82,90,160,49,90,237,130,215,101,218,44,25,183,61,181,179,222,98,147,59},{242,240,134,16,166,64,234,137,122,158,42,80,133,222,229,194,164,85,94,39,75,108,108,137,20,136,83,68,3,183,110,73,249,136,36,186,85,25,130,157},{82,199,227,0,223,47,96,54,109,140,54,153,216,217,36,215,98,60,140,209,136,28,59,108,230,228,135,43,134,38,249,26,220,134,208,166,118,95,216,37},{87,214,29,157,162,230,207,140,222,249,153,159,190,193,146,202,50,168,231,114,139,119,127,155,78,40,103,236,187,45,74,56,171,39,43,121,146,228,92,206},{84,222,83,147,40,202,242,133,253,130,241,26,20,118,57,153,102,142,154,122,101,91,190,112,61,129,127,232,175,243,123,55,107,122,15,26,246,112,250,163},{179,56,66,157,68,203,75,36,115,176,72,92,245,196,13,207,134,234,205,69,71,16,110,15,126,216,130,252,253,230,33,11,22,241,45,230,91,97,119,87},{109,218,149,69,6,87,229,120,71,57,53,193,158,219,6,171,182,141,248,189,44,103,78,35,214,48,233,188,204,34,66,239,184,158,119,253,235,212,7,212},{73,70,91,111,118,87,226,254,158,202,212,178,218,111,167,190,0,105,76,52,171,27,77,82,8,102,254,211,50,163,42,62,138,222,254,184,191,174,227,214},{240,188,237,134,5,104,117,59,73,32,219,9,78,240,222,244,86,227,253,184,38,18,247,223,241,64,105,240,107,179,57,115,188,62,247,145,67,73,62,65},{54,25,102,232,228,138,23,240,53,181,81,142,57,217,100,218,30,217,151,220,185,109,103,124,0,123,224,85,217,6,79,55,1,62,116,150,21,131,33,13},{211,41,233,35,45,83,64,239,62,147,134,54,9,164,204,17,20,42,118,155,138,199,198,247,213,78,251,246,217,155,198,6,70,250,150,28,30,227,34,18},{184,191,214,66,187,108,38,96,128,87,176,34,41,58,113,187,193,71,144,149,64,243,84,34,101,134,170,127,0,102,22,15,108,236,77,15,162,12,157,215},{83,138,77,111,118,127,63,89,117,123,82,35,215,53,222,27,164,90,217,204,204,80,124,231,115,134,13,58,97,174,115,134,59,29,223,181,175,238,159,186},{53,15,48,74,112,77,189,28,114,196,122,254,238,77,50,166,165,109,54,15,141,212,153,125,134,232,79,61,45,141,145,188,96,46,70,186,71,72,31,75},{101,15,111,16,107,215,103,124,76,136,155,190,110,37,182,21,221,251,81,204,137,69,115,90,122,5,3,74,135,238,132,79,234,122,156,87,153,81,192,237},{17,157,17,234,164,27,146,179,156,249,14,115,92,121,242,0,211,89,237,193,104,106,68,106,114,200,225,51,123,167,67,122,157,32,218,118,170,20,146,82},{31,81,217,4,85,166,81,247,38,78,193,111,246,80,99,181,249,79,53,8,112,27,253,59,146,202,36,64,4,81,208,94,153,73,251,108,10,196,188,144},{253,95,216,149,23,59,94,105,105,77,16,97,190,12,52,199,218,103,43,0,182,11,20,179,247,25,95,212,3,232,140,138,120,180,81,112,153,148,159,7},{228,17,181,108,180,192,189,150,202,250,218,238,140,73,105,196,39,131,130,253,64,15,168,134,85,120,4,208,113,240,86,35,182,94,29,224,236,136,207,85},{196,91,5,215,206,101,92,144,221,102,184,99,208,30,128,4,204,191,255,253,55,101,215,102,24,200,106,221,93,59,137,92,10,208,84,203,25,237,162,37},{203,73,236,188,147,209,223,234,213,235,185,24,217,179,187,11,7,20,81,186,27,141,108,120,95,25,252,182,109,225,83,181,80,114,184,38,138,133,69,134},{138,239,87,53,102,62,217,171,51,202,243,246,243,91,84,97,57,171,245,74,40,11,153,208,186,226,236,129,30,19,243,38,215,49,229,44,163,182,72,229},{86,214,190,92,227,249,159,167,157,1,170,122,239,10,88,73,162,48,112,228,255,172,240,224,169,216,246,243,47,58,200,38,22,75,37,189,243,104,39,24},{15,25,137,54,228,183,160,187,169,224,187,157,231,142,47,222,190,215,30,104,253,164,116,254,252,121,201,101,60,47,39,158,135,81,252,75,252,185,144,57},{177,128,118,174,18,138,112,231,121,83,71,15,208,54,242,75,183,58,46,224,192,167,31,145,185,130,136,249,227,171,51,122,186,168,199,29,255,131,145,224},{211,207,132,106,105,22,27,168,35,159,218,125,54,100,12,192,24,139,193,135,203,196,41,201,147,15,111,45,255,68,191,193,172,37,243,35,147,116,136,47},{131,177,209,194,162,239,41,110,137,102,147,239,23,51,114,43,134,151,246,57,255,92,174,83,41,246,214,15,141,60,187,16,165,20,179,229,40,78,58,143},{166,172,83,46,181,235,23,29,104,211,148,217,110,11,90,168,46,0,3,253,93,255,76,123,68,102,3,208,88,204,231,141,12,101,0,69,78,48,149,227},{253,28,224,54,239,202,47,24,11,236,27,75,65,61,2,212,138,157,145,48,145,57,20,188,88,19,204,94,214,186,233,113,94,13,156,82,156,197,35,6},{230,89,166,69,237,101,155,29,172,130,72,211,174,162,189,156,144,41,169,56,43,232,188,184,74,31,183,214,143,55,141,242,135,202,250,227,19,54,210,151},{7,92,131,206,112,35,98,119,106,2,222,83,186,188,245,72,17,194,253,147,89,241,192,229,133,213,173,122,230,132,92,127,124,150,144,76,81,158,184,119},{157,149,40,153,201,62,241,212,42,150,144,85,42,92,127,104,239,200,217,177,57,161,42,79,151,163,170,113,112,64,134,116,199,191,229,185,18,137,79,225},{118,93,98,132,120,120,27,114,223,206,63,182,181,6,138,220,216,175,231,152,169,195,19,92,61,35,5,55,225,224,47,98,196,70,197,110,155,145,221,166},{225,84,188,191,123,99,154,65,5,138,64,249,190,123,91,152,232,190,130,21,40,103,51,191,184,31,1,58,78,134,100,160,7,243,78,159,91,110,158,213},{196,19,192,166,231,143,63,195,217,128,134,192,79,170,132,207,148,105,109,47,56,47,109,199,58,241,177,115,63,96,102,225,194,106,64,255,161,249,48,144},{200,93,211,156,216,80,57,206,233,171,166,106,120,33,236,72,32,183,219,222,173,77,34,34,63,141,216,18,42,221,157,245,120,1,136,232,102,225,108,9},{51,220,152,74,215,9,42,70,248,93,13,206,173,110,20,38,108,11,116,9,197,107,48,140,43,206,187,111,242,92,138,144,225,3,63,20,217,60,185,106},{190,123,241,202,101,190,217,65,195,32,243,177,34,53,115,225,99,47,240,22,103,12,168,190,7,244,111,247,179,222,194,142,30,92,23,88,71,128,13,192},{117,58,169,165,171,39,108,5,21,65,181,188,154,90,89,20,51,200,11,178,186,210,97,50,107,127,77,92,196,219,155,74,120,230,83,53,100,243,186,251},{143,135,135,250,114,101,77,40,95,113,18,6,193,158,115,242,166,91,51,78,146,75,194,196,167,107,65,146,60,126,84,46,225,71,115,84,12,251,98,242},{245,213,240,109,207,143,182,7,178,99,254,220,182,35,64,236,156,231,10,133,238,247,188,92,64,94,200,127,132,91,154,233,235,56,244,0,176,73,5,115},{99,119,141,136,60,114,205,191,50,184,110,81,23,103,223,133,17,102,78,165,231,48,75,179,41,153,252,211,164,247,193,239,208,103,91,26,234,100,122,18},{246,16,254,97,92,100,69,106,230,159,207,96,143,83,88,106,71,189,188,1,240,150,46,32,40,252,110,61,205,248,38,89,166,177,203,170,173,215,251,202},{192,136,91,222,149,175,41,154,50,66,184,51,28,93,53,219,232,109,3,180,246,141,100,185,102,197,148,24,252,166,190,157,229,76,57,55,219,7,87,180},{121,74,247,189,101,157,22,202,209,43,143,131,243,0,189,16,181,119,25,209,151,156,142,249,232,219,148,184,226,187,20,182,161,169,165,87,95,94,100,246},{52,187,98,219,248,118,66,221,109,135,9,131,184,72,9,243,200,100,230,169,56,68,45,162,43,5,72,123,101,225,57,197,100,170,107,126,151,235,149,138},{28,164,135,161,133,37,255,26,87,166,37,38,132,85,121,134,248,69,231,52,250,47,188,17,42,93,31,189,226,153,59,130,98,16,54,71,20,171,50,117},{14,152,63,70,227,112,55,31,105,118,191,106,147,40,119,227,57,93,83,225,27,205,182,182,159,67,89,223,26,43,54,250,173,96,121,149,204,35,138,71},{104,163,47,16,35,32,83,65,43,167,71,110,55,251,194,43,163,94,148,112,166,229,214,160,178,190,67,95,46,168,8,215,183,40,76,55,12,88,240,238},{119,161,70,240,254,101,55,172,177,185,231,145,4,219,128,37,172,248,137,88,220,120,180,203,129,154,209,96,17,170,90,28,13,227,69,86,28,94,240,39},{205,213,91,10,170,160,104,81,238,118,217,27,30,212,238,102,125,184,244,64,26,68,139,98,109,65,116,30,118,185,221,180,178,111,208,174,112,84,157,218},{81,56,156,149,3,94,208,117,21,132,6,139,214,40,99,247,130,102,232,124,217,17,213,250,59,143,125,73,182,224,63,94,84,2,253,181,201,191,165,34},{108,63,20,102,15,61,235,8,76,98,165,242,6,11,113,66,148,100,58,72,7,234,190,120,18,207,3,115,113,133,33,255,113,224,124,88,20,162,97,196},{90,148,121,162,2,33,151,141,24,243,40,107,211,12,173,62,223,18,74,239,136,88,220,179,254,142,209,107,202,152,55,0,80,2,83,110,188,113,127,53},{26,45,245,102,104,23,91,108,229,169,112,49,197,159,75,251,234,155,71,236,82,96,110,15,243,200,96,10,74,111,45,233,115,145,76,3,218,47,165,174},{123,221,60,248,50,202,164,85,144,35,136,235,148,225,159,35,216,34,138,200,127,171,144,87,108,36,46,225,228,154,131,45,146,107,78,240,235,254,217,166},{118,197,50,54,17,56,174,147,235,95,124,178,50,107,51,211,156,225,197,87,192,223,131,15,141,20,208,237,180,204,117,232,28,39,53,34,127,226,117,149},{20,155,13,12,152,220,157,229,68,75,204,102,46,103,103,133,18,154,166,157,247,2,251,236,238,177,14,198,156,64,1,215,198,104,230,5,150,136,61,146},{210,151,35,195,239,210,155,136,55,217,69,28,103,21,113,196,77,60,211,172,48,226,219,113,33,0,211,82,159,116,199,180,86,199,6,134,88,91,39,155},{157,37,135,122,43,175,117,145,241,249,164,212,69,95,84,221,65,8,71,252,138,115,217,225,20,160,190,175,84,179,4,143,187,12,103,238,99,177,3,53},{209,253,92,128,161,24,11,26,219,203,72,199,99,29,70,151,225,95,74,165,141,132,249,39,121,215,19,30,132,71,204,196,178,9,117,33,109,234,163,254},{168,25,59,54,121,19,244,67,149,34,86,170,61,86,125,2,11,159,139,215,215,222,124,195,40,193,102,34,25,14,252,7,24,132,93,76,20,221,171,53},{209,115,202,238,71,149,122,87,100,79,63,78,130,134,118,138,107,225,89,158,69,51,201,238,46,199,92,176,104,111,148,62,81,201,192,106,104,133,101,135},{63,185,117,167,5,178,245,91,62,41,195,204,230,78,138,41,138,253,27,125,246,190,41,201,106,171,117,219,201,122,29,227,238,192,30,246,254,201,68,58},{76,33,66,49,50,214,180,27,171,214,143,229,223,55,74,81,203,37,200,168,209,66,42,79,51,85,240,30,114,221,242,28,62,61,46,59,165,51,114,41},{33,161,181,180,158,36,86,230,80,132,115,219,191,120,113,160,246,205,21,8,221,2,229,84,141,142,77,180,178,119,246,129,76,137,128,161,224,107,185,191},{99,86,2,244,78,172,223,129,205,243,136,200,62,3,0,202,69,89,215,98,88,44,255,191,150,236,53,235,193,176,198,224,212,33,68,148,215,249,181,247},{88,191,173,165,37,104,98,1,101,255,131,9,87,147,120,12,112,152,72,51,190,54,127,235,95,247,18,77,24,17,219,40,105,224,49,192,49,20,225,103},{77,161,53,229,60,46,20,153,216,96,197,20,121,74,173,50,107,186,81,87,241,29,186,112,146,40,74,37,117,220,171,24,114,167,145,27,229,17,147,72},{159,8,188,58,116,53,130,122,125,12,116,51,228,7,56,6,132,221,95,43,209,198,36,240,155,167,233,32,181,22,231,130,202,154,6,123,213,19,128,179},{89,201,141,83,170,67,154,175,216,93,87,47,244,118,19,92,125,89,102,118,17,120,251,65,107,94,76,12,159,203,153,109,78,177,82,195,135,116,131,212},{27,254,113,251,155,97,235,133,136,116,110,145,248,62,248,149,77,82,107,62,109,159,51,117,162,250,165,92,140,12,152,60,21,10,153,115,51,82,161,94},{193,131,198,118,141,7,86,167,2,125,121,227,234,68,190,105,71,91,77,106,16,234,213,66,167,32,198,50,17,121,35,199,27,246,212,82,156,102,253,46},{45,213,203,154,247,73,203,199,4,195,251,173,176,22,93,56,74,99,43,7,46,57,61,50,233,117,30,52,154,157,128,170,67,244,199,70,199,167,202,120},{172,217,70,231,59,134,165,232,134,23,3,24,117,64,145,160,226,56,21,50,117,74,98,209,126,15,185,62,168,227,183,197,172,241,244,69,209,43,166,27},{67,9,160,30,144,8,48,132,221,15,54,201,220,10,175,154,85,150,2,241,170,249,116,76,4,244,206,147,80,0,201,178,219,202,119,144,124,71,247,161},{24,135,166,52,234,10,100,251,121,211,207,109,142,225,42,183,83,228,218,231,62,139,238,153,130,221,98,125,155,3,1,40,243,134,149,159,133,8,147,242},{241,50,105,30,131,47,115,168,18,14,16,249,20,31,134,207,80,111,24,191,48,4,93,244,114,13,230,144,147,168,71,9,58,191,48,208,153,0,214,34},{2,103,170,110,74,21,55,152,213,247,250,93,30,105,102,249,13,61,80,20,3,159,193,80,133,144,136,152,118,41,162,237,217,148,240,117,192,17,17,63},{170,57,125,136,144,71,57,108,238,102,39,197,3,123,124,25,198,178,29,200,176,205,10,17,4,249,40,40,26,242,37,65,2,21,168,82,228,244,228,51},{53,171,73,199,95,207,193,4,105,33,133,30,202,90,102,183,142,36,39,58,54,248,90,76,175,85,131,54,193,12,69,192,106,63,163,173,7,147,174,11},{135,182,172,136,143,152,191,122,177,92,154,203,174,53,53,179,220,12,32,177,47,240,32,244,159,104,177,113,239,203,231,13,70,24,152,130,43,184,124,29},{35,51,205,31,62,3,236,108,152,60,149,214,150,105,94,179,122,207,36,21,98,169,16,131,112,235,176,88,56,202,20,82,53,208,38,127,8,139,170,135},{175,148,236,32,157,26,23,46,146,145,114,156,233,15,72,173,95,167,155,177,218,109,141,152,198,103,147,97,63,204,178,149,131,24,114,144,96,34,183,142},{83,16,61,39,105,109,132,232,169,108,163,75,205,64,240,49,192,176,164,31,34,101,68,49,45,35,154,85,62,197,58,95,193,202,255,146,24,4,65,227},{132,175,253,213,81,198,182,51,164,147,99,124,80,225,61,32,34,183,89,60,230,218,226,66,172,25,149,219,93,245,58,210,70,174,155,221,199,50,207,71},{240,38,72,221,41,202,81,200,99,93,217,12,73,91,171,19,203,51,132,165,90,243,1,12,19,186,231,33,108,212,93,174,177,73,60,78,52,69,68,20},{227,32,179,197,112,98,91,223,65,211,39,39,133,52,20,135,254,118,84,183,164,239,221,132,12,86,220,3,57,42,143,2,60,68,39,229,73,121,12,163},{84,207,227,86,59,188,220,169,131,61,190,61,126,255,164,113,31,178,77,237,114,105,50,206,89,101,200,112,10,102,134,163,243,249,105,88,23,41,232,195},{123,25,85,18,230,157,144,54,171,0,200,120,158,133,203,142,83,67,84,175,214,177,84,68,193,17,254,30,14,78,241,247,237,123,180,241,225,128,241,19},{1,4,2,254,204,75,90,223,201,145,129,12,128,202,235,194,109,161,101,42,199,156,39,119,188,73,212,208,15,199,251,156,121,65,149,104,155,255,136,167},{26,123,56,56,8,187,156,11,16,106,240,202,113,58,184,224,30,119,137,246,221,80,183,142,134,64,58,228,238,197,49,181,118,239,61,135,205,87,129,124},{229,27,230,158,22,189,234,200,236,96,155,115,59,111,20,166,169,210,31,5,24,166,96,235,212,131,228,91,57,91,100,125,209,228,107,22,54,95,116,237},{94,66,142,228,185,45,188,244,14,101,5,24,148,242,42,241,117,114,164,46,119,194,233,231,58,198,42,92,250,178,13,145,200,154,210,119,84,9,184,133},{43,42,203,31,48,148,79,152,169,60,130,110,133,237,151,118,114,48,208,79,56,171,200,204,248,184,100,83,145,179,154,22,184,117,198,175,237,239,3,7},{42,166,20,239,172,194,252,149,197,58,9,122,123,33,145,164,154,11,166,44,62,108,178,142,170,244,67,32,157,176,128,16,56,68,250,149,62,68,122,135},{138,19,57,174,76,197,162,99,14,145,124,240,65,215,175,138,237,108,108,57,142,207,41,179,79,67,66,142,100,41,159,172,188,41,105,180,7,180,183,181},{55,221,254,238,184,10,172,212,2,104,242,219,132,241,13,163,128,217,139,179,5,94,122,199,159,9,39,131,31,75,84,165,133,195,214,111,111,228,211,200},{201,90,10,70,164,156,142,186,152,108,152,174,80,110,222,136,64,101,73,41,41,252,150,101,20,66,58,171,235,213,219,90,154,65,172,174,158,13,8,123},{210,158,20,35,153,137,114,215,108,98,74,20,54,184,21,44,130,222,223,180,95,46,188,255,172,92,250,35,103,223,139,66,216,100,184,36,199,139,170,4},{57,173,158,219,106,232,235,51,254,15,37,203,224,255,43,72,17,21,131,37,106,116,185,2,242,32,27,156,125,91,241,23,225,214,94,37,91,170,231,108},{152,84,67,34,142,87,48,177,181,140,241,174,160,104,96,189,208,160,229,139,21,91,11,238,51,34,239,110,244,8,245,114,129,98,171,165,4,120,10,114},{126,121,202,180,238,109,170,100,196,243,166,145,33,96,103,252,223,233,58,123,241,148,8,106,72,118,35,94,222,210,242,5,111,209,4,160,46,142,13,63},{147,136,250,0,35,254,237,168,33,145,215,168,86,231,254,92,159,72,16,191,137,251,90,33,196,118,230,3,113,13,103,241,148,69,255,221,90,206,210,236},{164,194,158,69,56,73,107,112,179,88,11,75,8,30,251,46,156,208,150,196,86,105,219,71,66,99,200,233,86,227,133,244,186,51,212,55,162,241,16,215},{66,77,22,150,174,182,132,118,18,14,159,36,31,233,106,199,50,69,158,144,80,73,142,96,143,242,74,194,27,141,106,82,201,115,235,204,169,157,123,150},{217,137,219,222,123,166,128,182,65,89,140,232,93,142,250,105,116,155,40,244,0,81,243,214,248,168,62,251,18,164,24,29,82,247,178,20,250,87,97,41},{138,124,73,154,108,117,114,97,63,141,17,235,150,88,117,226,240,198,172,154,210,33,198,18,3,87,217,150,93,13,77,201,17,37,64,33,161,41,34,11},{203,200,45,243,104,147,184,92,28,88,2,249,89,52,10,69,36,188,111,93,154,101,217,176,226,210,218,170,252,68,172,42,7,199,250,49,129,154,200,196},{168,201,117,125,105,118,137,73,69,194,194,196,39,57,7,7,95,81,229,220,181,2,43,7,14,229,90,32,19,87,110,89,109,184,82,180,156,126,153,195},{157,92,233,161,76,204,145,236,128,158,168,199,150,94,6,237,65,166,221,109,247,29,132,46,248,249,126,57,50,9,59,121,255,176,78,23,241,162,141,203},{152,191,9,6,48,52,230,10,108,32,90,166,101,72,252,127,231,33,45,68,31,137,201,44,7,132,142,18,234,167,83,202,189,24,69,83,103,126,240,233},{58,12,203,250,207,162,43,156,29,148,30,97,28,104,98,69,151,39,223,44,181,112,187,83,213,121,1,0,82,50,162,197,116,113,75,41,11,223,75,13},{148,45,23,152,216,159,189,44,117,181,79,58,242,44,221,212,99,98,208,59,59,114,97,15,24,229,25,101,29,178,106,151,164,20,253,144,165,37,23,226},{118,170,46,174,52,235,29,59,221,40,215,58,26,57,41,151,124,174,4,33,215,96,23,160,50,109,161,239,225,54,77,250,101,118,194,96,161,197,63,241},{89,123,42,225,35,159,10,76,10,123,53,42,76,135,21,47,183,252,215,118,8,128,35,151,192,107,87,156,232,229,25,227,181,139,218,173,11,69,123,159},{111,147,104,71,112,167,63,203,1,57,132,190,209,46,168,124,62,242,103,234,192,51,106,161,56,181,210,18,214,250,163,241,115,24,148,237,26,226,250,184},{106,85,135,162,143,4,108,168,160,112,230,24,156,49,218,55,43,163,163,90,229,181,22,138,155,102,186,215,35,152,64,235,213,33,235,108,83,60,198,246},{143,150,49,36,153,42,191,73,48,201,78,129,2,99,167,53,141,211,129,226,169,75,32,139,132,177,77,73,55,187,198,56,249,168,41,151,33,239,57,89},{64,57,14,64,226,232,229,78,178,83,104,45,22,85,39,218,240,210,244,186,0,47,196,8,145,16,165,154,245,223,214,74,193,104,147,249,180,13,205,56},{116,160,163,234,244,168,231,75,162,46,210,204,161,157,244,119,127,184,166,2,201,133,98,1,56,179,144,19,119,130,73,64,141,44,221,51,29,37,254,107},{178,126,187,78,243,166,115,135,123,253,133,118,107,119,1,207,173,24,176,190,46,35,147,166,197,113,117,96,52,24,135,84,215,18,182,177,168,193,200,210},{186,35,185,236,229,123,23,21,30,181,4,146,77,90,172,91,197,237,187,210,229,130,162,75,249,141,40,180,145,208,134,195,40,94,76,129,252,116,107,15},{207,58,122,120,75,191,109,88,37,159,88,196,41,163,100,63,231,121,102,170,232,223,183,191,20,119,162,185,53,108,127,254,78,125,95,210,154,148,108,127},{113,127,62,83,129,251,132,165,205,66,160,236,1,201,9,42,245,9,142,203,223,13,187,220,229,148,246,76,192,120,148,58,92,229,233,199,39,141,66,20},{187,0,30,8,253,240,126,253,187,227,191,124,52,191,46,249,178,69,127,255,2,68,143,236,63,115,162,229,135,44,166,208,63,70,124,142,45,121,165,207},{145,203,117,95,88,99,27,164,250,28,199,156,229,10,112,178,63,189,60,39,155,138,153,112,110,153,136,142,250,52,119,84,128,129,238,130,101,165,47,0},{23,129,22,232,175,83,137,235,225,58,35,81,69,49,195,63,3,69,130,101,238,181,91,207,22,61,52,212,182,91,1,2,204,43,244,175,32,62,219,210},{206,50,2,129,148,49,58,101,203,237,68,173,117,108,115,155,190,236,232,122,60,7,17,44,28,116,234,70,221,237,142,5,89,19,47,170,93,151,148,249},{139,2,150,159,157,185,238,244,112,194,40,170,93,238,219,156,168,248,179,209,146,31,80,87,49,68,92,4,195,179,177,182,10,161,17,102,215,147,151,16},{205,37,174,85,214,232,16,235,141,9,116,18,144,13,191,33,52,2,192,23,223,156,180,161,203,4,73,124,106,231,73,149,107,17,135,162,163,8,106,19},{20,65,129,102,200,141,162,160,195,130,0,102,19,236,84,198,198,255,144,109,168,112,173,101,105,152,170,75,220,98,49,114,139,28,64,236,55,176,201,143},{94,103,221,227,198,128,128,55,152,193,57,31,146,126,150,167,117,96,216,247,240,63,88,7,161,118,167,9,15,58,211,13,89,148,88,84,202,102,127,154},{55,121,33,87,0,30,216,198,62,204,73,115,41,81,12,219,77,22,199,221,173,119,72,143,38,248,159,16,233,74,200,248,186,94,7,79,32,215,1,236},{145,136,213,251,237,30,184,31,121,248,225,249,242,93,227,105,61,66,38,177,101,34,141,131,250,95,252,24,122,254,67,164,182,164,242,182,51,91,250,128},{168,163,17,1,61,166,229,247,69,92,81,184,165,44,237,113,90,151,161,236,124,229,84,146,217,216,170,224,23,244,225,17,169,17,51,58,129,138,136,154},{89,93,40,57,210,231,35,157,206,70,189,197,84,184,224,113,115,47,249,47,170,43,47,237,248,43,96,164,69,201,200,238,9,106,189,85,79,70,72,91},{250,120,2,97,12,34,97,127,230,61,210,91,70,75,29,227,86,172,84,34,27,236,132,243,151,237,148,248,119,212,87,106,43,238,3,218,141,173,125,62},{118,214,123,80,102,9,6,92,212,172,201,179,155,193,96,140,218,219,183,24,40,121,11,195,178,18,32,163,146,100,27,96,25,17,137,178,89,110,57,119},{7,62,8,25,242,91,150,142,117,87,15,31,179,229,197,117,181,98,219,230,183,117,241,199,146,1,191,48,201,74,128,219,187,167,32,156,238,182,128,178},{124,205,86,38,177,213,219,211,165,50,140,217,1,134,99,100,238,22,226,201,83,221,111,94,242,131,192,106,237,222,134,98,146,163,161,119,75,66,223,8},{162,3,73,150,93,1,141,55,145,42,30,44,247,209,163,180,149,17,78,206,40,130,199,200,74,246,214,253,213,227,185,67,74,228,171,30,21,72,83,150},{200,111,9,111,213,157,25,242,124,208,38,34,223,13,150,11,138,208,192,70,65,33,86,249,58,40,229,203,44,196,183,179,239,235,164,131,136,146,229,185},{241,222,41,134,222,161,3,137,212,122,98,146,242,32,151,165,83,175,145,60,45,70,83,56,141,118,144,90,182,142,255,166,228,147,31,186,153,135,171,28},{53,64,175,62,198,242,206,154,172,17,148,118,40,138,142,225,40,141,216,119,104,26,217,97,206,140,116,74,85,237,57,219,172,76,31,30,90,225,183,101},{22,163,12,129,176,236,147,228,84,69,42,148,150,87,138,76,90,97,211,14,141,169,206,41,238,205,123,104,115,148,82,64,33,143,219,65,252,202,54,251},{189,74,148,125,28,170,201,11,218,131,51,167,113,129,45,179,22,69,239,105,113,155,0,159,15,165,62,150,127,133,198,156,209,255,173,95,248,52,6,125},{154,170,121,239,57,142,34,138,167,203,129,25,250,171,83,133,46,238,46,155,8,27,107,155,14,12,212,239,139,42,103,245,156,245,250,68,47,145,9,207},{22,251,89,46,197,18,38,167,23,35,168,96,188,209,184,254,85,24,251,171,23,226,108,129,140,6,82,128,27,253,23,82,221,153,82,223,140,23,124,11},{195,251,65,118,98,176,232,152,59,246,42,88,217,203,190,191,247,223,242,222,248,136,37,252,242,180,217,146,105,249,208,208,12,181,179,134,113,48,187,3},{172,130,105,155,10,162,90,26,136,120,92,170,66,107,91,52,228,58,72,249,60,57,247,10,182,149,242,38,178,167,106,182,110,150,178,234,44,14,193,221},{223,226,180,74,69,166,241,177,5,229,128,170,53,192,69,243,175,118,246,91,11,179,225,162,43,79,107,142,142,141,149,19,244,179,60,152,193,105,121,211},{14,164,168,162,237,236,244,206,181,88,221,89,94,125,97,2,238,86,145,36,156,58,12,104,236,33,4,92,74,199,11,239,109,253,96,129,214,204,82,244},{119,134,26,54,249,106,247,251,222,176,8,11,185,79,148,64,235,79,254,136,180,165,245,207,42,189,20,245,10,12,90,213,205,187,110,108,254,1,231,19},{22,182,88,211,71,74,91,12,218,69,143,21,2,47,146,160,69,96,51,241,198,20,189,46,110,206,27,21,114,188,253,176,42,217,160,73,202,159,49,63},{185,46,164,44,127,180,111,150,53,94,22,255,70,99,95,215,170,159,22,204,226,113,167,71,136,253,11,230,89,232,94,57,226,131,50,190,124,112,189,8},{100,86,246,69,133,214,64,177,162,149,167,152,24,60,124,49,165,134,187,227,11,227,156,147,188,215,127,60,249,128,18,212,87,17,136,138,144,113,70,142},{213,141,147,43,9,5,69,232,94,224,214,62,76,179,106,37,239,204,175,54,95,165,223,215,56,17,187,55,252,253,153,178,215,206,84,61,229,179,243,86},{0,6,131,231,62,158,168,58,45,252,81,254,45,52,207,237,60,185,63,79,112,120,7,160,145,66,249,252,139,35,207,117,212,112,21,106,165,115,178,44},{2,133,54,164,28,129,219,240,103,24,35,114,188,243,209,146,37,155,61,149,155,86,119,154,194,102,61,128,27,147,22,139,236,117,33,10,144,58,39,100},{33,181,34,157,242,43,141,93,163,9,69,243,115,138,252,195,251,247,55,159,8,63,134,18,4,114,74,248,190,52,160,103,203,109,84,36,45,157,229,99},{199,113,128,240,38,204,236,45,148,141,3,20,11,46,55,18,116,174,0,6,98,124,210,227,145,180,193,73,98,183,26,157,203,35,237,232,253,17,130,98},{193,175,94,32,148,87,191,157,216,29,20,112,110,222,6,3,5,248,166,231,236,118,33,59,111,230,218,45,4,99,177,63,197,65,132,225,6,250,28,76},{199,114,157,231,10,169,149,189,162,0,169,182,174,122,179,59,130,0,113,83,51,161,137,95,145,127,88,160,3,180,197,98,155,58,140,149,244,28,45,0},{57,180,6,129,37,91,177,139,87,240,239,88,178,147,234,7,200,10,122,118,79,215,254,190,204,189,133,56,3,10,116,243,166,200,78,189,84,177,162,41},{74,194,40,231,232,181,220,200,169,186,14,253,138,10,130,204,76,34,181,11,138,214,184,116,224,120,172,0,186,113,100,44,50,184,135,36,177,165,10,109},{239,143,29,36,241,166,208,233,203,79,127,30,141,251,173,243,220,24,38,166,150,70,228,37,99,44,190,138,197,249,185,82,100,16,126,206,89,202,3,140},{113,151,92,231,55,98,144,222,155,172,232,175,188,28,214,249,154,193,201,167,78,90,221,190,114,18,9,242,64,190,60,127,80,108,6,249,219,112,79,188},{35,62,56,233,180,88,58,110,101,33,60,73,168,191,8,120,108,29,226,54,78,176,202,94,28,5,24,11,113,251,196,224,30,223,116,232,201,181,20,220},{197,136,121,44,37,173,0,97,234,175,213,244,124,7,199,137,141,79,34,237,117,122,170,113,193,213,207,30,249,35,137,71,205,67,132,80,41,213,196,83},{201,152,167,119,135,161,64,63,76,4,79,163,212,230,10,147,245,54,243,191,196,235,68,253,27,59,206,101,106,78,80,79,152,75,224,235,201,153,237,169},{104,103,36,157,53,140,110,228,180,159,9,15,30,8,187,218,30,195,249,151,94,115,71,6,14,171,116,20,76,77,84,249,53,68,81,25,67,91,81,151},{216,157,31,233,210,213,244,214,47,216,79,22,90,86,175,170,141,107,244,42,183,235,6,255,169,34,226,75,93,100,1,71,9,205,85,125,230,237,255,229},{252,162,88,68,252,184,199,69,231,41,161,121,34,85,162,218,134,13,59,228,129,219,232,85,60,168,41,206,233,150,144,250,106,142,143,160,254,35,11,107},{255,92,238,25,51,141,43,227,207,254,97,220,209,73,188,191,181,91,21,233,35,51,67,69,108,172,218,39,23,42,207,106,134,198,162,56,20,208,80,183},{108,41,88,66,239,195,17,100,28,62,99,177,68,206,107,159,26,18,172,92,53,214,63,155,62,9,209,93,203,242,49,130,82,128,83,73,81,71,15,16},{104,248,91,87,210,200,28,235,249,221,200,38,104,222,85,178,97,0,28,105,168,219,160,246,107,58,232,22,95,164,54,80,138,139,177,192,81,194,217,210},{248,190,195,220,84,58,31,58,127,1,149,51,225,84,131,54,119,11,244,210,77,172,173,206,26,226,73,8,0,88,91,135,155,76,219,90,164,250,236,206},{191,26,201,252,229,137,205,94,195,137,123,234,16,53,12,111,55,117,101,177,123,178,192,75,74,64,253,13,0,42,198,182,84,91,2,65,166,116,33,14},{48,102,204,219,57,86,186,216,147,120,43,172,96,40,246,13,219,191,54,111,247,42,218,238,11,245,96,171,37,60,108,130,141,39,44,89,177,113,43,128},{200,40,45,222,2,234,126,22,211,68,89,17,215,50,213,249,91,170,100,57,239,162,255,152,168,194,116,246,68,160,1,160,169,160,102,241,123,19,141,1},{214,245,194,12,101,74,71,59,69,12,158,246,22,180,211,128,200,18,132,158,111,24,46,222,96,111,18,228,206,136,124,30,66,17,160,236,87,145,13,61},{177,63,87,175,85,135,162,211,18,118,108,135,254,29,179,154,1,39,206,144,211,29,229,206,220,214,189,252,250,40,123,67,75,115,87,108,103,76,38,234},{220,245,168,248,227,121,114,241,7,4,219,243,52,234,192,50,165,179,36,33,101,14,232,139,239,31,184,235,34,99,33,154,175,82,118,53,232,173,245,79},{133,7,179,114,239,209,138,92,226,121,138,217,253,179,116,250,115,94,92,240,25,240,73,157,65,48,120,129,137,39,239,181,111,161,166,80,253,104,65,212},{129,42,164,58,52,134,244,250,49,180,71,29,220,246,230,25,246,213,27,156,97,226,141,244,113,179,155,21,119,179,248,94,92,60,67,124,201,199,57,174},{34,146,99,115,140,96,157,18,80,175,132,48,184,81,96,107,142,73,146,85,85,7,10,132,122,254,242,7,19,110,167,231,84,229,156,125,178,243,231,25},{88,62,149,113,220,8,212,16,41,141,227,228,236,183,195,96,85,57,39,141,30,22,75,237,148,206,198,160,68,92,66,49,12,5,240,141,113,164,18,102},{228,84,231,180,18,131,55,179,204,3,238,126,41,131,66,152,154,111,148,7,197,191,165,210,176,181,29,33,247,93,107,203,198,33,56,13,81,54,94,136},{84,85,165,213,109,98,113,166,176,64,120,123,110,184,151,246,24,227,238,206,210,205,58,10,47,145,21,178,186,117,82,74,240,84,247,199,222,181,193,168},{125,239,112,131,126,102,114,184,202,243,113,158,83,122,0,101,31,46,76,19,50,59,184,221,244,111,192,5,76,41,214,147,198,138,42,216,193,254,47,114},{214,174,254,169,224,210,218,247,18,145,19,30,170,11,63,213,212,24,251,231,160,131,237,171,44,231,71,26,223,53,65,183,237,137,96,16,161,23,27,193},{24,127,91,228,111,197,163,202,117,10,203,178,127,150,88,63,162,188,192,128,83,112,81,28,139,172,78,37,156,85,128,34,230,174,60,74,218,187,216,146},{206,164,79,210,236,255,148,130,167,127,57,231,224,80,251,72,65,119,98,17,56,28,116,231,58,227,164,180,77,31,117,103,224,78,119,162,132,190,216,75},{115,15,154,57,238,169,45,66,203,66,86,94,209,176,14,87,237,14,55,44,139,77,77,41,204,161,100,194,3,177,130,110,71,25,166,13,170,5,47,179},{100,127,250,30,239,30,235,138,77,142,102,69,10,239,195,23,119,53,59,192,51,123,22,1,74,48,53,202,69,198,117,30,226,155,141,96,134,32,78,99},{192,36,201,23,202,202,56,74,77,203,246,199,26,19,235,117,134,126,114,138,160,88,163,51,213,128,160,227,234,236,184,166,180,1,27,209,45,184,162,92},{16,176,107,156,224,224,84,41,69,210,148,204,205,168,158,243,89,33,48,31,218,76,196,147,98,145,140,189,62,59,240,4,91,196,98,251,190,145,246,42},{58,49,37,167,3,123,77,143,49,214,32,184,140,42,96,214,133,203,200,99,164,15,248,26,3,159,6,229,234,213,160,0,206,215,125,252,198,190,216,187},{113,89,213,252,32,196,201,185,215,162,11,235,50,40,41,17,70,89,40,66,195,249,237,135,80,77,58,170,17,34,117,68,20,233,102,17,232,241,96,12},{180,150,201,46,67,37,221,90,217,146,167,172,148,75,102,157,136,177,164,43,43,170,202,95,34,9,232,247,210,131,253,15,36,226,60,181,176,74,36,154},{213,167,88,47,181,61,195,124,26,135,253,173,254,163,25,87,199,242,87,39,124,145,25,186,155,242,125,245,216,197,229,189,147,78,199,17,213,52,144,6},{111,231,47,93,152,164,223,226,142,79,43,13,22,41,110,124,0,78,58,148,118,28,27,114,56,242,171,27,16,60,155,175,176,197,35,94,241,241,237,79},{204,105,195,21,48,29,110,220,166,57,98,187,142,229,18,209,51,191,199,205,174,94,180,154,207,1,39,156,52,94,29,175,64,243,214,102,172,108,158,106},{14,133,3,126,92,160,110,131,167,153,129,248,128,248,217,211,53,137,196,86,52,251,59,166,233,129,84,254,191,20,244,230,162,3,72,58,157,192,41,207},{248,181,233,219,102,116,165,249,102,12,20,245,255,226,168,253,32,159,204,224,233,40,179,184,43,68,9,110,246,48,79,67,177,194,76,14,198,174,39,183},{148,63,32,0,29,94,2,240,4,166,122,63,98,54,222,221,30,43,57,235,31,43,61,38,65,171,164,97,230,2,140,103,8,6,230,137,198,221,70,156},{13,70,226,249,237,13,202,20,112,190,180,28,209,76,69,198,128,103,47,204,0,5,171,75,182,77,103,174,39,245,205,44,63,32,216,88,6,219,151,153},{60,71,152,232,161,172,35,217,18,219,23,75,176,248,93,5,206,132,158,154,71,83,227,211,14,74,187,48,95,219,154,109,237,21,102,49,47,21,42,68},{122,53,158,211,241,2,84,246,79,224,74,1,114,83,20,15,224,43,90,210,226,247,168,110,60,212,229,32,218,218,25,242,230,147,148,200,196,102,183,172},{35,100,28,85,97,210,82,244,128,108,250,107,170,0,180,205,149,129,238,249,236,246,189,11,32,10,6,44,83,251,160,224,225,21,32,245,243,246,186,69},{203,207,181,28,125,250,130,177,68,208,176,37,245,9,105,91,2,222,129,189,76,211,89,44,247,184,18,211,206,132,58,148,175,157,101,32,54,122,181,23},{130,70,146,21,74,126,155,178,142,142,73,253,0,132,102,183,1,73,11,122,100,232,228,165,125,53,25,216,180,176,159,202,230,239,134,31,99,207,179,29},{23,215,88,98,120,238,209,172,171,168,110,227,244,133,21,146,239,67,25,90,12,25,55,66,61,54,105,24,36,118,207,45,197,2,249,28,160,208,200,10},{183,192,68,103,85,132,168,174,233,181,206,51,32,208,178,65,50,23,31,83,16,34,54,198,239,175,91,157,198,239,30,81,144,113,128,106,202,214,86,186},{20,165,127,183,61,72,146,54,74,52,62,102,243,215,52,205,208,104,62,47,37,148,156,61,87,128,46,156,32,113,183,32,88,162,5,78,16,163,3,16},{18,177,209,62,74,113,27,12,191,4,255,165,176,255,32,1,140,227,125,205,219,234,191,225,139,191,153,250,224,243,50,151,204,153,96,254,207,57,129,200},{216,40,110,114,64,62,29,250,173,28,169,51,253,200,242,18,70,136,72,203,26,2,129,23,149,236,212,227,56,14,187,83,39,236,228,180,11,250,20,250},{117,41,222,87,1,208,44,45,200,180,27,231,29,164,245,95,125,48,128,220,57,158,4,121,225,78,187,231,121,115,180,41,167,169,86,78,184,111,125,75},{182,114,135,111,97,180,110,41,66,93,143,94,176,71,53,97,242,247,185,176,177,103,145,154,214,254,18,233,206,6,207,55,195,75,205,211,200,121,232,152},{233,78,48,218,249,251,129,234,251,27,221,154,247,96,17,34,246,7,126,105,109,200,242,125,232,114,65,155,217,7,92,44,210,37,214,65,249,82,176,250},{151,223,179,105,210,137,9,53,119,34,215,23,212,180,12,118,249,108,97,79,92,110,22,239,71,171,200,75,144,50,121,86,119,239,132,63,124,162,253,88},{89,175,112,117,153,19,200,40,19,253,101,240,4,72,199,228,253,71,246,179,180,104,90,152,97,38,36,89,53,16,106,49,192,133,244,103,117,137,153,252},{120,49,214,147,81,74,33,69,116,205,105,248,168,191,70,253,112,250,95,169,114,108,12,120,60,210,34,71,184,145,244,186,120,215,80,104,114,92,170,191},{102,173,155,47,237,182,162,191,3,26,45,136,198,150,245,22,193,2,153,32,182,67,198,75,189,58,48,132,14,142,240,221,101,62,228,190,105,34,194,57},{159,84,168,145,22,51,208,246,120,154,192,13,43,215,131,180,4,135,24,211,225,119,74,33,74,6,195,186,61,131,163,104,233,16,213,25,83,201,136,218},{218,197,32,237,125,5,179,66,219,26,173,121,213,188,44,21,216,170,125,224,55,86,119,147,221,167,59,150,108,35,189,62,31,132,143,181,148,20,130,58},{114,187,182,20,154,226,47,162,193,124,175,156,35,164,160,6,81,250,218,106,231,213,6,92,46,196,110,80,144,241,46,198,226,51,164,183,168,91,102,88},{223,194,3,120,47,158,29,213,184,241,82,98,159,255,214,16,69,94,120,75,195,225,66,233,170,79,26,4,52,69,218,222,56,17,107,239,74,199,251,74},{214,76,40,150,223,115,181,245,99,162,235,240,9,120,14,34,59,213,32,171,245,94,36,96,243,204,203,215,81,184,101,130,57,131,151,109,178,22,221,225},{84,38,24,75,106,206,142,203,242,109,8,92,176,180,202,81,150,139,207,141,121,106,106,117,211,125,213,228,169,21,114,125,217,81,240,218,101,229,190,160},{233,117,143,102,223,137,198,15,87,202,79,6,205,68,249,232,227,149,80,26,160,39,187,107,129,243,246,247,157,195,4,146,101,215,45,218,53,243,50,220},{222,76,188,165,146,131,13,52,243,56,93,102,192,187,250,154,12,174,142,105,86,74,137,57,190,47,248,166,99,33,233,120,154,252,225,123,124,127,215,90},{7,38,254,126,136,21,75,158,73,17,5,96,223,67,136,236,29,92,0,243,163,15,165,215,124,219,149,29,133,37,93,29,45,226,169,158,233,17,214,243},{15,21,47,119,207,138,195,219,235,194,197,57,92,252,194,222,251,121,255,53,116,135,124,55,74,56,86,74,204,180,195,11,17,117,240,170,52,114,57,57},{29,92,136,212,138,133,170,70,110,177,132,37,179,36,209,155,41,35,108,163,53,16,172,145,201,156,211,209,26,184,17,199,215,30,36,170,130,50,71,69},{119,209,97,64,35,220,29,223,6,85,100,26,53,13,240,149,21,207,250,36,225,120,252,165,211,125,73,100,135,123,211,191,192,101,223,103,207,219,176,236},{240,88,22,190,156,172,244,81,109,7,11,202,196,174,139,83,190,149,147,181,171,182,100,146,228,57,159,95,61,57,74,189,233,242,229,101,181,155,244,247},{82,229,99,68,71,153,241,23,210,224,46,70,237,59,97,236,254,9,89,73,166,71,227,119,18,45,18,135,5,103,30,175,254,75,86,226,36,50,167,182},{214,59,0,117,150,147,41,23,75,112,38,85,59,116,84,82,228,126,80,148,229,156,255,24,218,45,29,39,159,31,179,152,91,50,150,168,117,166,228,109},{191,171,110,22,224,7,50,158,66,95,112,70,78,59,170,19,33,214,105,76,24,77,144,36,7,142,94,39,217,75,37,102,172,104,170,191,128,52,31,95},{152,26,203,216,182,119,52,141,251,180,222,19,22,137,134,237,156,181,90,18,49,157,211,9,118,249,215,20,224,50,234,205,9,101,195,179,27,187,129,108},{78,40,62,139,109,220,99,69,162,108,223,191,127,177,34,181,144,52,125,76,112,129,108,233,177,84,113,228,151,213,124,132,83,131,23,171,15,144,177,35},{209,5,180,26,182,167,252,245,65,138,78,161,234,226,223,105,118,89,61,37,9,183,17,65,156,77,240,58,245,133,146,61,229,162,215,252,171,128,211,107},{204,161,223,225,154,225,208,164,235,247,233,18,167,46,169,194,92,18,189,249,114,38,90,13,100,57,27,119,60,97,82,22,248,24,251,122,226,193,221,111},{13,15,86,7,102,174,90,15,2,40,3,76,230,182,136,187,250,19,187,88,169,143,184,232,181,238,187,177,104,183,70,211,18,195,44,157,188,237,130,225},{144,50,130,68,222,26,210,140,97,254,216,126,67,237,88,72,150,27,228,190,141,71,107,21,4,1,126,82,246,16,92,251,101,106,77,148,237,92,211,143},{56,49,26,97,51,103,159,205,186,91,209,108,184,230,156,167,170,158,34,245,174,116,125,182,143,232,251,113,47,154,11,116,40,79,105,7,235,239,85,227},{116,125,1,176,161,130,86,215,158,192,132,105,134,9,242,114,159,15,148,95,189,174,100,184,216,198,53,208,175,11,53,53,206,180,94,185,77,13,36,32},{252,181,35,100,189,187,164,177,15,22,51,17,59,171,223,81,181,121,38,157,100,229,81,161,60,127,32,248,150,237,66,12,169,46,69,233,17,47,147,11},{118,86,172,115,173,112,215,239,93,179,43,60,104,5,58,19,26,62,80,84,92,116,200,82,98,69,102,202,58,74,247,35,21,199,118,62,85,158,63,198},{249,93,140,25,185,223,108,59,226,0,198,180,144,59,115,162,139,73,110,94,203,92,217,188,207,83,187,25,193,225,255,1,118,184,46,105,7,101,8,136},{172,20,162,122,239,74,138,64,243,218,126,125,140,178,44,18,68,10,37,6,44,243,78,136,169,82,22,246,38,246,93,89,5,242,222,179,242,0,108,244},{8,60,168,195,245,181,188,2,235,237,34,31,92,66,204,127,133,146,80,149,227,5,223,248,213,23,7,141,81,88,155,187,83,181,185,41,219,113,205,5},{30,147,22,37,149,80,230,112,215,226,116,73,81,252,171,120,6,116,232,127,54,170,118,220,158,130,20,237,102,81,246,255,16,21,238,0,90,27,3,242},{108,97,126,144,160,78,213,43,41,58,142,142,174,49,25,83,15,32,110,36,178,216,94,67,245,100,240,157,112,193,19,217,42,23,105,234,101,117,35,218},{59,87,190,166,111,72,193,61,125,112,92,197,21,253,64,3,112,86,28,44,23,136,134,221,111,228,201,48,10,63,83,177,114,211,255,237,13,216,61,85},{194,67,186,194,76,92,201,97,12,88,37,68,164,178,228,122,255,63,111,248,8,6,69,233,137,16,195,95,109,106,120,148,153,31,215,142,211,100,214,33},{103,113,40,255,227,83,133,167,150,212,22,194,166,152,195,36,204,94,190,109,39,32,177,224,56,55,117,250,48,190,42,73,133,227,3,109,211,207,127,249},{186,178,185,196,234,93,74,77,123,36,3,3,85,211,13,74,102,121,213,199,30,91,57,26,252,185,124,246,24,79,115,145,196,16,13,173,4,150,162,134},{5,223,149,184,85,120,4,166,31,131,103,129,216,39,46,140,58,158,222,180,182,173,174,19,138,141,163,54,163,182,4,234,60,192,131,133,165,184,166,189},{122,133,134,200,82,225,200,95,225,83,220,211,215,247,233,111,213,210,230,247,90,161,192,120,15,57,222,116,4,35,89,70,52,236,160,177,205,13,21,50},{157,204,78,121,81,233,24,124,43,175,40,122,113,230,148,253,250,134,133,33,217,253,167,108,125,47,129,55,177,56,33,189,6,182,137,147,215,135,151,214},{134,78,208,81,112,119,33,169,48,234,216,197,244,196,43,183,253,40,130,133,119,185,104,147,40,227,133,17,104,154,78,6,112,159,50,172,218,99,171,198},{54,235,252,99,186,31,210,96,92,122,11,229,231,191,103,239,114,170,126,162,212,251,175,36,186,154,110,1,165,185,244,32,46,184,65,77,158,13,24,111},{233,203,224,223,243,51,172,175,81,13,82,211,151,252,191,149,12,25,31,111,249,251,208,63,221,104,168,78,180,131,1,33,85,67,235,190,167,107,224,237},{211,30,98,226,51,197,64,195,74,56,244,23,78,47,3,255,94,140,200,223,129,83,168,12,81,227,77,189,173,169,151,40,253,25,209,35,132,19,97,87},{90,40,147,126,5,102,114,59,231,211,210,247,15,114,194,62,115,187,109,72,29,123,230,103,245,130,78,50,165,13,158,113,241,237,232,77,225,71,173,20},{1,24,234,15,53,45,104,67,105,187,53,168,115,171,103,134,80,98,196,14,249,18,147,91,255,142,80,173,147,45,154,139,109,240,249,44,74,246,19,78},{228,107,143,22,254,35,242,77,129,125,226,100,121,190,57,202,65,47,146,228,186,221,3,175,131,221,232,157,190,5,93,214,115,147,217,177,187,9,220,239},{233,14,83,58,137,119,67,165,73,135,63,147,22,71,91,26,119,118,96,105,106,183,244,212,154,53,143,195,118,81,10,96,114,148,13,11,15,216,197,169},{36,214,241,176,70,202,59,192,68,202,193,27,241,187,183,199,248,44,34,31,67,54,175,174,192,137,220,165,132,209,162,228,98,7,101,127,208,203,28,153},{142,12,233,144,228,161,226,114,230,42,40,12,177,74,102,250,149,10,186,238,250,184,47,212,137,246,69,135,54,112,105,195,143,76,56,133,51,132,134,100},{30,67,253,196,222,198,142,39,121,82,70,22,142,81,85,29,49,154,231,19,138,202,39,112,53,104,21,136,194,141,20,16,173,133,7,99,160,247,68,106},{212,49,25,57,225,74,253,86,42,25,5,157,244,206,206,39,64,104,81,108,107,233,66,84,184,37,176,219,244,135,248,111,215,148,88,107,50,100,132,221},{92,251,205,174,238,72,33,47,155,78,233,162,26,221,167,136,182,58,249,20,150,133,189,165,139,141,181,143,119,7,93,138,132,0,136,214,219,108,233,46},{49,211,56,150,97,206,54,171,15,188,110,183,207,73,18,18,177,174,43,164,217,129,49,169,47,130,113,103,54,230,215,125,218,194,134,40,57,114,198,251},{23,8,148,63,209,15,56,20,222,2,134,120,212,230,12,80,79,13,103,210,243,97,7,198,229,181,115,220,5,229,75,3,206,90,46,36,49,59,31,30},{243,134,192,208,181,1,19,218,146,241,114,16,18,223,159,183,139,103,140,59,11,190,225,79,6,54,125,100,90,169,177,65,249,230,232,223,187,167,234,131},{80,43,211,109,122,49,207,238,19,119,147,213,248,90,67,212,44,103,96,230,135,249,197,15,82,216,169,94,165,99,136,154,122,0,13,67,72,194,34,74},{85,79,72,181,245,94,161,225,237,207,82,31,152,162,61,138,237,190,77,86,145,242,43,140,17,214,249,112,93,43,251,160,101,154,150,146,123,126,210,204},{19,202,201,18,67,144,163,171,88,190,169,120,107,116,49,229,211,71,174,204,137,203,18,134,147,70,21,197,6,108,249,172,208,51,197,214,64,28,25,86},{59,236,101,19,104,152,25,2,35,5,47,189,235,56,114,154,176,234,122,47,154,28,62,59,183,165,161,143,160,159,238,110,230,92,220,32,213,238,153,223},{119,151,230,79,244,6,222,29,87,187,207,30,95,118,216,114,72,69,40,101,178,40,106,34,227,5,189,223,223,87,0,220,173,105,165,107,234,126,140,57},{154,230,75,194,141,110,85,240,50,240,52,27,110,107,6,58,11,63,179,98,106,239,227,183,11,237,105,210,22,146,148,11,216,126,66,224,27,100,123,12},{27,118,238,29,239,147,4,78,65,207,195,81,74,192,181,202,82,147,28,42,153,50,4,104,231,215,188,4,33,55,150,89,229,88,140,146,151,105,213,65},{159,99,132,81,159,4,155,198,5,240,14,41,105,120,113,25,210,209,59,165,162,93,32,16,148,196,23,54,3,62,147,6,156,101,211,82,57,116,100,139},{199,247,242,254,232,98,125,6,132,143,133,31,12,2,201,251,147,51,157,126,97,86,159,170,250,175,36,155,130,181,176,11,124,49,59,253,57,56,72,60},{47,172,191,11,119,234,66,187,149,71,217,249,99,117,178,91,159,137,51,13,90,20,183,199,107,55,156,80,102,6,162,184,185,47,80,135,195,51,80,103},{42,156,231,197,123,21,98,175,189,226,78,172,217,189,219,200,85,213,71,74,242,106,178,120,206,181,215,218,113,91,205,25,159,28,77,245,87,250,104,60},{51,186,169,113,132,253,253,64,50,167,208,207,5,237,72,137,42,89,61,6,126,57,212,236,55,108,248,68,2,251,108,137,29,42,85,12,238,195,58,144},{168,29,222,231,42,230,116,210,248,118,40,226,212,212,58,240,248,39,220,48,251,240,244,207,13,233,28,48,30,121,19,3,198,87,6,65,225,254,140,245},{113,50,67,140,73,25,74,152,185,2,27,14,200,203,242,125,150,242,207,125,182,162,230,81,103,110,131,150,150,188,76,21,219,58,222,40,38,242,151,121},{70,209,143,119,215,229,135,210,174,230,220,54,205,238,200,115,197,127,114,52,232,221,121,181,200,36,74,141,204,51,6,166,38,27,105,107,98,137,206,207},{145,218,110,103,199,97,4,189,202,93,4,185,250,0,35,209,232,187,240,62,205,127,105,61,154,85,164,7,4,108,28,184,95,174,34,85,173,19,32,90},{236,107,156,76,116,215,48,35,221,198,250,8,212,237,110,174,54,176,7,196,126,142,19,133,227,152,121,125,84,106,130,135,48,134,122,96,204,109,217,111},{82,227,3,233,153,189,156,68,228,96,147,80,7,88,15,123,51,158,10,58,188,217,26,25,3,161,232,224,162,90,241,120,177,201,141,206,190,43,241,61},{139,210,43,203,175,198,125,167,39,89,168,67,71,245,54,215,227,220,121,180,162,101,121,214,62,127,90,235,15,191,147,16,137,28,177,45,181,201,235,82},{135,204,229,191,53,218,176,63,151,206,247,97,33,245,108,145,101,247,247,33,69,86,68,24,25,49,21,176,49,244,23,66,124,141,101,36,163,212,229,153},{146,225,50,164,232,238,118,47,53,168,111,151,145,120,66,169,122,107,177,104,202,46,30,134,158,58,202,109,109,238,111,50,10,3,96,219,37,182,191,106},{93,40,185,55,4,176,245,73,132,231,187,134,53,209,5,237,19,15,147,151,10,168,134,143,130,206,134,37,83,56,9,216,106,98,48,17,5,49,194,228},{196,38,19,225,202,76,7,189,212,78,77,30,154,128,68,241,137,108,214,204,111,119,156,29,215,34,91,216,167,197,82,96,58,143,235,82,109,211,191,80},{85,222,89,29,143,193,217,63,243,237,101,45,14,206,121,247,242,79,124,217,106,11,210,72,144,61,153,16,91,32,25,241,38,76,202,93,36,29,190,153},{9,101,113,73,168,131,126,222,155,109,85,6,2,227,210,1,240,62,209,81,14,246,93,45,58,84,177,97,151,57,110,211,0,142,90,55,54,45,201,122},{8,99,251,134,148,198,41,210,115,188,13,56,186,36,43,137,224,60,150,137,83,189,152,196,117,66,21,169,248,99,223,33,251,208,6,234,18,198,211,52},{237,40,218,255,214,250,65,189,79,40,122,139,137,178,208,101,218,100,157,141,246,223,231,133,103,128,118,48,112,170,38,242,234,70,87,215,253,16,124,58},{82,177,61,177,9,207,9,27,1,150,211,49,221,233,232,254,94,158,230,175,4,56,149,92,34,13,229,181,147,12,235,179,109,178,33,58,202,158,59,118},{49,197,100,181,150,164,21,118,255,62,164,33,153,165,149,41,188,115,78,164,170,45,81,1,242,58,118,83,141,95,249,186,182,98,214,64,151,66,112,137},{150,122,25,244,0,248,88,19,24,225,248,200,132,71,49,98,21,213,152,22,117,4,202,137,13,199,90,13,5,26,228,27,51,44,15,121,161,43,44,16},{194,80,220,135,57,240,134,87,117,90,214,91,86,81,193,162,4,37,187,202,123,23,251,244,8,249,64,122,13,20,172,11,241,198,188,241,227,107,164,79},{91,128,47,43,131,142,227,243,8,15,94,40,102,57,156,44,236,68,21,4,19,112,18,97,142,179,70,81,157,216,56,55,30,82,69,13,78,221,31,103},{59,136,54,203,31,154,175,92,202,107,17,198,159,228,46,87,50,106,81,54,100,22,200,15,117,112,39,17,202,47,199,228,61,230,180,11,96,137,225,22},{61,255,169,102,15,216,246,176,119,88,161,211,9,206,46,14,123,76,147,45,1,53,207,215,70,228,49,22,219,9,48,222,183,187,179,190,22,91,86,207},{122,214,235,103,77,134,94,128,132,123,77,86,59,195,154,15,99,45,219,169,85,33,95,49,224,190,7,202,130,119,169,245,104,69,18,123,171,198,233,50},{6,9,47,172,24,220,22,2,216,29,8,73,164,91,34,198,244,7,95,207,142,23,173,150,44,229,70,54,211,202,244,120,170,119,89,52,29,4,55,122},{106,192,203,48,107,18,116,210,134,22,234,116,177,97,54,221,153,238,198,31,98,141,186,41,84,212,14,101,52,41,64,99,12,225,115,41,158,20,12,208},{10,59,235,122,4,1,180,150,7,52,203,223,195,204,78,130,199,131,158,190,32,22,0,14,47,75,88,171,166,18,71,62,27,30,67,41,68,130,201,3},{138,232,197,3,169,116,201,162,173,76,240,28,250,106,209,24,121,72,97,247,219,2,179,167,82,7,218,180,95,175,43,79,152,220,156,65,81,249,218,178},{202,197,194,51,44,141,78,80,233,35,149,52,166,239,110,132,135,175,24,75,54,178,178,21,8,63,232,114,104,56,101,49,44,156,173,101,117,147,68,198},{80,34,66,11,45,236,67,216,69,46,57,226,40,5,157,149,92,51,229,246,65,81,34,60,70,251,29,69,151,123,250,79,47,23,168,3,96,109,188,101},{102,148,221,45,204,204,165,50,205,135,240,162,57,106,69,215,84,65,61,45,37,197,133,45,138,32,214,245,194,238,164,238,205,36,201,226,121,247,237,142},{76,26,63,183,242,250,6,21,199,148,87,241,16,203,1,192,236,201,176,0,199,214,132,118,34,73,235,6,139,168,224,20,216,168,52,45,54,128,58,90},{195,231,183,121,155,158,122,150,103,235,51,162,227,182,127,145,222,188,74,12,75,146,209,59,238,183,147,0,185,169,171,236,204,13,184,49,126,254,209,63},{61,155,202,24,231,228,211,136,147,96,188,95,207,229,9,253,242,213,63,70,199,61,97,192,34,122,135,88,0,179,71,208,211,144,17,73,30,252,253,172},{130,106,190,80,19,108,242,32,81,101,168,115,237,187,98,97,127,74,85,161,197,215,106,211,40,244,254,106,72,1,64,41,117,18,58,121,108,40,105,234},{188,84,59,71,83,17,123,211,27,101,167,22,214,196,96,52,126,105,200,122,202,247,162,213,127,127,43,40,224,176,69,150,24,157,20,228,229,11,48,209},{224,46,204,36,129,118,30,99,45,213,190,17,158,30,254,231,47,50,38,134,230,165,229,221,10,208,57,194,186,255,246,184,178,137,217,133,138,119,186,88},{242,121,233,181,8,248,238,146,98,217,240,165,15,215,67,40,55,168,121,91,19,153,137,76,200,69,183,4,9,39,15,202,108,210,63,238,68,2,236,219},{121,135,249,86,86,107,251,219,235,178,234,140,220,192,11,144,195,22,139,165,236,115,184,196,92,114,95,98,70,65,71,237,220,42,108,228,235,106,167,15},{32,70,73,251,14,201,254,242,96,27,151,126,253,160,165,195,63,166,176,28,136,180,116,155,49,247,98,226,173,242,63,130,238,62,196,98,120,252,216,221},{176,107,174,132,82,64,103,240,215,114,134,50,121,191,132,73,103,93,174,54,8,22,148,215,58,96,176,199,14,117,67,164,254,173,80,165,155,189,181,15},{199,122,106,195,39,239,33,23,247,197,83,118,236,222,105,197,47,128,149,88,153,70,56,209,118,8,36,13,56,144,140,212,193,255,193,93,191,200,54,162},{214,161,92,212,51,103,42,14,21,27,131,1,46,221,116,64,70,213,156,224,243,147,201,112,81,119,231,97,223,139,113,180,230,26,251,206,104,148,204,209},{144,185,252,113,70,78,232,32,245,182,128,202,211,235,26,170,49,78,240,137,70,255,64,173,132,246,202,0,1,226,0,207,147,184,123,206,233,198,1,184},{200,84,17,156,153,250,219,36,81,235,11,42,43,136,203,147,123,244,180,148,244,176,2,111,1,196,179,74,19,128,134,223,97,12,247,38,215,183,29,111},{133,27,139,175,231,129,87,149,146,208,180,75,127,219,155,79,159,206,56,212,106,94,68,237,144,145,25,169,85,61,89,8,102,246,74,179,97,161,130,127},{32,18,0,210,105,69,156,182,186,16,227,46,218,220,219,182,230,32,95,184,63,30,142,120,24,177,175,185,186,246,32,14,192,136,219,131,16,95,179,200},{20,46,184,189,59,32,44,156,5,152,136,68,140,78,236,30,106,213,209,249,97,137,19,112,29,1,164,232,58,168,61,213,73,174,243,184,242,222,79,50},{215,91,95,109,111,111,36,240,81,156,248,228,64,37,229,57,213,164,252,14,135,249,205,98,84,219,247,211,36,66,77,177,24,75,171,13,122,22,181,187},{10,119,36,153,165,172,42,99,18,144,243,98,169,71,38,118,111,45,168,50,28,90,105,77,201,51,219,223,84,66,246,209,140,88,43,1,96,191,166,16},{59,99,88,139,124,9,230,158,36,180,235,33,108,229,123,117,167,211,111,25,103,175,196,173,200,191,152,94,131,157,254,244,159,48,77,175,11,226,236,100},{177,68,191,188,12,5,195,40,171,118,118,100,101,214,211,135,244,222,25,5,236,56,151,60,254,27,32,194,33,255,217,53,86,82,219,120,26,162,94,179},{109,38,150,235,76,125,9,21,152,13,88,117,162,70,85,244,191,249,28,107,221,222,117,16,230,56,183,227,30,201,226,65,140,54,85,104,77,217,7,145},{52,89,115,110,216,20,200,227,200,123,67,56,84,12,3,202,216,126,100,42,51,76,101,235,189,130,53,3,134,147,92,195,102,80,184,75,46,154,155,120},{212,136,27,56,212,241,157,195,96,156,157,7,231,119,160,200,155,55,125,44,205,128,62,50,103,227,145,35,154,56,113,184,55,18,78,179,8,183,127,177},{34,85,227,112,206,2,21,124,142,237,40,252,32,67,231,107,132,149,135,176,31,250,179,251,175,57,64,158,5,49,42,225,151,25,131,37,3,23,18,215},{100,114,36,131,76,61,204,52,164,101,41,156,131,110,18,242,95,144,26,222,134,25,119,6,148,198,47,22,49,77,188,246,67,142,250,39,42,195,35,198},{145,199,80,138,135,17,126,172,195,115,43,222,152,44,117,136,90,60,174,100,155,14,231,159,41,26,34,83,239,208,216,29,23,38,213,122,232,102,122,197},{178,171,167,87,156,140,100,199,80,208,119,81,236,252,112,49,197,183,152,26,100,106,53,219,167,105,147,76,245,245,188,104,198,150,150,128,171,23,58,31},{29,235,244,191,8,110,49,52,161,115,50,9,9,94,104,233,162,43,15,40,202,168,124,101,93,216,34,62,144,113,6,235,250,19,130,216,23,81,46,200},{175,240,71,229,86,89,234,220,64,246,180,187,160,181,75,107,232,4,35,206,248,12,158,190,37,65,70,247,115,0,150,100,40,170,139,176,221,210,255,19},{147,65,4,64,218,117,203,15,41,19,3,12,3,59,111,216,193,59,211,233,112,97,7,63,191,191,155,75,153,220,184,187,73,36,167,84,196,234,115,155},{35,132,212,188,127,144,147,115,153,2,102,165,95,225,158,160,116,225,103,216,75,23,48,251,33,79,64,13,54,101,8,39,12,86,84,43,28,172,243,34},{86,159,164,234,51,129,148,69,111,41,97,7,134,126,204,75,56,59,254,236,220,234,24,170,3,139,170,106,173,93,178,89,208,169,90,141,103,100,190,177},{170,193,84,18,0,112,0,151,144,69,205,35,138,203,197,125,113,191,123,57,147,1,57,217,149,93,11,32,168,201,42,151,224,151,63,22,55,102,157,245},{6,55,94,187,86,140,226,184,110,117,215,212,254,94,188,208,52,245,36,140,128,141,159,218,36,44,219,206,130,150,213,92,36,178,205,135,76,201,56,191},{125,145,183,90,231,156,31,184,189,73,208,202,240,229,13,251,253,168,39,80,234,236,215,105,170,88,74,146,82,148,32,33,199,223,181,179,186,236,153,160},{9,66,255,117,77,84,16,192,13,144,24,97,93,161,248,169,34,21,176,169,223,24,37,226,97,254,1,79,250,176,233,237,148,139,115,60,80,84,177,35},{174,240,135,45,172,248,18,118,154,9,129,222,210,96,177,126,7,202,215,190,55,48,162,130,55,191,234,159,140,165,124,176,173,200,98,58,13,252,33,155},{252,184,135,222,97,29,81,211,253,71,239,122,130,109,34,162,160,161,181,14,31,136,91,224,245,115,176,34,154,215,88,122,44,8,202,108,226,227,190,7},{102,210,106,6,153,14,126,202,118,151,169,0,87,164,224,249,246,35,2,56,89,55,85,148,59,238,122,134,101,162,164,205,0,215,96,75,19,200,152,82},{170,150,251,163,221,71,102,14,41,116,132,217,175,216,207,78,171,215,185,204,30,213,45,187,236,38,213,119,139,153,233,166,128,221,151,54,3,250,26,76},{255,114,5,221,249,200,169,3,75,19,125,61,69,234,160,111,99,157,114,8,48,77,55,55,107,107,147,100,88,41,25,24,4,173,246,161,15,169,81,201},{224,49,251,111,115,7,50,198,61,191,31,158,167,248,149,245,45,176,0,45,98,250,67,187,89,55,28,50,185,114,85,15,64,17,62,199,99,142,92,116},{218,201,118,110,133,120,198,125,72,118,217,229,211,114,244,20,134,232,93,36,206,200,3,11,71,251,113,216,49,60,71,52,143,174,216,55,139,81,106,131},{81,189,236,138,136,223,234,173,254,93,125,242,104,71,205,84,209,144,15,252,236,92,140,136,246,204,88,123,237,37,133,23,31,217,140,91,196,223,237,210},{160,174,105,77,77,255,223,152,12,127,190,197,240,204,43,47,215,18,224,10,90,48,194,60,169,212,255,214,136,15,154,42,54,216,52,39,21,159,37,49},{85,87,6,157,186,205,226,172,169,255,88,107,151,8,207,128,155,190,254,201,92,89,58,180,123,82,141,123,48,65,156,252,36,203,221,178,126,69,98,194},{197,94,114,160,111,28,81,232,112,27,170,35,33,130,51,225,175,92,117,134,112,64,203,96,245,207,158,4,1,184,114,59,1,211,189,35,42,70,224,202},{23,0,43,152,159,234,206,184,60,236,169,157,220,80,179,194,150,226,36,74,200,218,7,47,96,178,103,170,124,187,111,143,164,211,62,54,230,249,174,142},{7,43,193,17,65,241,97,66,249,36,34,243,18,8,154,26,126,189,170,133,15,18,210,27,255,255,91,50,51,145,66,50,212,76,236,25,175,26,30,81},{205,75,187,45,161,81,205,64,164,231,20,27,104,7,23,58,28,0,229,22,153,196,119,181,96,236,127,93,207,221,230,2,124,189,100,197,224,36,4,113},{15,239,99,138,179,107,179,129,162,206,190,182,83,163,32,221,229,253,43,225,246,212,10,64,200,83,107,248,177,61,240,170,126,172,140,61,191,85,116,79},{174,82,247,202,78,60,174,140,10,195,103,141,65,118,48,191,222,254,212,6,68,107,163,116,127,67,28,213,30,235,109,115,230,25,20,138,33,56,106,104},{147,20,101,235,101,104,157,139,230,162,235,124,204,205,170,154,191,83,253,3,138,198,56,120,238,81,165,227,79,30,251,189,68,90,226,1,32,130,227,181},{50,187,242,128,148,246,239,61,7,158,176,151,13,64,201,2,227,181,11,233,164,208,244,38,224,241,144,190,198,145,67,100,91,79,7,64,129,212,156,197},{249,143,249,223,228,134,26,233,168,46,12,188,223,186,159,207,115,85,46,230,197,97,63,134,41,216,3,68,149,189,219,80,249,223,63,167,119,68,10,184},{6,228,236,151,63,98,88,138,9,54,213,105,106,146,252,72,8,191,56,236,190,102,81,53,231,83,68,175,246,217,223,161,69,63,140,77,73,76,161,108},{218,58,141,16,97,45,164,150,75,103,139,165,233,224,163,69,52,18,124,236,127,105,64,191,142,45,228,123,212,187,182,148,30,123,28,45,61,23,255,238},{180,199,234,179,90,182,121,142,183,60,35,97,120,188,142,167,45,30,243,200,99,25,89,92,174,219,108,121,199,87,138,224,192,1,131,51,124,119,165,48},{244,127,79,175,216,148,242,246,185,177,248,29,16,100,17,93,90,44,192,220,135,73,102,125,200,149,127,90,40,175,197,239,238,133,147,85,6,140,7,47},{23,149,37,111,201,243,134,155,104,122,98,94,9,109,229,229,15,14,254,217,67,17,244,108,184,133,82,175,134,210,200,225,182,214,119,84,227,115,116,199},{196,230,196,219,115,222,119,245,24,114,113,200,133,28,163,112,131,212,77,93,121,10,77,58,2,114,223,187,214,240,210,168,213,81,101,2,182,126,75,180},{17,240,178,97,120,185,58,32,47,114,2,121,234,238,17,109,180,14,145,32,216,72,127,27,20,82,159,180,5,169,234,114,173,45,100,189,83,49,84,72},{163,143,37,131,61,212,48,132,156,239,39,147,245,52,79,141,132,16,65,233,135,69,169,89,191,17,41,49,42,197,169,105,97,89,188,125,79,250,158,88},{159,52,254,14,242,126,35,162,186,25,95,12,167,192,30,34,253,189,23,236,209,168,187,101,46,0,121,201,132,59,194,19,41,235,95,242,153,162,23,197},{102,229,138,31,88,37,49,230,130,86,201,122,58,131,204,150,14,165,123,87,141,100,57,164,186,113,142,5,205,199,15,36,175,227,69,137,193,249,66,9},{96,134,229,27,36,61,201,228,163,253,137,12,106,49,4,179,90,46,227,80,190,250,239,41,132,140,100,192,200,26,226,108,116,219,176,184,70,202,245,66},{188,169,254,216,14,59,22,226,50,131,144,148,138,224,115,107,34,241,217,31,34,7,200,45,157,251,18,24,232,226,108,125,157,188,194,205,4,72,198,97},{138,129,106,67,124,120,135,247,202,206,29,121,195,156,54,235,7,229,58,236,23,104,25,2,181,201,14,95,197,24,80,11,172,180,113,140,107,33,24,142},{181,78,27,104,86,161,191,249,203,7,27,87,10,216,135,200,201,0,128,140,92,23,205,5,206,142,182,23,223,110,107,33,189,207,202,26,160,224,170,86},{162,77,89,182,229,118,111,193,85,46,212,52,240,89,197,130,148,85,164,189,171,56,193,71,43,150,13,188,168,150,96,207,7,35,101,214,209,158,76,4},{59,180,111,114,151,48,4,99,16,39,171,239,78,0,159,192,13,240,134,167,129,205,123,95,53,194,160,232,2,60,133,168,98,92,143,39,223,122,223,188},{47,77,66,212,135,250,185,69,6,10,210,198,126,127,18,70,115,179,80,117,160,165,246,76,229,98,247,61,125,102,49,126,147,114,88,84,151,142,137,219},{14,175,69,110,66,121,223,51,108,191,36,36,192,197,182,43,64,115,137,80,176,2,4,21,130,58,107,97,127,147,145,98,131,128,245,151,141,170,12,165},{157,161,153,202,144,228,38,29,153,18,101,44,75,122,127,168,0,211,128,184,54,40,128,88,5,193,143,150,55,102,100,27,70,160,54,7,30,15,126,244},{171,26,55,209,82,120,25,193,33,95,159,185,99,59,40,43,83,245,90,53,141,255,128,231,227,253,237,108,31,139,247,75,62,194,86,144,39,228,18,49},{72,29,32,4,59,142,33,216,186,220,247,53,243,169,138,214,180,228,42,226,228,196,35,187,87,120,153,186,132,78,243,100,169,186,207,199,207,204,8,146},{206,227,109,147,178,227,160,2,230,81,7,194,41,24,111,26,209,157,115,67,34,95,115,138,114,59,187,203,112,46,167,163,35,184,141,252,166,197,27,177},{128,17,11,90,184,228,102,89,206,137,25,175,107,112,88,239,199,239,125,62,221,233,149,114,7,155,94,5,21,112,235,39,110,191,111,32,77,115,238,210},{42,98,46,124,66,22,39,72,171,237,47,9,204,7,124,238,192,155,208,47,161,132,251,93,68,61,156,47,143,61,166,197,63,194,59,62,252,25,182,215},{148,103,35,246,160,251,137,94,224,148,180,10,247,0,103,172,42,21,216,112,161,175,127,92,188,89,179,172,66,56,40,101,227,109,172,134,85,56,64,217},{44,74,206,64,217,153,10,80,92,142,107,125,225,48,60,248,241,78,248,132,19,87,249,232,21,0,230,89,177,80,23,241,135,225,52,255,188,17,57,33},{160,28,59,14,110,120,116,152,111,102,27,8,247,164,114,149,52,166,39,238,187,49,0,96,203,249,216,158,98,237,106,247,80,153,237,242,87,233,131,30},{130,152,93,245,238,176,40,26,1,244,98,142,46,103,140,55,112,95,141,252,106,108,165,155,41,18,87,133,254,244,25,12,124,165,162,247,42,135,94,237},{201,220,142,167,194,78,66,242,23,130,57,29,170,111,36,83,237,236,230,30,53,122,38,121,216,187,142,167,154,52,56,185,164,165,111,51,48,16,28,175},{145,222,252,54,47,85,141,55,110,192,17,123,18,51,134,67,162,195,254,217,229,31,2,213,194,219,118,94,86,16,237,20,103,249,74,31,252,73,155,173},{53,49,173,236,212,249,109,83,117,108,205,123,244,165,70,5,77,93,167,8,53,6,246,112,81,237,23,164,5,71,195,223,185,215,133,6,180,158,28,6},{110,167,54,193,165,227,209,69,210,190,169,36,214,91,128,66,63,1,253,7,40,148,218,135,214,137,84,2,206,223,112,121,97,12,85,164,154,238,132,108},{107,130,180,193,29,196,7,148,34,125,211,196,153,198,168,240,245,199,220,249,17,192,95,62,142,154,128,104,155,164,136,121,162,203,17,205,240,4,153,80},{250,214,117,230,27,138,53,49,119,61,171,96,0,59,116,205,177,235,168,224,141,206,98,244,59,113,190,8,217,151,194,151,110,24,23,96,173,224,93,142},{186,210,152,210,226,253,2,123,131,237,211,241,162,47,43,108,211,42,182,212,39,174,231,209,191,196,100,20,156,252,240,191,174,121,15,157,180,101,134,20},{204,125,73,20,54,234,214,46,106,40,11,207,77,177,166,64,252,199,247,85,151,210,3,27,11,172,91,125,186,174,162,235,201,135,132,92,111,73,196,243},{199,109,3,218,218,58,3,125,65,105,248,42,246,3,27,144,212,244,206,109,255,189,158,199,214,122,206,84,214,55,217,153,81,147,0,142,59,215,188,107},{115,18,40,135,23,72,162,147,198,153,142,65,142,94,147,94,108,73,52,251,1,87,90,217,40,210,61,123,209,133,115,254,204,46,93,165,33,185,218,196},{187,219,171,6,72,73,65,90,22,11,19,191,205,71,146,146,63,133,164,132,79,85,224,229,9,86,54,227,47,222,151,168,220,20,188,163,87,147,235,142},{245,238,111,71,189,167,91,26,62,23,178,200,86,124,117,103,34,81,184,136,116,5,238,159,212,117,199,189,102,37,231,61,125,54,219,124,203,204,4,8},{141,52,123,106,173,224,3,105,120,51,223,174,103,98,50,100,104,203,196,90,78,49,153,50,13,25,221,170,88,143,49,160,34,1,108,11,84,43,31,85},{1,172,73,232,20,137,191,18,109,208,57,182,147,246,255,131,134,248,231,169,124,166,24,208,182,33,93,21,35,134,68,198,170,134,43,245,136,118,229,6},{51,179,141,50,122,37,65,211,8,31,137,190,154,18,152,11,245,140,173,86,49,71,168,240,224,21,226,13,234,60,20,55,169,176,9,62,204,220,81,212},{123,22,134,197,59,167,35,192,211,149,114,103,6,243,254,164,248,25,21,97,228,193,140,97,133,172,66,45,151,100,165,108,117,250,236,2,113,119,213,175},{126,127,162,65,243,164,110,156,119,123,185,198,135,16,90,224,27,207,69,70,128,87,18,154,170,73,89,111,173,115,27,175,99,5,18,123,220,26,83,233},{155,214,120,102,234,96,42,82,76,211,223,177,62,102,212,228,186,190,3,158,113,46,26,134,87,183,11,23,68,198,130,3,179,240,254,10,225,120,242,168},{137,186,242,158,195,12,96,61,248,31,4,218,79,239,4,224,237,245,125,180,12,149,30,90,178,91,78,75,200,98,90,29,16,14,231,150,225,34,145,209},{64,142,42,109,47,210,125,247,217,232,131,150,34,97,26,68,134,46,61,62,141,135,98,154,209,76,234,123,218,46,211,125,233,225,163,182,45,52,30,90},{152,165,119,231,158,227,22,42,162,141,212,70,215,56,96,12,163,211,148,90,21,169,80,182,87,147,188,171,238,57,95,245,143,97,248,224,24,206,136,247},{179,201,185,252,125,132,201,228,4,6,204,19,191,63,1,111,190,113,67,3,235,164,132,106,210,126,78,23,159,113,128,5,144,88,161,219,149,1,223,64},{81,75,13,107,8,75,109,86,231,165,3,45,193,194,9,100,37,208,228,205,37,221,188,254,182,157,169,243,97,194,16,94,54,239,194,161,37,44,148,240},{197,15,209,231,253,96,23,17,222,71,160,73,49,151,159,210,234,229,241,130,15,76,180,35,76,228,200,126,69,26,166,247,7,195,83,185,47,214,148,235},{204,215,86,156,8,94,163,155,250,36,52,23,138,66,38,70,71,140,255,26,52,19,163,163,39,17,159,26,138,161,113,97,89,218,236,73,242,192,94,35},{192,229,245,194,246,140,81,66,188,169,248,87,224,26,146,22,139,48,27,128,84,67,111,112,175,66,212,91,44,175,41,207,6,222,122,251,251,142,14,110},{161,196,138,197,21,231,194,81,40,178,177,108,7,190,129,242,16,173,159,98,112,45,116,248,145,158,131,56,136,21,219,33,68,159,168,3,183,200,249,149},{239,28,117,159,219,204,7,193,72,28,76,90,37,241,112,90,46,185,10,5,255,22,96,245,133,7,36,50,84,197,37,126,12,172,131,130,20,32,68,252},{187,94,207,41,183,68,184,201,199,120,237,208,83,43,221,112,137,35,117,68,160,239,27,245,180,44,37,136,112,207,169,191,105,61,18,16,233,54,139,160},{105,158,108,40,72,254,236,2,245,185,183,54,173,133,247,44,48,9,193,81,163,230,231,121,144,204,220,36,98,17,143,51,7,108,96,75,26,118,115,230},{248,52,12,40,91,20,152,229,246,107,205,221,76,132,251,123,198,82,72,116,108,94,18,211,88,168,211,72,170,16,11,104,219,93,136,60,66,90,68,224},{155,104,213,187,132,242,28,46,179,43,143,70,11,179,11,115,84,219,155,128,135,207,18,39,157,247,139,223,64,120,174,138,219,170,29,90,74,195,11,90},{142,234,225,143,244,33,128,77,170,4,206,167,30,126,179,229,50,181,253,208,49,151,4,35,71,8,246,255,6,107,162,193,107,101,239,173,103,229,32,162},{97,157,183,151,122,72,114,213,99,147,219,47,20,113,218,221,159,18,229,187,190,220,189,117,92,232,19,146,196,170,6,67,163,127,143,234,111,146,74,25},{77,100,17,105,213,79,81,16,251,153,143,69,80,88,165,218,221,211,35,3,169,65,25,96,254,175,160,126,5,74,159,166,133,212,119,99,169,11,98,121},{2,40,104,46,110,232,93,234,125,165,147,148,69,157,161,157,163,50,147,143,143,190,75,238,47,136,125,27,53,81,127,127,185,95,161,5,94,46,27,109},{103,215,223,172,114,118,10,147,216,120,143,191,97,220,178,9,99,149,26,197,121,13,164,194,53,183,194,218,193,53,180,211,99,170,121,135,105,8,226,126},{42,46,171,94,66,248,176,26,21,140,50,245,130,230,96,169,161,230,165,107,255,163,234,51,135,0,85,87,17,80,141,117,116,178,230,129,88,142,67,12},{132,7,12,183,168,241,87,223,63,119,245,194,203,7,53,82,105,158,98,233,59,230,170,85,35,60,95,173,236,53,73,149,79,50,33,213,105,2,196,86},{228,84,242,238,212,197,141,39,2,42,169,127,235,202,18,221,49,102,103,233,206,137,172,58,229,168,218,254,66,237,44,233,207,255,215,225,3,44,198,225},{56,225,79,178,208,51,246,0,207,60,80,45,53,107,213,48,226,251,36,236,212,154,168,66,150,15,59,24,113,12,1,0,253,103,249,12,34,14,83,250},{133,211,203,170,99,81,214,114,137,152,6,69,250,67,198,236,177,225,161,42,215,60,38,94,89,158,253,27,52,167,143,85,228,18,189,78,173,68,138,175},{106,18,10,141,4,96,85,153,227,112,41,178,224,149,169,131,152,229,213,134,76,120,186,86,88,143,112,154,28,34,11,97,136,93,60,30,83,18,2,74},{118,17,180,24,34,18,173,172,80,91,229,174,109,207,224,188,139,162,250,202,19,127,30,253,172,231,107,124,78,212,76,72,118,2,52,75,199,101,254,55},{119,136,40,89,78,153,79,186,183,245,239,152,198,173,90,24,206,227,7,246,162,99,151,72,45,249,71,187,72,15,231,48,141,72,19,186,252,227,148,192},{83,71,194,218,161,103,218,67,233,128,37,246,189,246,17,109,224,104,99,252,177,228,148,73,253,193,72,245,185,213,185,170,159,231,85,14,219,128,70,52},{32,128,185,148,178,140,19,94,178,62,176,37,196,245,147,126,126,156,38,253,202,238,216,20,129,180,100,71,78,44,91,162,198,134,247,44,43,194,153,91},{229,54,151,59,32,36,95,56,60,18,229,174,10,0,155,239,84,66,226,66,60,220,173,87,210,165,20,226,168,166,159,226,53,224,205,65,56,80,181,55},{152,84,28,91,93,223,15,1,241,63,207,184,125,214,10,199,210,120,32,240,60,176,219,202,80,247,139,253,49,245,115,213,31,42,70,145,241,84,35,130},{202,223,246,117,219,76,53,178,114,247,67,91,29,193,110,135,57,72,26,35,232,73,168,92,82,156,58,232,123,137,145,19,187,122,102,34,126,31,220,242},{251,28,128,45,67,154,24,98,26,250,28,122,150,65,225,71,242,98,99,25,70,134,210,20,108,186,167,201,98,155,15,39,163,200,124,74,111,147,238,49},{64,122,95,145,211,157,184,6,226,221,123,21,218,11,178,180,188,121,254,89,7,63,90,98,60,103,232,206,220,154,183,210,216,2,79,198,20,202,157,22},{6,217,138,82,128,18,170,132,187,25,120,135,244,175,225,18,79,22,93,136,79,170,103,166,175,130,85,188,14,180,95,41,244,78,150,218,69,251,106,107},{224,247,2,50,125,170,159,117,27,175,103,64,220,132,208,154,23,224,158,49,238,96,140,153,97,177,180,44,99,235,161,160,55,33,37,0,44,228,121,224},{188,119,156,59,134,34,81,235,236,115,205,10,96,229,253,103,234,181,50,86,19,31,132,145,17,41,29,139,63,229,207,11,233,94,171,96,177,114,183,56},{86,16,86,11,19,12,237,125,230,25,107,79,98,129,70,27,244,179,50,150,17,45,220,169,225,124,228,250,101,132,23,171,69,225,190,7,234,102,194,33},{48,42,66,15,42,141,166,168,140,182,120,169,244,80,76,88,130,254,36,113,182,197,214,216,172,41,7,135,18,191,75,134,152,33,58,203,103,170,3,148},{86,245,31,4,118,59,235,71,114,98,110,13,215,220,169,28,133,191,16,180,221,105,34,228,44,120,143,50,78,138,8,167,97,242,197,106,197,153,183,166},{28,233,151,109,66,197,225,32,147,156,79,168,79,145,143,135,27,241,73,192,57,62,78,9,241,41,218,64,136,233,236,183,132,6,86,92,42,55,110,18},{101,186,123,14,109,160,201,54,22,132,249,197,104,255,31,145,62,7,147,210,152,160,234,76,120,93,232,170,238,167,109,107,253,239,91,129,47,193,252,61},{229,110,1,122,164,255,10,166,66,188,142,15,198,247,67,235,105,71,192,244,164,215,186,207,99,96,92,85,137,74,43,207,1,57,122,126,221,36,2,77},{81,203,249,209,81,255,96,77,122,56,239,243,146,247,239,183,163,245,39,126,21,70,105,6,2,103,217,126,210,229,68,12,126,144,28,223,156,183,95,175},{217,51,110,43,3,137,79,204,99,88,170,232,133,79,146,41,145,199,7,64,102,132,31,133,45,121,102,144,177,245,107,209,63,147,46,151,110,190,97,28},{33,180,165,234,123,26,254,175,204,157,190,1,17,166,7,97,117,227,117,228,57,210,228,149,90,193,94,157,209,117,220,126,35,109,142,247,213,151,5,55},{100,180,146,204,132,176,188,199,162,146,54,248,27,103,29,12,48,224,90,240,192,109,16,225,173,182,195,8,167,253,246,130,84,20,68,112,188,111,42,105},{95,83,41,72,151,29,59,200,214,109,93,52,152,150,49,177,112,90,55,9,51,254,18,170,81,12,135,211,44,91,9,177,168,92,88,136,19,29,48,182},{37,52,128,144,115,179,193,209,214,28,223,245,162,45,208,70,31,66,194,191,221,252,173,156,74,133,68,53,64,36,21,113,130,7,247,115,149,234,96,168},{100,141,233,194,36,114,77,220,191,250,63,101,192,21,163,248,229,49,129,134,166,252,144,69,116,251,217,218,203,241,177,90,132,201,220,208,223,15,200,12},{20,133,201,129,252,135,93,95,20,125,230,58,217,222,4,110,29,141,164,29,242,129,53,24,17,228,99,154,206,83,255,251,146,18,122,208,153,77,80,190},{109,138,21,41,198,18,206,26,28,69,186,85,97,125,143,166,240,127,119,56,227,155,200,178,243,36,46,229,8,145,180,229,36,243,7,67,95,186,68,246},{245,39,158,13,56,237,76,135,188,233,181,74,154,247,238,250,31,112,92,39,134,130,1,172,108,7,208,128,101,92,43,74,52,82,109,197,16,132,66,115},{106,87,252,187,171,97,153,96,220,118,239,48,33,98,255,234,187,100,62,222,48,197,110,210,60,95,237,134,110,160,49,162,104,143,189,2,183,93,159,99},{143,139,77,140,128,160,76,52,109,163,81,75,137,130,169,158,38,27,209,144,234,14,49,108,223,35,68,50,150,72,242,223,167,229,41,245,233,1,102,77},{30,58,104,124,145,162,162,211,152,11,194,143,152,203,21,92,51,187,244,83,123,72,24,59,82,55,194,18,221,121,222,186,245,251,63,196,42,121,155,46},{51,142,9,188,91,40,232,254,150,96,235,52,57,98,80,223,147,226,68,66,185,37,117,71,11,24,105,245,236,93,60,12,33,88,251,131,76,164,15,61},{58,250,238,146,154,41,149,181,61,198,221,0,49,119,165,202,208,161,95,32,102,216,26,147,110,160,88,93,224,9,198,219,111,176,125,91,233,159,100,171},{132,90,72,40,42,81,177,245,28,250,212,62,234,217,22,109,98,89,148,89,138,182,5,238,90,175,133,233,36,156,85,66,158,172,139,23,194,59,49,75},{74,59,205,125,17,115,165,173,68,210,37,57,128,251,228,69,62,242,155,221,77,6,25,120,234,80,143,192,56,219,210,154,52,136,249,18,131,244,143,140},{51,137,118,32,52,62,40,204,103,2,16,12,159,210,150,164,240,19,181,94,159,253,75,174,190,138,210,247,186,60,186,155,51,6,99,20,132,130,21,102},{64,228,164,124,226,111,1,239,81,75,101,233,35,137,233,99,112,100,89,171,179,113,94,230,36,42,96,56,220,85,85,187,192,177,108,131,234,89,120,59},{163,217,80,79,248,183,12,226,124,96,205,109,149,51,30,102,234,252,140,27,5,166,195,240,253,208,121,54,207,111,12,176,198,205,135,33,134,192,213,20},{7,34,62,91,139,182,155,239,37,119,244,157,160,45,207,94,244,63,77,163,10,195,67,57,220,14,52,11,3,109,180,247,169,191,50,247,152,101,19,141},{196,8,4,118,96,242,227,73,5,61,241,212,143,3,185,246,251,173,108,194,77,168,115,151,125,255,254,25,97,49,173,43,229,131,156,255,185,199,192,109},{137,175,98,37,228,115,194,7,170,117,53,173,84,163,118,164,251,180,112,73,227,136,231,121,33,178,89,91,1,231,179,151,220,40,194,1,56,223,101,82},{11,57,6,61,106,146,2,41,200,143,65,25,221,202,162,230,25,239,188,51,116,68,203,172,113,154,255,84,232,132,121,126,160,203,94,225,137,131,187,174},{212,92,43,130,181,225,35,191,42,53,218,50,32,194,208,3,157,238,48,231,99,191,103,109,54,242,120,52,62,166,90,250,42,129,158,40,150,7,232,21},{234,35,254,219,103,30,236,42,204,199,198,87,9,218,120,78,230,72,104,22,160,182,70,150,240,254,189,168,171,57,2,252,185,105,238,83,91,65,173,155},{190,75,245,16,86,201,205,92,189,247,111,197,110,208,200,108,40,120,7,20,58,95,160,253,109,160,67,136,223,66,170,12,88,98,225,237,62,211,26,47},{94,148,94,172,125,156,28,122,24,156,4,254,47,52,198,150,146,212,89,17,43,85,162,25,170,213,114,225,82,179,51,37,115,124,90,107,0,233,65,238},{246,204,251,118,131,245,113,71,71,88,236,218,243,106,130,230,88,203,97,46,161,213,113,172,168,219,85,241,125,242,123,25,176,255,246,116,68,112,38,184},{246,98,141,59,156,60,168,137,11,26,232,94,148,91,218,238,141,34,83,121,120,197,183,253,101,54,109,246,147,9,254,87,128,154,155,186,94,67,212,180},{218,79,151,137,43,50,4,123,110,229,192,59,215,161,162,164,71,178,37,146,109,193,87,129,205,105,92,207,192,11,221,90,108,104,249,174,79,93,184,194},{252,97,218,88,65,146,219,100,214,212,127,128,6,127,114,40,160,144,110,135,42,121,4,155,64,102,230,35,70,166,22,217,49,198,151,148,207,171,197,162},{204,103,20,49,231,55,63,134,172,105,170,162,155,65,68,176,66,126,56,13,10,113,156,148,192,170,94,76,187,36,87,195,219,200,62,183,233,25,151,228},{222,95,193,58,36,252,206,42,156,187,124,81,159,20,175,90,149,39,8,136,80,72,138,190,243,126,163,76,78,217,185,141,107,2,175,133,251,88,247,78},{72,100,148,149,212,124,128,205,195,141,204,198,76,34,171,179,64,210,114,3,14,70,175,142,178,241,116,220,210,112,76,253,218,19,102,42,56,253,250,14},{68,18,97,128,58,216,11,189,6,56,244,186,140,61,79,43,235,153,102,122,49,77,52,4,199,43,244,67,137,215,148,208,33,221,92,171,173,38,123,243},{59,36,59,36,251,203,168,119,239,29,144,35,28,1,73,203,158,203,88,108,7,31,49,7,187,174,165,117,20,16,133,110,79,24,111,210,82,162,199,63},{164,36,41,98,145,206,114,34,155,5,138,1,147,222,236,157,152,87,28,8,192,48,232,108,41,59,126,203,176,231,242,24,9,255,95,135,171,167,176,178},{123,87,194,98,43,248,80,240,21,188,65,3,9,235,169,246,37,163,139,101,42,159,153,192,29,120,102,253,140,236,69,235,117,166,12,54,253,4,148,126},{231,23,29,15,56,163,70,19,202,17,163,12,244,200,187,111,155,19,21,63,184,82,215,32,34,188,232,140,218,209,32,171,55,231,6,163,13,9,12,8},{3,220,172,247,118,184,222,226,11,206,98,119,18,2,204,47,205,124,30,164,52,20,234,24,173,22,238,246,238,227,184,233,122,231,182,136,26,65,38,179},{244,39,226,86,130,208,238,103,100,59,6,29,105,203,81,31,162,111,173,57,180,41,245,171,213,38,233,5,247,23,96,42,23,184,62,166,53,142,122,77},{40,50,240,128,120,216,102,77,30,136,113,169,80,160,203,244,101,95,208,224,118,255,181,77,165,25,71,2,82,66,81,38,26,42,107,251,109,120,144,28},{168,76,184,105,54,20,152,118,170,92,123,175,98,5,132,131,124,103,103,96,97,160,19,81,148,182,126,81,218,51,207,66,130,219,130,115,187,135,109,230},{186,11,128,222,25,10,54,179,12,142,121,242,68,19,212,70,228,38,79,93,46,239,48,41,9,49,2,253,252,28,87,99,92,58,239,51,51,95,199,231},{187,220,79,134,254,17,132,225,75,237,188,103,225,123,7,184,95,93,40,147,18,5,180,204,39,148,195,31,119,79,235,33,25,150,114,183,230,59,240,140},{209,70,158,142,69,89,4,158,184,75,174,27,65,1,215,179,159,72,222,156,37,176,222,95,129,21,114,213,123,222,191,162,67,13,163,116,72,69,82,164},{31,143,60,149,229,64,141,17,162,13,193,62,130,174,165,212,60,224,5,116,211,27,35,115,96,88,103,109,207,222,36,13,100,138,96,164,208,240,3,136},{22,159,12,184,30,87,115,103,246,77,36,127,111,19,215,121,90,115,109,212,19,12,181,201,146,205,213,236,121,66,237,16,130,19,149,223,188,190,231,96},{79,209,229,251,131,142,243,198,50,222,185,59,175,153,239,60,47,210,33,106,231,101,25,152,160,46,168,225,180,224,162,13,155,40,226,251,195,188,36,149},{34,201,205,140,250,111,140,200,165,73,185,100,203,220,221,221,72,39,95,188,158,106,209,231,165,219,146,141,101,204,89,67,34,91,133,165,235,17,247,198},{22,143,113,72,241,5,231,182,215,243,157,13,143,116,187,128,124,211,99,99,35,96,141,125,6,100,10,219,90,164,54,180,57,78,154,168,69,73,194,180},{24,60,17,189,237,244,154,159,63,182,8,78,235,86,18,15,67,43,3,13,81,23,202,103,182,99,74,3,181,237,21,93,223,76,10,143,253,232,230,30},{31,132,144,122,190,182,54,12,173,99,125,140,126,234,159,203,167,21,42,250,28,78,155,221,244,97,203,246,108,21,0,172,11,111,57,53,45,223,128,3},{196,0,193,131,44,239,240,154,171,88,138,79,13,201,178,147,157,146,135,59,244,194,115,10,52,15,224,216,99,159,246,139,253,108,93,125,75,184,80,222},{249,231,43,71,195,188,205,25,254,209,226,104,64,43,145,56,255,201,89,141,177,182,213,79,249,232,59,4,221,98,232,182,122,191,103,242,98,213,227,204},{239,24,134,59,146,252,171,147,19,47,109,2,201,219,57,16,197,204,161,19,132,191,26,66,220,132,135,12,57,234,225,191,154,0,121,209,168,70,37,30},{129,210,27,97,116,73,29,53,4,153,55,71,46,178,240,120,90,40,164,147,76,104,54,126,142,15,97,116,211,88,190,44,156,97,254,128,252,59,114,149},{3,42,84,43,240,65,98,177,189,4,128,207,159,0,229,75,31,251,111,20,146,248,106,100,177,92,162,124,129,233,100,248,25,145,168,86,213,144,6,244},{139,148,36,43,249,113,163,12,35,238,87,153,108,34,237,168,176,11,100,97,11,161,46,129,26,236,81,1,97,7,155,69,143,196,179,168,158,182,157,2},{109,14,70,196,161,128,115,158,4,244,25,164,104,102,59,126,165,228,10,30,189,97,251,111,18,200,230,212,141,196,147,196,232,99,115,247,138,128,79,98},{150,37,200,193,218,83,149,67,169,114,123,111,144,38,133,12,138,132,42,39,51,153,250,253,5,155,200,215,33,195,19,234,121,98,85,173,23,239,136,188},{113,237,183,73,242,123,161,229,187,21,136,159,144,145,94,32,12,208,40,253,165,209,130,130,180,33,253,83,81,0,127,129,23,129,246,230,150,185,17,231},{6,66,34,112,99,55,185,94,68,172,4,116,210,175,192,110,210,158,218,155,77,64,186,141,63,76,16,166,192,233,99,241,202,197,178,52,72,218,181,154},{138,106,235,156,82,181,219,136,53,160,128,7,80,184,85,27,98,174,141,101,141,151,92,229,101,64,161,24,182,218,228,33,39,5,104,129,74,211,55,190},{59,35,46,16,125,181,181,141,134,63,182,113,133,0,138,196,175,34,108,203,118,91,157,65,139,211,121,249,235,208,206,4,212,159,69,38,41,131,161,35},{22,191,255,93,180,109,9,221,104,4,11,206,141,34,56,83,154,35,104,42,16,139,236,15,44,78,185,161,216,97,223,179,228,218,204,250,47,117,37,104},{76,171,194,190,127,74,25,158,96,101,29,254,37,151,76,184,207,251,152,36,224,12,253,138,90,61,141,141,179,90,117,34,131,128,45,85,141,229,58,4},{125,29,242,163,127,95,30,106,178,164,242,52,168,58,202,103,69,193,148,158,40,148,138,54,55,248,65,139,58,135,11,184,184,29,48,136,96,63,122,45},{254,120,206,184,190,119,96,110,149,63,118,149,112,230,131,173,68,130,235,63,106,129,30,18,71,135,128,156,41,103,204,31,190,28,153,189,226,38,134,132},{105,180,111,71,26,206,44,167,142,168,97,167,72,108,4,155,142,120,191,114,239,85,130,105,102,243,106,239,150,6,1,164,68,166,114,91,178,110,65,202},{175,12,190,113,174,201,168,22,68,134,85,44,155,107,250,111,93,63,110,9,175,183,236,117,72,150,66,177,224,237,238,86,131,223,232,191,221,43,84,28},{118,25,235,161,245,253,164,3,84,32,204,201,203,67,198,130,245,144,82,175,54,50,112,65,70,128,199,170,68,93,35,133,111,216,77,223,60,119,173,102},{133,148,122,35,32,153,250,235,176,33,235,215,77,164,79,32,180,5,142,169,231,88,165,27,23,205,105,228,131,230,38,148,15,129,31,153,225,249,59,144},{217,8,0,219,221,25,208,253,144,136,19,237,151,10,66,250,222,235,169,92,2,21,214,161,104,236,151,94,157,128,197,110,206,45,42,142,58,237,126,243},{223,230,81,179,140,120,1,31,127,138,63,223,92,230,21,167,114,75,251,186,239,87,41,236,48,166,34,172,150,235,120,42,208,83,234,228,143,212,74,232},{211,166,254,57,218,3,22,206,85,62,110,112,3,196,207,37,100,58,97,52,6,75,180,241,104,28,78,227,77,20,174,103,169,31,85,253,213,118,67,220},{241,100,163,75,29,16,75,235,225,50,19,93,148,36,163,119,70,22,198,183,32,188,178,112,206,16,126,113,31,248,176,192,134,193,98,78,14,149,71,65},{248,132,170,91,184,171,14,61,164,253,215,12,131,166,23,106,135,69,123,50,181,106,60,223,38,189,202,142,23,194,233,241,99,194,22,23,168,139,80,213},{250,83,27,209,167,104,52,164,139,143,156,184,100,253,60,113,252,165,93,198,22,2,121,89,148,107,232,190,107,101,75,249,217,179,74,143,120,65,14,209},{0,120,54,123,229,31,185,98,46,16,85,230,113,33,127,62,101,5,79,142,186,224,235,105,253,156,250,212,134,154,162,73,86,48,170,210,75,213,130,12},{103,14,193,0,193,191,104,81,206,148,172,83,2,250,114,206,194,25,142,200,227,156,4,234,141,118,16,155,102,123,101,150,125,38,23,224,167,184,142,128},{254,69,10,135,157,89,188,133,252,152,95,99,28,88,3,64,10,235,229,87,48,27,0,144,16,31,18,59,201,29,187,231,127,253,4,56,193,231,77,227},{250,207,145,101,27,37,141,43,48,173,175,182,79,8,36,159,158,229,72,205,127,171,96,180,73,87,44,123,100,233,180,148,173,161,58,78,120,47,219,158},{152,108,188,120,60,246,89,84,146,197,30,192,32,8,56,70,7,91,22,135,162,168,221,201,202,34,178,234,71,241,225,43,102,197,10,163,226,1,4,249},{13,11,181,30,90,142,151,216,235,50,221,26,128,72,97,153,181,239,247,99,157,150,88,237,202,58,246,1,62,15,4,213,75,46,126,203,68,132,44,218},{28,239,112,189,233,225,117,234,162,230,61,84,70,93,63,13,24,155,61,161,163,10,221,146,64,38,231,72,5,31,192,14,193,98,177,28,34,14,114,17},{238,108,21,218,219,111,58,114,226,72,90,117,215,94,108,64,241,239,102,221,20,223,206,54,36,45,215,179,202,50,23,70,43,205,217,148,13,8,222,38},{184,73,126,64,250,59,164,229,78,62,204,35,144,66,199,205,130,68,238,1,200,220,204,17,55,166,254,67,43,200,68,241,201,85,141,233,122,171,81,120},{168,95,114,38,175,181,200,86,189,120,227,9,210,209,186,243,1,249,231,155,82,203,11,45,65,28,139,247,154,218,166,116,215,191,218,97,174,121,169,203},{180,150,242,118,250,170,105,70,250,180,125,85,84,146,112,243,119,63,52,201,71,138,190,135,96,253,178,67,44,135,208,45,224,227,190,105,12,57,167,57},{11,156,74,244,236,244,254,216,147,141,30,242,88,32,241,240,8,124,158,221,21,99,77,199,49,39,24,44,133,125,34,120,211,61,224,221,145,60,223,141},{55,108,158,223,154,114,25,107,89,210,86,109,211,52,244,241,13,252,225,241,156,137,48,191,175,62,151,176,50,49,74,181,103,233,156,1,203,24,114,253},{64,13,123,132,19,96,3,50,197,253,90,50,252,80,59,174,55,120,216,135,163,184,228,88,87,210,0,179,131,135,132,229,211,131,28,134,79,124,52,159},{56,15,72,165,15,164,209,97,82,219,137,176,91,239,191,228,125,66,242,164,237,254,222,27,77,29,92,0,50,43,2,138,147,115,127,57,233,160,68,205},{4,70,159,137,213,66,89,7,85,129,236,234,117,48,32,185,23,78,187,145,224,114,132,76,35,192,218,132,53,227,70,47,198,84,174,171,105,89,1,255},{151,228,141,162,20,93,157,222,138,18,46,23,227,243,30,237,189,39,212,195,69,190,101,232,50,130,149,58,247,166,96,107,198,22,214,238,221,89,207,25},{27,65,81,236,189,139,4,175,59,88,132,2,251,208,31,88,123,179,20,69,156,209,234,87,185,3,175,157,205,200,179,14,21,165,123,159,228,243,216,175},{108,222,140,247,163,4,91,234,191,136,27,45,56,68,54,70,89,21,195,112,22,46,42,24,202,51,191,154,244,33,147,60,228,51,130,16,162,139,42,17},{193,139,48,169,188,229,1,126,217,238,209,176,69,104,40,114,92,34,171,103,193,203,150,142,27,73,54,243,236,90,190,136,198,73,185,201,145,244,187,18},{5,235,15,254,224,249,68,121,194,32,51,78,103,156,37,255,85,160,172,155,227,56,214,181,161,40,162,197,48,203,239,183,45,209,130,89,210,5,77,225},{34,154,4,40,165,168,109,19,150,114,63,171,44,237,124,173,244,150,165,151,215,70,228,78,160,70,247,50,90,245,84,204,203,176,131,254,115,2,180,229},{106,23,189,2,109,48,205,209,122,97,210,102,4,102,218,239,100,233,23,193,49,44,47,11,190,173,53,173,129,148,255,187,219,197,160,61,41,218,160,154},{98,166,42,3,128,234,179,175,127,251,75,58,52,160,87,20,84,61,207,32,147,77,140,29,98,121,200,36,12,240,85,178,139,64,217,205,205,115,195,246},{203,119,133,153,6,59,19,93,124,106,177,41,195,163,232,245,220,236,108,156,65,117,15,200,87,170,182,167,23,43,149,63,14,22,173,190,209,206,55,42},{80,159,8,245,189,153,119,28,20,12,63,148,102,63,16,225,240,207,69,186,218,134,23,16,216,148,158,123,217,196,223,6,0,204,248,209,97,101,138,203},{49,165,89,214,30,156,236,248,74,99,4,71,184,39,166,52,166,48,233,128,172,96,136,22,220,206,228,192,64,238,254,19,97,236,152,209,191,58,127,85},{239,108,8,45,216,233,34,141,164,43,72,186,3,168,233,88,200,154,230,208,102,129,230,65,205,0,242,159,94,59,226,132,64,60,42,147,137,244,16,1},{113,165,191,114,236,234,111,1,110,135,163,139,81,71,87,197,228,192,52,148,102,250,102,117,247,172,126,205,80,229,241,9,252,80,13,107,66,121,144,202},{41,101,147,28,100,124,250,21,79,165,206,72,214,69,206,11,101,132,127,21,243,212,205,191,141,79,178,61,248,164,140,126,36,90,218,248,57,213,68,144},{78,32,155,14,34,209,40,138,9,30,79,158,121,15,29,137,234,190,166,185,69,115,255,255,38,217,119,13,85,174,130,95,237,97,225,5,226,253,42,67},{87,92,158,174,194,183,199,152,66,158,186,145,245,49,70,66,168,137,144,107,168,243,224,95,149,206,168,36,27,151,63,205,74,77,146,35,243,46,190,68},{34,9,97,0,79,32,38,24,137,177,135,85,46,83,136,102,61,219,196,18,166,90,177,22,130,23,177,157,162,242,53,51,27,248,180,82,209,90,70,39},{190,118,37,155,238,255,156,255,23,199,184,173,185,254,148,51,220,175,157,233,27,254,33,64,174,126,1,200,182,218,51,243,203,130,194,194,117,199,202,149},{248,60,32,61,50,152,116,206,39,159,18,90,80,127,155,28,62,95,72,240,153,31,91,127,144,246,99,254,140,192,19,208,244,78,121,37,122,77,201,194},{250,162,132,101,39,102,69,180,8,21,62,170,130,122,110,181,119,72,61,36,225,145,60,183,27,92,167,227,77,255,103,24,49,39,188,202,121,167,67,125},{194,201,145,211,0,140,191,232,148,76,109,116,157,177,107,64,13,103,129,7,36,121,116,210,138,234,184,0,75,53,155,23,117,144,113,179,39,197,20,196},{179,248,98,102,254,115,237,235,87,35,121,73,82,247,188,0,171,169,224,236,100,247,130,62,16,105,140,128,196,117,22,125,158,41,206,40,41,157,98,66},{126,103,17,50,34,244,5,235,234,0,240,162,115,226,226,74,16,189,117,50,84,14,233,113,141,228,149,203,192,111,167,181,56,41,247,46,177,43,14,199},{27,243,11,234,218,62,215,238,220,83,162,0,57,114,237,107,45,229,60,105,106,67,175,60,223,133,120,170,158,108,37,213,10,235,94,201,41,192,176,59},{60,1,118,35,36,210,207,60,111,34,89,115,83,142,250,91,172,119,221,10,173,196,148,237,72,191,116,0,216,21,216,28,83,143,51,154,216,101,74,129},{40,104,142,255,11,139,196,233,26,13,55,72,30,124,206,194,240,122,181,75,81,243,203,131,65,223,129,15,45,178,173,136,192,187,18,136,78,78,54,63},{155,188,241,182,200,156,170,73,210,31,188,111,2,242,55,93,51,150,246,247,71,148,20,2,205,114,75,133,48,209,83,150,5,150,160,230,179,188,194,243},{135,215,139,100,198,16,173,16,221,237,40,24,168,217,190,182,18,46,73,154,212,214,103,26,219,246,55,94,116,254,132,208,19,22,34,70,95,14,197,67},{138,230,1,82,0,65,119,123,95,158,51,16,221,57,170,198,44,204,149,91,137,147,138,123,252,144,90,222,17,230,151,99,72,74,88,141,88,112,101,80},{35,156,32,90,180,137,160,68,17,57,214,108,102,51,3,201,152,217,211,49,198,39,125,120,44,9,213,155,190,111,65,48,107,149,54,40,227,156,149,113},{238,3,62,58,32,221,162,248,58,50,84,77,131,81,140,182,94,47,151,38,119,104,125,217,217,66,88,175,22,202,247,170,106,81,72,104,186,219,230,97},{162,99,202,149,169,56,76,41,89,232,67,30,81,64,92,62,64,80,133,206,187,204,226,98,131,239,89,88,189,200,75,63,145,127,225,107,90,184,72,104},{198,203,83,74,134,224,38,199,106,109,51,8,40,75,113,194,166,37,252,112,42,136,110,110,207,54,93,94,32,217,42,5,109,67,173,227,162,7,232,34},{30,111,39,170,231,136,67,217,110,82,184,100,42,243,197,203,124,86,222,100,86,143,210,29,177,206,35,141,205,208,42,28,141,155,227,178,145,246,101,169},{108,181,162,31,66,170,56,7,151,123,88,124,26,194,152,136,198,170,65,76,247,69,74,127,83,152,29,222,16,128,100,182,255,239,68,11,126,84,166,136},{51,232,251,117,103,158,220,147,107,250,69,186,69,205,159,251,189,198,218,14,234,28,20,174,198,5,113,62,252,35,67,211,138,143,37,40,150,235,119,238},{69,34,217,126,44,27,31,29,158,82,32,79,142,217,21,197,204,76,106,22,252,128,94,238,202,2,244,50,151,170,106,33,113,139,47,141,96,199,183,34},{84,89,94,143,154,31,191,201,114,93,164,252,43,85,191,68,253,144,110,113,7,221,186,254,16,187,215,125,95,118,175,2,39,15,184,191,105,114,120,195},{85,67,97,8,120,61,83,78,248,209,139,31,103,32,219,25,138,4,26,7,22,175,216,208,253,150,238,227,42,158,70,245,172,29,21,93,216,127,147,61},{1,234,232,149,251,36,76,57,3,112,230,180,252,69,190,209,122,101,239,242,126,239,252,39,95,146,140,143,190,202,52,100,14,46,37,212,75,166,255,120},{127,107,120,218,90,111,145,6,20,208,114,238,39,213,247,145,207,26,12,194,141,85,105,239,39,171,1,142,149,66,59,175,90,4,50,156,15,101,141,82},{30,3,41,179,177,148,153,5,184,15,203,30,154,159,114,209,13,245,206,124,237,38,172,6,33,54,120,116,171,59,54,88,45,177,185,89,79,90,81,209},{146,91,132,174,179,162,183,140,105,127,72,81,152,31,177,100,1,101,7,42,70,66,211,51,125,245,194,185,243,88,147,184,204,141,85,155,89,230,212,73},{147,214,211,20,151,241,170,37,28,190,37,197,85,249,12,150,145,213,121,98,125,17,157,96,104,226,80,123,123,170,102,30,23,194,42,113,76,59,31,78},{116,206,150,101,136,40,238,141,18,198,239,141,227,228,93,69,232,232,133,127,153,240,110,93,182,222,128,150,206,42,10,225,152,76,139,72,68,216,63,124},{4,27,154,141,3,104,151,114,68,19,26,140,229,196,0,0,127,216,195,237,251,245,122,190,16,180,15,32,98,76,7,161,187,203,170,17,2,14,130,105},{138,87,94,176,45,209,94,227,166,117,83,249,113,148,95,246,93,0,61,55,7,239,117,164,175,21,60,126,25,124,205,252,181,239,26,85,35,137,149,107},{204,228,39,32,220,206,107,187,119,17,178,47,207,232,144,89,86,110,242,246,97,100,132,141,80,225,56,202,87,171,144,73,171,6,75,182,62,138,137,251},{200,253,41,82,101,105,130,176,177,183,140,108,161,225,134,226,97,189,204,99,163,228,150,232,72,43,135,157,50,117,198,127,133,147,140,94,28,121,150,209},{190,60,29,75,119,131,28,249,200,149,120,129,104,28,105,19,78,185,165,8,191,100,106,190,63,135,170,111,85,148,220,104,68,138,137,32,143,78,243,51},{103,11,73,222,231,252,120,76,69,57,34,149,16,3,79,179,40,194,130,67,151,138,86,200,89,208,67,96,140,18,71,186,224,139,17,199,207,239,130,216},{238,175,110,145,154,26,207,79,212,198,125,22,86,79,56,84,248,210,129,246,212,91,21,45,252,9,105,104,186,208,27,88,236,143,72,218,153,248,4,173},{102,163,63,240,145,122,124,145,194,200,163,19,52,180,28,150,225,32,109,196,36,79,34,120,178,209,82,114,202,104,14,227,181,33,145,94,50,34,132,180},{27,4,127,98,146,136,242,177,102,116,108,192,181,160,46,139,132,93,49,69,179,137,88,140,247,179,7,119,250,184,116,157,45,132,240,78,250,240,60,41},{148,94,88,69,92,239,107,214,41,27,87,115,144,218,40,92,141,11,104,147,145,52,237,26,236,190,72,98,223,55,135,186,218,250,34,194,220,131,163,94},{8,249,42,241,217,40,14,81,44,87,45,88,68,138,186,246,84,188,39,186,92,16,248,127,226,17,61,193,35,169,62,185,192,196,105,214,225,229,177,133},{169,178,26,208,158,125,139,28,252,74,26,58,227,243,31,32,48,214,245,123,92,245,22,81,135,112,22,76,62,42,8,4,226,189,41,174,29,119,8,36},{61,79,182,189,169,75,9,88,83,60,213,82,173,202,211,209,101,73,243,68,77,90,185,86,233,173,95,131,183,228,211,237,221,21,231,117,92,126,112,158},{54,117,187,244,171,190,184,116,57,6,68,253,115,59,92,107,199,58,73,10,216,235,154,112,100,202,61,174,146,18,247,209,222,94,110,161,33,19,218,137},{166,230,99,135,238,243,154,117,121,27,81,105,69,39,206,147,76,228,95,248,4,209,236,155,83,30,177,27,61,211,230,79,3,223,51,175,175,127,11,12},{18,217,43,85,194,120,145,143,74,193,33,121,194,72,0,104,100,8,53,249,177,79,176,119,61,115,55,60,65,87,165,26,56,197,166,180,185,118,0,28},{48,183,214,31,121,227,46,242,80,112,175,149,158,156,125,206,18,230,104,182,124,14,199,17,21,152,97,47,171,221,31,214,143,116,100,84,76,75,236,71},{161,161,44,172,82,166,194,161,83,79,43,90,177,4,72,132,167,45,199,36,139,134,99,36,193,17,38,176,170,96,23,245,168,241,77,160,96,183,17,199},{221,183,181,88,99,188,46,39,11,61,201,51,99,14,176,160,35,69,189,220,13,228,72,58,0,52,187,14,151,97,143,116,212,109,188,179,174,162,6,158},{27,98,63,24,91,139,12,28,207,219,178,180,39,213,67,190,58,103,0,173,88,57,229,195,87,66,100,82,55,183,196,227,140,104,202,228,212,94,160,61},{218,78,208,180,211,218,106,117,219,72,187,141,137,78,248,205,13,203,51,133,144,162,41,169,8,154,157,225,78,0,184,87,247,221,239,83,248,235,199,29},{92,226,149,124,168,132,180,101,139,106,241,175,41,162,32,55,114,188,236,25,92,168,90,24,194,87,11,219,240,34,210,1,133,121,48,54,193,197,50,137},{90,192,64,0,201,161,47,204,164,234,250,170,131,250,85,190,127,198,53,90,226,231,15,120,176,52,140,42,102,78,109,241,123,103,56,75,29,111,116,118},{46,94,16,209,73,47,118,243,189,131,23,43,142,205,17,128,96,118,244,82,187,152,243,224,181,126,19,175,42,86,190,253,13,7,16,71,31,130,86,165},{246,168,147,3,127,223,201,187,135,148,82,178,96,52,23,225,71,246,1,200,120,13,106,163,185,115,156,238,42,43,115,196,168,212,180,83,67,7,175,71},{251,85,227,205,0,38,184,25,178,11,103,226,199,89,44,224,82,101,155,189,179,224,51,116,124,7,253,93,142,34,106,88,27,73,185,226,134,223,99,183},{189,193,22,154,123,52,129,206,18,237,140,138,241,51,180,144,224,68,228,129,142,237,163,196,164,29,11,96,57,53,51,109,62,245,122,208,41,118,150,253},{100,78,72,74,251,176,46,23,159,167,68,60,123,38,242,0,88,106,251,126,112,131,175,178,36,16,167,130,223,216,5,132,175,214,32,103,204,105,251,180},{209,82,39,124,126,12,239,71,201,34,115,4,74,3,175,194,22,191,172,43,253,109,242,176,124,188,241,181,53,246,195,54,40,203,20,116,190,86,50,42},{214,242,157,1,44,162,156,212,188,35,114,64,213,139,177,12,114,144,174,175,102,229,45,143,129,64,252,63,135,50,3,15,148,81,180,39,48,100,109,48},{191,38,241,251,140,217,159,56,48,158,135,106,81,161,58,64,159,111,12,176,6,115,235,75,124,221,217,173,10,63,51,251,205,45,199,137,205,45,139,166},{248,234,216,37,32,241,187,61,67,177,231,117,126,37,8,2,113,22,22,135,216,138,59,91,22,102,195,70,46,89,130,115,207,215,234,57,140,55,90,237},{35,250,57,221,51,74,153,44,72,1,186,216,29,81,77,8,118,225,226,8,172,63,11,5,73,231,253,190,111,129,144,100,17,17,131,49,4,184,1,11},{78,113,22,141,215,230,19,250,132,25,254,245,61,86,132,110,108,188,183,128,20,168,65,71,208,53,218,170,243,52,202,213,109,193,20,55,178,170,8,34},{127,28,15,64,53,251,173,93,168,13,7,146,147,145,147,194,50,8,189,8,14,193,24,52,93,106,227,2,45,3,93,32,74,227,112,100,39,77,15,197},{135,218,3,109,87,248,228,227,60,183,40,168,73,146,37,229,17,223,46,171,178,151,56,124,85,164,177,193,52,20,118,252,107,4,53,136,110,203,63,3},{53,38,91,212,206,2,208,230,98,238,179,25,226,166,94,103,220,29,34,77,203,98,83,67,113,141,34,9,216,59,130,3,229,106,255,86,124,70,19,149},{116,37,14,124,229,52,12,78,0,47,132,136,57,213,189,115,199,1,87,5,94,10,58,207,11,105,90,235,174,74,255,115,3,206,213,232,194,66,27,181},{13,147,95,184,165,110,110,22,148,38,210,83,241,174,127,158,40,72,44,81,203,27,152,168,74,28,28,16,110,191,122,216,0,31,60,2,118,172,86,63},{186,62,87,86,135,163,233,207,104,73,208,198,92,51,227,220,79,146,40,78,15,120,181,199,143,69,238,220,96,6,129,14,201,112,202,4,5,30,39,93},{244,19,141,54,189,50,105,74,216,236,228,168,111,245,173,58,48,46,30,139,248,5,45,52,9,184,68,231,111,87,235,163,166,150,245,231,122,179,138,2},{125,85,205,130,161,142,191,194,106,154,187,20,45,187,148,7,131,108,220,215,34,163,244,112,76,183,175,182,3,68,111,159,110,4,82,235,186,183,66,93},{115,149,76,70,97,229,145,76,255,120,32,84,118,173,38,105,35,187,106,131,20,15,165,187,219,196,13,161,206,75,35,194,62,60,66,151,40,55,49,215},{207,19,15,192,201,243,242,252,129,154,19,32,77,114,175,49,6,84,54,213,121,81,179,75,177,200,124,11,14,10,109,71,120,244,47,110,242,221,156,118},{247,193,181,125,156,210,177,123,38,246,207,45,234,73,62,227,238,252,241,204,225,163,149,146,157,196,61,5,234,204,48,195,208,219,135,52,148,253,38,152},{58,168,48,57,108,175,129,48,116,163,153,211,136,13,180,61,73,21,179,81,63,170,139,52,52,106,61,52,59,57,7,158,197,238,59,65,106,51,12,18},{67,53,72,55,190,111,218,4,3,249,223,117,102,180,125,96,86,202,63,63,206,124,212,253,210,191,169,238,223,79,223,118,49,225,161,79,56,242,207,144},{50,96,216,211,135,246,69,80,116,128,44,196,174,230,23,183,106,63,164,209,238,41,248,202,46,159,208,68,91,3,128,80,1,201,141,125,170,76,179,36},{36,220,43,155,46,177,48,47,150,165,66,127,219,93,226,184,151,10,85,101,37,53,183,247,7,15,161,126,127,170,79,41,126,74,32,101,18,167,87,122},{20,182,140,157,206,10,70,78,44,41,15,96,208,15,180,124,112,79,140,178,183,13,160,95,187,40,144,12,232,210,38,84,23,148,93,19,123,206,240,176},{255,136,89,51,150,206,118,129,118,164,71,54,12,6,247,157,196,215,192,109,161,190,59,211,123,77,121,153,202,178,191,76,106,176,45,112,164,9,204,206},{210,184,139,41,58,223,49,226,213,242,163,246,203,130,58,76,15,126,250,207,244,106,201,248,74,250,211,5,234,202,150,64,32,215,134,157,1,54,102,13},{223,127,153,255,157,200,180,127,177,148,223,94,162,238,159,76,154,104,229,163,137,113,182,116,137,124,166,77,31,151,116,228,7,253,91,231,48,160,82,148},{62,214,36,218,65,213,121,154,188,204,102,146,227,210,40,241,72,90,17,49,51,243,236,233,146,177,75,191,55,84,197,24,51,107,51,74,114,215,54,76},{228,245,205,104,244,177,31,229,83,63,121,84,130,159,246,10,183,99,146,96,44,156,30,82,29,124,226,18,58,243,108,4,33,83,58,227,93,64,50,20},{145,81,8,125,232,83,167,138,153,174,30,208,124,78,134,63,200,222,205,221,192,130,102,175,33,209,9,9,215,215,208,112,249,217,97,41,29,50,217,249},{50,0,198,192,88,101,230,245,124,232,155,247,242,56,60,206,134,241,49,91,0,134,134,171,205,47,189,214,190,108,103,155,126,121,246,63,0,180,2,90},{5,13,159,18,134,248,180,204,111,192,34,114,137,49,146,222,207,19,157,153,166,109,45,253,31,80,101,78,217,230,158,48,172,152,119,140,187,221,138,95},{60,6,128,232,180,51,203,152,250,181,147,78,83,90,69,71,184,52,236,75,194,52,242,57,126,179,45,65,252,137,14,215,90,92,167,152,240,228,88,241},{84,214,156,43,4,189,86,199,185,208,118,243,44,132,17,221,80,31,142,105,115,236,49,154,20,229,208,187,202,186,195,202,225,23,248,11,2,10,238,74},{200,67,120,70,163,145,236,132,1,122,43,182,34,234,122,64,5,177,78,164,108,198,108,61,83,27,166,230,221,252,150,127,10,106,190,3,95,240,135,186},{211,90,13,151,148,193,221,58,5,178,173,180,185,6,147,16,184,190,110,7,36,221,185,196,146,93,240,106,164,50,57,113,203,40,115,174,36,20,97,33},{192,185,236,97,100,90,188,191,11,212,114,124,56,247,207,77,139,163,55,251,220,246,35,199,231,8,43,48,153,5,37,253,48,122,128,126,78,27,166,211},{245,42,181,68,151,162,218,125,224,217,235,208,184,207,41,136,35,108,178,239,114,184,35,151,32,160,158,26,73,172,140,129,126,140,146,65,91,163,101,60},{51,224,218,24,227,162,106,49,190,161,186,114,247,209,124,207,59,168,84,147,138,18,171,193,237,91,193,1,49,227,30,24,161,250,225,136,160,241,54,211},{193,106,229,83,45,175,176,75,73,21,25,29,124,178,75,229,174,80,33,122,148,70,12,216,74,178,175,223,78,220,76,131,89,156,203,9,12,187,178,93},{48,119,178,133,233,76,11,161,202,75,131,10,187,175,31,181,8,100,174,204,90,209,204,100,181,55,35,202,203,159,223,218,121,230,226,182,204,36,248,157},{64,198,244,150,210,104,199,84,107,44,149,66,82,17,184,166,76,164,16,244,79,173,69,185,183,86,216,137,54,201,160,186,182,92,33,129,124,207,109,107},{92,49,21,29,121,98,198,143,19,253,186,239,189,207,105,215,146,196,18,42,219,46,187,218,169,36,210,238,122,50,83,48,181,1,7,84,119,69,141,189},{252,6,27,25,76,118,197,74,23,108,133,122,175,245,59,42,223,135,240,218,160,237,243,240,254,9,108,151,19,11,66,155,182,101,231,152,147,54,41,161},{74,244,16,250,178,42,183,209,64,61,32,205,107,115,25,254,163,87,1,137,182,112,142,36,240,134,48,0,72,77,21,29,183,135,236,154,120,115,152,20},{70,254,100,184,135,34,128,56,78,161,33,97,104,173,45,238,226,25,57,186,146,116,17,172,132,19,85,52,72,185,198,116,31,117,3,209,232,170,48,190},{44,73,173,5,219,59,72,169,105,27,146,6,161,229,227,31,189,17,132,161,105,187,17,189,28,91,178,21,173,142,52,105,38,83,199,61,175,223,252,184},{177,68,84,45,184,55,190,83,4,149,230,180,246,213,155,106,123,177,133,49,24,75,64,232,168,81,195,67,109,179,122,32,115,200,4,164,112,42,81,148},{56,254,132,113,217,151,251,228,89,233,182,18,113,99,81,102,120,221,48,23,215,196,85,180,137,85,234,15,189,176,100,45,8,150,11,213,157,77,186,157},{164,103,48,253,35,250,57,84,55,167,60,202,221,34,252,21,12,159,241,79,19,159,127,69,74,78,48,126,3,238,189,185,231,169,224,213,47,229,77,104},{146,238,253,119,193,209,128,74,119,134,12,101,218,132,171,96,110,245,87,235,75,185,92,31,173,226,37,143,118,60,239,58,59,14,34,208,151,97,87,119},{205,184,83,35,28,227,110,238,6,33,173,193,186,145,48,157,113,82,184,184,29,117,50,187,182,194,19,29,233,155,131,88,73,129,10,10,174,86,90,52},{210,9,136,0,60,208,222,164,24,127,228,5,39,255,200,130,68,91,68,74,164,180,183,234,82,162,68,52,91,97,199,37,193,48,35,239,157,173,143,98},{37,28,187,218,125,17,217,179,11,68,56,129,79,127,123,147,89,238,40,41,68,147,143,233,146,183,30,63,160,245,209,116,202,63,24,113,128,100,69,206},{57,177,23,152,35,206,74,67,138,174,203,204,83,164,175,218,1,252,24,147,161,222,92,237,119,147,248,194,7,23,170,48,234,0,62,114,88,21,244,21},{76,28,60,179,83,125,180,159,99,157,20,246,99,222,202,180,185,156,229,28,223,223,246,30,66,101,173,144,1,81,157,83,6,138,45,130,110,104,189,250},{206,48,22,34,78,138,56,221,141,32,9,70,0,249,104,228,138,157,136,41,31,132,14,105,21,170,58,216,130,10,107,219,77,172,109,244,97,184,86,127},{94,0,77,32,30,226,248,201,14,177,84,242,164,87,38,226,179,80,32,249,101,90,180,150,97,207,22,12,11,57,155,57,27,75,155,2,137,36,50,153},{106,43,53,179,70,215,121,125,93,140,208,159,219,236,168,216,43,80,67,104,249,92,39,143,170,28,109,128,120,13,217,119,160,61,82,122,146,0,36,107},{198,235,63,37,240,150,155,181,61,97,224,250,39,34,150,160,159,7,190,234,44,94,178,49,71,116,249,224,118,149,105,239,141,55,57,240,93,179,137,148},{69,235,135,10,244,144,253,106,133,103,125,130,148,136,155,155,26,168,20,36,29,149,161,190,237,232,165,8,24,106,245,143,127,121,252,92,160,144,126,40},{240,30,219,65,18,24,108,216,34,106,22,185,223,106,133,160,205,9,230,163,236,91,189,33,219,103,32,101,222,118,132,4,92,63,133,60,71,178,247,31},{190,20,249,123,166,168,212,228,50,93,120,181,147,67,60,227,176,156,60,42,220,126,142,148,50,63,91,8,159,27,15,85,210,75,206,99,127,8,158,41},{215,101,45,202,169,77,165,34,122,182,175,71,45,102,146,181,211,22,211,44,166,100,49,244,188,227,154,124,221,6,65,72,42,76,33,91,166,112,245,179},{148,62,192,35,110,15,12,54,231,39,217,88,175,51,246,104,249,101,133,75,80,188,174,20,252,33,15,48,169,105,250,17,20,106,34,153,220,94,15,64},{94,161,250,157,54,74,122,152,91,4,53,210,28,224,234,254,213,164,46,141,143,130,144,185,241,149,93,176,212,248,101,125,28,230,106,221,80,13,151,210},{34,97,66,187,72,162,154,158,9,148,71,224,248,214,195,226,65,252,57,75,44,115,197,69,113,167,35,122,193,197,153,210,180,45,114,155,70,175,151,29},{203,103,133,149,164,79,99,198,95,235,170,216,50,247,26,35,237,126,51,123,203,155,180,130,11,172,230,139,179,231,21,6,122,5,99,61,226,71,42,236},{94,104,235,130,128,56,8,116,70,197,24,133,169,104,99,216,54,131,119,79,26,233,23,54,237,109,12,95,242,35,192,152,178,215,137,86,108,206,167,215},{23,219,234,215,214,252,86,187,248,255,139,244,217,245,61,93,208,17,13,61,124,242,34,88,131,193,83,54,240,181,221,34,65,16,209,161,127,210,123,138},{126,31,90,93,138,49,108,158,102,185,16,236,215,83,35,112,99,231,32,165,104,81,67,93,132,87,142,145,229,177,113,198,103,224,201,27,13,17,37,252},{236,74,96,52,19,123,99,129,255,86,253,112,233,80,82,33,185,118,174,168,226,65,208,17,85,115,141,195,57,206,102,38,49,161,72,116,198,26,206,4},{133,187,71,241,115,119,9,206,160,121,87,22,229,193,158,165,75,202,154,25,83,243,98,210,213,183,166,113,125,49,159,10,155,137,184,41,149,205,152,124},{125,229,240,95,236,61,116,218,166,93,23,34,91,179,186,254,212,202,92,72,108,200,30,119,80,94,98,133,20,46,118,181,149,236,141,125,171,124,49,34},{234,179,14,145,79,42,90,26,169,55,6,122,76,116,86,32,246,120,72,190,83,241,60,128,154,184,36,73,242,139,77,185,76,58,94,99,218,210,176,150},{143,179,196,175,132,226,29,83,80,189,200,21,42,176,155,25,230,202,111,215,213,172,2,237,251,52,83,69,225,230,26,205,59,116,31,241,174,120,206,131},{39,151,136,186,147,22,114,120,36,21,139,184,234,221,134,171,75,147,209,74,174,174,231,36,246,163,129,44,177,188,21,182,74,208,227,60,103,108,167,229},{69,218,126,126,103,185,170,236,74,212,110,207,105,162,179,125,253,139,245,17,146,118,14,158,161,2,171,243,21,203,110,99,57,191,12,152,23,3,208,162},{252,88,198,30,7,215,210,140,162,158,38,67,239,225,236,141,228,241,165,125,131,68,123,158,20,216,61,7,34,22,188,69,137,147,44,79,132,70,226,106},{113,104,163,163,187,139,223,162,189,217,113,34,160,169,242,228,245,120,73,87,34,141,139,67,134,17,167,73,70,75,247,79,241,127,89,204,223,1,100,232},{54,133,129,194,193,27,78,106,141,94,213,73,126,99,224,41,63,61,86,14,54,237,137,203,185,94,167,222,224,44,160,156,223,5,110,128,163,33,240,9},{177,18,86,194,197,229,190,42,97,248,97,251,115,209,94,103,106,211,167,191,148,23,183,8,138,236,8,107,191,148,171,85,84,231,211,98,217,208,13,131},{110,208,108,238,221,206,238,242,36,104,67,83,83,249,246,207,216,36,226,37,83,26,57,253,236,108,115,71,255,247,97,205,114,133,138,102,144,209,232,171},{255,104,229,86,118,88,226,170,189,14,126,46,216,39,223,70,44,67,147,90,74,231,97,92,236,155,189,64,155,159,6,29,246,198,19,205,78,49,37,2},{223,87,17,178,39,102,51,76,80,133,156,20,152,244,47,235,183,89,32,194,217,187,39,136,48,243,75,246,112,10,223,10,236,226,179,156,4,189,57,101},{43,174,182,13,150,156,133,230,138,195,36,180,172,221,135,162,186,131,133,251,47,137,41,229,246,227,46,58,82,26,82,4,26,108,51,28,26,133,120,37},{32,130,119,119,88,198,240,15,39,248,99,171,168,230,134,71,183,66,187,240,104,231,24,0,137,216,154,161,36,215,79,69,52,210,47,6,100,235,147,199},{199,75,248,223,235,186,5,33,49,122,42,242,181,252,195,21,23,134,5,147,112,204,62,233,32,49,230,187,201,13,124,16,24,225,209,201,120,141,78,19},{65,163,171,225,104,96,117,233,215,192,193,149,40,60,116,78,138,50,243,52,121,142,133,52,32,155,88,9,154,216,63,51,110,11,246,56,214,247,77,248},{206,172,210,245,201,96,200,99,124,95,140,208,138,105,49,152,207,192,121,245,43,20,54,10,203,212,50,125,89,245,250,88,236,143,175,178,216,214,204,102},{204,37,25,164,222,230,39,23,235,83,59,184,22,180,40,42,32,253,189,20,6,73,64,212,149,64,238,50,145,201,236,90,238,91,167,202,222,129,36,97},{154,12,110,218,253,34,76,164,202,199,47,102,213,22,40,19,217,206,225,28,181,219,176,74,36,250,192,19,173,239,179,113,5,51,25,222,5,175,127,33},{198,138,93,41,75,245,15,223,43,192,141,127,50,222,157,45,122,157,154,107,183,140,209,87,41,36,186,228,245,161,208,160,15,198,198,235,7,87,2,220},{58,224,177,168,12,255,132,233,19,170,167,234,255,118,168,209,135,137,253,60,1,77,245,91,103,67,21,254,172,200,45,255,241,113,114,152,239,27,186,204},{120,202,192,248,155,59,52,101,177,192,105,254,204,143,8,89,223,166,11,189,93,178,66,20,62,35,101,32,89,157,87,101,250,185,199,214,188,231,19,186},{138,75,207,82,199,178,62,207,181,23,158,254,126,111,45,170,0,110,255,190,191,198,16,29,77,61,12,55,197,200,21,228,158,81,228,94,13,48,163,208},{26,82,41,111,84,168,228,171,74,28,185,227,202,11,236,37,178,227,71,152,162,89,28,80,123,45,81,118,61,247,39,27,134,193,197,194,154,25,107,133},{175,113,78,213,204,181,46,209,11,65,72,49,176,28,182,45,218,109,217,225,79,46,11,79,197,166,39,168,145,130,123,59,250,160,182,43,241,88,61,170},{185,101,120,161,92,110,40,148,161,32,226,222,18,103,177,116,225,106,254,62,65,77,143,117,145,209,113,37,204,154,23,142,157,105,193,173,255,4,246,4},{226,170,84,208,90,217,129,236,32,70,16,248,108,31,241,202,50,29,95,218,145,187,73,217,58,238,209,124,60,223,158,185,145,9,232,251,191,104,11,171},{28,237,206,39,208,98,65,247,133,239,200,197,14,164,92,14,87,15,86,11,197,88,61,98,177,104,75,194,193,25,138,34,192,239,99,236,97,140,161,246},{97,83,113,22,85,230,234,104,192,3,27,9,70,77,55,154,61,190,171,13,126,40,178,129,24,65,15,6,169,19,69,67,226,146,175,211,86,231,192,147},{29,33,187,155,97,162,77,217,252,189,48,96,143,26,106,30,15,204,151,106,229,186,236,231,215,211,32,24,244,239,23,200,148,250,82,233,64,223,93,204},{117,240,225,131,93,234,34,119,240,188,80,220,195,164,139,110,64,229,152,220,203,164,215,66,47,53,209,54,102,144,243,208,64,26,135,111,60,251,134,212},{5,163,37,71,46,126,22,201,160,69,223,177,104,133,2,131,15,59,86,144,200,141,140,109,187,219,150,187,12,166,161,107,31,23,4,227,34,21,218,213},{239,126,69,196,189,85,170,135,153,166,168,203,94,177,99,75,232,63,53,73,88,10,195,89,237,194,128,181,244,17,243,192,215,23,182,105,26,112,18,109},{85,50,191,126,193,12,89,121,244,211,82,12,245,117,252,250,16,201,175,224,199,215,48,206,251,28,68,238,142,186,146,32,239,244,228,48,225,136,8,18},{202,125,88,34,248,187,180,174,9,233,120,120,227,220,102,140,232,45,66,80,183,217,236,25,83,197,248,185,117,168,132,53,241,102,182,88,15,222,213,44},{9,237,102,27,43,49,70,15,140,247,97,211,254,137,103,30,167,182,202,173,123,51,35,231,49,1,20,129,87,219,140,169,89,2,81,7,114,220,167,120},{65,88,53,26,162,218,50,154,229,122,70,218,156,106,204,131,18,156,106,232,249,213,9,75,125,101,11,66,239,247,188,151,136,226,71,4,16,91,183,212},{110,58,223,10,191,151,69,227,107,51,217,202,63,7,97,64,103,168,6,185,97,41,185,178,245,114,189,34,76,15,68,117,239,126,102,156,160,42,111,27},{189,211,23,165,247,35,9,155,98,63,18,108,83,1,112,245,79,1,109,36,212,94,81,48,9,237,109,191,218,181,106,70,228,186,40,152,205,5,102,194},{55,57,50,215,134,227,42,251,5,30,108,12,191,157,212,219,89,77,81,157,191,249,231,210,231,254,119,125,103,10,89,160,39,176,69,196,153,4,108,229},{245,28,158,114,252,206,155,226,213,237,22,187,16,47,164,204,39,116,106,205,129,63,159,194,17,228,55,87,233,67,130,109,237,27,59,62,247,95,74,44},{143,172,72,248,49,212,122,66,0,166,75,227,225,168,186,143,247,202,202,201,88,199,112,231,229,131,19,255,86,42,199,253,242,192,94,116,230,5,41,104},{55,124,251,88,252,212,177,170,96,144,26,8,45,40,182,79,52,148,1,248,246,225,173,103,93,26,165,239,234,241,213,28,125,249,98,246,113,72,108,224},{23,79,59,21,92,2,2,51,92,111,154,105,149,178,3,218,185,23,18,130,89,87,171,86,25,175,111,117,109,110,67,232,161,189,92,22,12,200,226,95},{240,236,78,115,196,63,241,183,165,75,167,248,25,18,99,107,29,92,252,9,88,39,175,154,192,227,23,78,85,141,84,222,126,99,245,126,98,71,47,65},{97,74,129,71,133,152,196,141,180,72,163,67,253,249,84,14,81,155,18,55,131,88,19,215,134,56,156,63,213,115,203,251,159,153,167,87,248,158,190,170},{98,152,65,73,196,159,50,10,67,100,78,124,39,241,55,183,130,95,75,245,199,135,109,90,42,120,35,97,107,76,76,161,47,39,210,98,197,100,243,234},{176,245,199,170,24,7,141,124,30,198,159,163,167,229,2,169,198,45,69,113,64,152,174,93,238,52,10,105,162,196,19,51,139,247,114,138,5,123,218,45},{161,137,125,167,74,176,139,124,92,31,184,41,2,83,116,202,218,204,80,230,138,215,14,75,148,230,31,99,139,90,210,128,202,36,154,108,97,91,147,67},{82,162,90,87,26,184,243,201,86,150,217,165,43,194,232,111,129,113,36,63,201,188,65,55,233,35,104,84,52,235,134,43,99,165,213,7,207,207,21,79},{29,159,126,215,229,106,218,201,84,208,105,42,254,173,47,132,71,29,148,173,139,19,26,108,110,35,220,127,69,217,227,30,9,82,149,184,25,239,49,49},{51,208,71,195,50,181,4,196,53,64,169,84,169,125,174,24,213,226,68,106,92,142,242,79,208,213,166,153,178,124,74,222,201,46,105,243,7,27,48,75},{40,194,233,120,135,54,162,63,4,177,225,174,204,189,152,237,133,191,207,110,158,212,135,9,123,87,131,9,22,150,74,122,180,29,188,16,26,1,43,86},{155,208,43,99,119,41,193,62,160,106,246,167,33,74,255,191,161,208,59,4,156,82,182,123,194,14,216,69,5,230,235,55,82,214,2,154,230,249,55,14},{248,160,4,146,73,88,94,198,220,106,107,204,142,55,145,234,127,71,139,10,90,195,76,209,152,116,151,73,89,109,15,72,10,208,89,32,183,149,200,140},{203,112,72,154,37,73,250,248,228,72,110,188,247,162,181,50,170,71,126,147,65,62,168,119,171,61,117,132,196,222,134,236,134,233,189,253,184,80,228,85},{168,224,244,211,111,137,142,162,155,198,99,142,0,95,29,224,12,65,32,200,13,13,80,191,158,159,228,86,61,136,53,58,93,134,13,162,171,138,191,230},{67,65,203,87,127,73,238,38,129,215,217,244,50,155,190,73,185,140,227,228,108,166,65,230,159,186,153,86,66,247,224,200,30,136,35,240,178,178,71,227},{84,236,139,219,133,0,137,197,146,133,188,216,111,212,98,214,28,212,16,38,240,255,186,83,35,155,92,242,98,16,207,23,56,81,129,34,132,209,184,171},{206,3,61,121,145,69,46,196,80,84,209,91,141,70,228,198,32,55,104,129,231,191,193,171,192,31,130,194,151,254,220,146,69,41,66,55,166,93,97,187},{35,230,199,226,138,252,6,243,58,53,77,227,44,183,196,199,202,123,163,223,28,226,27,143,169,33,167,4,130,25,68,110,212,51,13,255,194,209,56,100},{24,87,20,246,120,108,210,161,149,113,201,115,236,88,194,79,38,206,245,181,59,224,105,244,147,17,111,233,182,201,67,152,31,229,78,124,4,167,8,58},{128,189,64,63,132,177,45,127,78,174,43,147,21,147,206,162,35,249,227,136,101,44,190,133,42,167,58,87,96,69,63,199,153,78,74,199,252,132,201,127},{54,116,150,56,196,16,140,43,167,220,120,74,240,167,137,67,53,245,84,95,192,79,70,237,165,173,90,44,26,203,40,36,92,69,68,209,109,86,89,231},{51,220,137,124,82,66,29,199,180,111,31,82,221,19,181,79,41,214,82,251,131,40,139,44,50,81,59,10,79,35,149,0,232,122,184,197,88,44,70,232},{153,186,134,230,129,253,74,88,123,76,246,131,230,150,117,225,46,250,154,205,127,122,212,5,139,181,231,197,32,7,198,130,241,209,209,55,115,71,5,172},{133,145,105,142,150,233,161,114,33,123,26,87,179,133,204,226,145,42,16,50,108,190,142,83,61,148,196,9,63,65,102,177,32,183,6,37,242,185,17,43},{7,76,26,62,217,159,118,96,85,227,121,246,62,107,33,153,242,113,29,72,92,162,162,125,103,64,34,57,49,74,191,241,141,32,77,155,141,70,105,172},{161,101,155,252,164,145,9,219,159,130,138,115,99,96,201,239,70,18,26,169,81,15,52,121,78,152,209,252,85,158,191,95,71,74,22,13,86,183,89,27},{128,193,95,113,150,231,234,83,200,195,56,240,137,201,151,211,218,73,252,6,179,100,243,17,89,76,54,5,238,6,78,185,58,193,171,117,37,18,245,38},{28,114,91,43,86,213,158,183,3,57,77,237,114,203,119,25,13,205,157,65,117,2,19,102,204,161,160,71,196,180,41,79,7,202,185,217,44,252,97,225},{41,61,161,125,204,232,54,190,168,79,173,120,208,137,85,69,101,16,238,223,164,214,13,226,10,187,30,79,120,85,93,153,205,182,231,180,7,178,205,190},{241,81,230,2,116,60,172,208,97,253,71,88,206,30,167,100,139,29,52,85,146,33,140,155,95,94,9,70,138,243,22,74,133,236,0,117,255,132,134,148},{239,79,109,113,26,68,175,187,42,43,64,154,149,187,108,2,240,149,11,250,65,225,171,63,193,82,141,125,214,174,139,57,182,159,12,189,71,239,217,62},{93,38,121,178,177,54,19,160,67,199,70,102,110,56,167,206,142,137,80,238,198,61,23,45,43,46,14,137,124,29,164,168,46,55,206,126,190,174,165,64},{117,26,214,224,49,5,185,35,247,28,160,228,180,151,56,122,205,105,22,23,157,109,17,55,89,137,119,249,214,130,83,236,146,39,60,167,242,119,162,239},{151,14,225,167,78,166,166,173,7,231,166,144,13,190,71,192,218,69,52,143,173,130,34,250,172,186,93,25,58,191,66,216,74,179,227,213,5,166,74,6},{15,63,58,224,118,135,251,239,118,11,227,2,138,222,248,204,33,157,214,247,161,233,59,92,19,38,126,80,74,136,247,6,64,56,161,29,81,160,98,225},{245,175,175,26,246,72,117,23,109,42,196,59,23,222,65,109,13,133,174,40,253,238,246,125,111,104,30,133,236,165,74,95,231,209,33,24,168,188,173,21},{192,108,132,82,82,247,44,203,12,116,113,100,39,97,240,206,33,99,79,99,142,212,205,233,237,56,22,139,22,202,207,207,245,215,234,71,80,179,110,55},{52,137,32,107,14,108,182,73,59,192,27,84,76,162,116,27,211,21,64,187,12,98,37,240,216,174,93,80,103,16,197,120,46,241,107,11,137,173,215,53},{142,151,153,23,72,143,168,50,162,53,178,178,17,242,84,11,24,27,158,16,146,231,195,158,119,133,204,217,3,147,73,195,16,7,176,100,183,14,188,7},{69,30,85,91,138,236,163,11,58,106,177,55,192,75,144,125,62,131,115,20,222,196,224,132,224,198,56,88,140,18,4,49,40,212,156,147,169,53,143,14},{247,255,111,153,105,222,238,82,231,170,177,104,199,218,85,51,78,93,123,57,33,229,82,187,4,127,31,112,200,94,84,73,202,113,142,86,213,43,33,40},{202,5,198,252,68,239,226,130,183,123,112,63,1,231,105,12,239,220,254,218,86,3,135,29,137,12,137,219,246,160,126,85,103,170,57,137,121,67,55,118},{169,206,35,213,240,123,121,127,87,29,195,136,98,224,116,207,72,171,238,242,182,12,170,96,63,183,134,98,82,38,23,29,226,198,30,139,221,70,135,209},{145,116,130,18,87,95,152,85,131,102,185,71,78,242,149,0,231,255,68,142,84,38,211,39,67,225,222,103,211,197,242,21,234,255,208,101,112,140,60,240},{59,100,13,30,206,196,253,146,115,40,60,46,50,105,218,4,196,13,216,24,213,102,181,38,120,116,185,192,153,156,199,105,62,237,49,186,26,179,140,247},{94,230,191,179,72,56,65,103,57,0,240,154,10,125,160,44,127,22,186,202,56,92,187,188,94,243,165,127,43,142,236,40,114,205,35,248,62,75,79,63},{150,75,214,235,22,125,24,183,129,59,57,97,32,159,196,195,207,12,170,79,107,44,179,18,248,136,93,71,20,236,90,230,187,206,98,120,164,181,215,7},{5,83,192,254,248,131,154,38,171,124,20,60,3,211,123,61,26,192,37,194,111,6,210,186,49,44,250,246,11,228,139,73,0,209,113,166,110,108,193,242},{116,220,113,135,137,215,250,31,215,177,58,18,6,69,245,210,160,186,240,175,254,234,122,129,27,113,100,18,149,27,115,165,113,130,29,13,78,248,251,53},{127,33,59,100,252,89,47,205,134,181,162,62,243,176,92,82,217,28,163,217,182,0,75,80,34,170,33,25,165,14,215,209,255,61,26,200,70,166,131,182},{49,235,74,15,195,65,196,8,23,39,24,23,51,106,56,145,188,226,191,55,105,123,164,120,218,133,253,87,158,112,173,144,44,241,174,162,106,35,89,122},{15,113,112,222,186,243,108,255,249,112,168,30,109,175,158,115,220,67,22,131,98,177,60,95,40,255,23,38,215,155,38,64,11,147,219,117,132,46,7,27},{0,240,81,252,141,30,246,33,144,92,228,150,6,102,142,107,82,101,138,131,97,17,172,179,154,157,36,154,64,178,26,52,223,89,66,5,30,158,64,153},{192,236,5,248,132,53,75,137,164,59,89,184,49,133,232,31,27,70,192,191,215,19,93,164,244,135,246,20,83,75,186,41,243,47,203,232,18,253,141,249},{94,40,40,82,115,8,97,171,46,78,167,214,110,146,116,41,98,214,117,122,8,248,221,75,83,148,105,252,204,253,170,167,174,117,153,13,100,236,42,160},{230,109,30,20,95,113,174,70,248,242,245,228,37,187,32,24,63,196,67,210,33,173,206,16,24,112,39,252,168,164,116,22,147,182,148,47,101,32,21,131},{151,247,106,79,130,102,159,225,213,113,156,39,213,223,117,55,124,147,137,177,246,108,41,201,143,245,74,135,96,91,35,4,188,168,25,125,42,8,11,184},{77,88,199,180,162,169,52,152,5,42,101,131,65,6,70,225,47,99,59,255,185,175,185,171,249,59,137,14,194,214,4,20,205,189,56,225,51,121,1,230},{103,235,31,38,130,57,122,246,60,239,221,45,249,4,114,240,35,250,215,196,255,74,242,204,236,180,8,253,92,79,241,111,242,176,135,58,195,171,10,197},{22,252,226,127,39,157,53,165,204,189,113,170,23,172,62,165,107,170,31,226,162,66,52,34,180,254,161,246,5,84,1,223,237,181,232,214,216,16,133,113},{7,57,62,102,34,244,184,71,242,239,180,50,162,137,117,75,18,11,84,79,86,222,169,14,92,18,30,15,95,92,79,98,93,98,169,201,151,6,197,212},{222,108,212,105,230,203,221,149,191,105,197,45,228,70,17,71,212,66,160,188,32,59,157,211,146,34,161,126,41,248,226,233,24,114,54,68,216,121,0,10},{197,39,153,62,169,183,135,74,247,75,44,243,65,72,162,93,209,11,132,24,138,21,101,64,255,228,139,210,89,193,95,23,29,214,132,173,138,109,230,217},{26,194,170,164,223,48,48,46,210,1,38,3,176,87,182,14,159,118,223,101,147,55,34,209,21,138,230,164,178,131,206,101,63,105,50,123,55,116,56,47},{14,135,206,255,137,183,39,181,26,42,92,106,100,55,188,163,13,32,203,126,65,65,159,10,229,76,112,2,228,22,144,174,147,70,148,163,91,152,110,112},{23,13,120,220,205,250,58,210,71,251,95,100,110,125,169,232,240,90,89,93,234,34,76,76,146,19,86,23,103,243,223,226,78,178,164,232,172,158,15,148},{105,123,118,205,108,212,118,247,244,182,65,46,75,212,101,15,170,117,27,127,184,161,51,187,102,149,211,146,2,148,30,126,14,9,76,164,63,195,117,182},{97,198,243,112,246,66,70,250,191,159,133,185,138,136,217,156,52,60,204,86,39,174,172,87,91,226,225,139,176,210,177,208,149,21,16,189,96,131,53,3},{12,91,36,135,232,37,43,248,139,13,101,45,225,17,36,228,81,174,184,110,14,188,1,99,42,183,41,144,178,170,75,160,57,176,117,236,42,67,142,197},{62,201,164,104,197,247,47,189,55,212,104,86,107,136,62,119,194,135,16,206,71,146,167,79,207,219,38,125,78,173,249,53,85,166,110,101,160,148,224,145},{57,42,94,49,108,19,225,54,79,120,37,178,225,117,145,253,208,54,188,251,150,50,228,244,50,2,235,227,157,250,139,101,112,44,75,236,8,85,118,220},{233,87,166,40,255,164,180,60,182,63,168,126,11,4,101,226,217,1,7,22,74,41,79,58,153,13,219,126,108,117,177,202,31,154,42,118,125,181,108,205},{176,90,4,224,43,15,118,202,241,181,183,127,129,104,200,243,24,253,128,22,224,230,249,91,229,119,119,192,223,119,48,182,47,173,121,87,202,25,90,86},{83,208,223,9,53,54,177,247,24,3,247,99,66,68,206,88,8,38,122,188,121,71,17,216,179,196,90,90,166,243,208,45,114,4,231,9,37,64,122,28},{18,187,221,73,103,7,24,15,165,26,61,70,4,74,133,212,2,18,140,75,222,140,167,125,203,23,217,142,160,56,110,97,224,167,130,57,252,65,138,112},{84,227,126,193,69,76,224,40,74,235,70,45,240,49,10,216,145,77,94,85,206,252,229,79,196,150,0,135,164,117,138,68,181,249,43,245,239,47,169,60},{218,147,197,87,94,162,183,25,73,235,195,212,9,217,207,254,47,180,110,95,98,104,9,162,124,96,223,110,10,228,167,180,90,4,71,223,251,166,182,193},{178,54,237,80,110,96,215,211,252,190,167,46,23,213,167,60,20,125,154,104,171,101,181,203,69,190,115,105,106,200,243,190,38,247,162,127,215,228,69,85},{114,127,66,218,201,95,63,13,227,117,67,61,231,98,127,93,1,228,175,112,246,214,218,88,215,207,173,240,114,98,200,115,217,48,184,114,222,2,134,105},{225,108,95,206,162,232,173,135,248,147,213,90,173,127,60,128,87,215,139,146,98,186,92,189,224,24,115,92,25,252,35,50,138,166,246,197,150,157,236,42},{21,53,197,116,71,26,86,184,238,118,72,137,234,167,61,235,173,48,242,99,26,161,128,184,144,211,80,66,237,173,15,218,216,209,233,145,79,200,32,118},{16,119,112,154,220,128,89,83,214,102,16,211,242,74,71,161,139,30,35,231,138,107,88,202,208,62,133,25,10,239,1,84,138,69,198,17,83,71,236,241},{2,221,35,156,52,76,239,164,29,247,226,78,246,49,121,43,169,85,129,241,148,226,150,58,221,119,205,222,139,245,43,110,140,110,19,69,244,63,184,218},{249,86,189,251,143,35,102,125,166,215,169,65,185,143,74,246,12,117,222,12,110,251,21,179,67,249,204,49,115,161,121,222,17,24,108,214,86,71,227,18},{63,252,52,232,122,49,192,94,128,216,250,213,23,230,148,33,255,218,105,122,50,128,65,61,134,235,220,178,166,73,127,181,170,0,2,152,68,228,100,49},{214,213,148,40,204,44,71,11,166,234,110,126,241,156,35,157,207,165,181,110,149,190,187,148,42,110,80,45,18,27,58,26,26,208,186,196,107,94,206,230},{129,7,137,226,42,160,35,55,143,146,191,85,208,112,147,153,114,187,2,111,38,241,137,83,206,184,144,227,178,249,233,96,76,54,105,74,65,174,217,211},{66,246,153,145,41,204,192,100,138,197,136,129,133,200,196,152,206,128,1,187,86,98,146,250,23,63,219,152,12,27,60,116,232,65,105,81,171,166,149,22},{150,177,137,187,138,196,137,56,4,123,247,53,251,243,81,74,5,230,177,22,22,87,132,141,32,139,101,160,170,102,113,234,216,67,170,115,100,161,54,65},{152,105,147,37,97,102,174,46,166,178,245,200,69,136,63,145,44,102,144,204,170,185,89,25,229,3,193,159,134,158,253,201,110,152,234,213,151,151,254,66},{116,120,207,159,41,68,240,164,24,224,202,77,154,6,143,155,162,60,14,92,45,90,107,52,180,141,217,142,115,127,214,237,187,132,67,173,51,147,152,224},{96,18,9,31,234,147,38,36,121,138,56,146,198,102,214,131,213,166,177,136,178,62,169,88,44,78,6,153,195,95,21,184,105,236,69,210,132,221,57,203},{2,109,153,206,216,226,126,247,116,37,234,220,1,122,103,114,95,28,185,76,52,189,128,4,36,102,83,28,199,0,92,175,100,60,32,202,77,138,3,28},{39,233,217,13,126,25,205,15,98,136,245,49,202,7,174,60,83,105,89,66,202,13,41,238,192,25,68,155,96,95,209,80,18,204,18,73,199,12,150,218},{101,223,80,107,188,252,20,250,254,140,135,219,163,207,61,251,140,201,187,155,72,116,146,56,16,12,98,250,183,200,185,0,181,251,166,105,117,243,176,119},{26,179,153,87,158,82,238,124,85,135,62,82,85,111,6,147,127,237,9,185,64,201,38,13,51,14,116,139,118,85,245,150,45,141,71,187,221,197,56,21},{119,236,161,15,11,188,4,12,234,13,89,32,100,195,157,209,181,93,120,235,103,206,124,181,211,54,234,234,168,244,156,188,61,116,238,61,115,143,74,38},{78,166,53,113,252,153,152,5,241,91,226,122,211,186,64,108,77,89,242,143,193,67,21,180,221,211,59,13,213,189,6,63,226,9,31,169,126,163,204,78},{238,157,211,192,45,66,80,145,105,123,92,52,99,109,68,131,161,240,197,183,178,111,28,165,233,237,197,195,213,156,254,51,62,97,221,228,33,251,163,25},{152,49,170,75,182,46,233,127,254,94,38,210,220,157,21,191,193,100,157,237,121,11,41,205,243,250,248,59,126,57,138,61,15,132,27,2,223,187,152,208},{220,135,210,239,147,36,144,251,244,20,78,102,39,26,158,40,88,144,37,144,181,87,52,31,29,244,105,77,124,188,150,202,203,3,202,99,112,202,159,3},{246,174,146,80,119,174,210,166,41,245,159,43,200,1,31,122,60,218,122,4,5,196,89,177,53,134,4,156,125,40,150,236,55,200,32,81,102,161,253,122},{197,150,223,67,190,69,89,236,254,85,84,243,63,184,219,77,72,150,145,145,246,249,241,44,237,211,41,48,106,47,110,85,142,150,229,112,147,50,96,168},{210,223,245,254,169,7,79,217,76,191,26,4,145,247,90,131,32,95,194,66,171,21,196,24,218,163,95,250,63,116,248,115,162,71,224,110,44,135,110,119},{3,124,189,9,23,100,118,15,72,59,199,162,231,165,15,40,195,168,203,88,158,183,90,159,228,78,6,36,139,43,108,35,153,138,104,208,118,17,18,218},{240,58,68,200,103,87,25,129,189,64,11,216,110,224,71,3,83,147,133,154,87,171,235,116,36,143,132,220,176,203,193,170,218,100,255,205,184,20,171,250},{211,239,147,244,56,69,38,159,123,120,254,251,231,109,237,124,173,231,48,212,36,37,155,202,141,65,170,87,0,232,104,205,85,166,8,45,9,96,167,17},{155,33,204,11,55,112,225,67,86,246,46,241,210,133,224,219,58,142,188,216,43,116,42,101,81,220,62,153,182,74,4,142,97,175,81,164,128,150,24,24},{149,173,204,169,240,18,39,107,24,85,4,36,7,198,27,12,37,100,203,168,109,184,239,160,188,154,105,103,153,83,234,89,62,7,117,249,138,5,15,249},{89,20,238,102,214,208,245,237,103,115,68,240,33,140,21,217,79,202,39,248,208,217,42,167,242,222,48,64,91,131,44,193,93,142,140,114,33,28,102,236},{204,255,135,68,51,235,54,178,231,30,184,29,226,193,228,226,74,254,104,191,160,93,237,171,33,15,9,150,236,23,229,192,102,14,221,187,38,40,47,248},{167,209,96,20,33,203,101,131,167,8,48,48,40,164,255,194,47,201,112,55,109,193,209,65,211,6,197,191,113,65,204,182,232,37,151,212,218,45,26,118},{148,60,81,32,229,165,145,248,184,236,30,141,132,65,6,54,26,82,31,106,247,163,166,239,8,37,82,181,158,30,46,55,124,11,72,216,255,127,2,120},{89,108,69,176,73,98,74,37,109,67,156,6,164,168,167,184,46,10,1,255,53,9,115,70,76,54,177,27,158,59,14,254,69,183,207,108,190,137,163,43},{207,116,207,178,169,215,221,137,235,53,21,224,204,150,223,26,45,127,114,79,242,173,214,41,232,189,145,3,232,46,103,169,208,204,215,144,23,38,198,71},{26,180,220,159,56,250,180,164,120,245,223,244,35,207,204,131,202,203,196,234,46,189,39,239,188,21,126,230,67,56,49,32,125,177,88,184,164,34,242,133},{113,77,82,75,94,111,68,58,20,103,197,179,145,39,76,112,237,83,188,162,199,103,166,219,244,31,57,235,84,60,187,246,205,68,193,80,132,133,233,182},{141,115,35,205,75,137,24,143,163,247,157,149,210,8,244,95,215,118,223,118,100,37,113,56,140,109,133,126,65,53,11,154,32,121,76,226,209,139,10,177},{102,189,51,33,80,226,20,76,169,168,68,8,88,161,215,199,116,229,186,4,123,75,254,54,165,225,8,153,50,147,197,167,21,90,146,65,13,9,102,88},{105,172,98,25,115,68,102,164,213,65,53,232,44,192,27,69,79,1,56,34,13,241,38,194,87,32,31,100,227,137,66,140,139,195,183,85,176,228,114,93},{218,216,52,172,183,84,221,84,48,161,85,15,179,21,73,152,218,3,221,163,67,63,82,34,204,218,69,51,253,132,95,246,230,99,154,185,101,86,203,233},{151,116,150,114,62,181,202,65,199,161,100,100,165,228,79,221,218,30,49,12,121,232,181,95,7,46,66,88,193,200,207,52,92,84,243,221,53,128,217,66},{191,170,12,243,146,116,136,212,185,181,22,228,52,110,224,24,25,199,29,236,150,63,11,179,51,130,231,16,198,135,6,190,240,151,145,183,95,75,94,211},{79,70,221,77,38,226,40,21,234,246,162,14,151,52,50,224,255,223,37,9,148,120,207,210,198,5,32,42,96,116,230,169,224,154,40,211,81,126,111,144},{172,12,204,12,188,246,135,84,96,63,246,10,113,56,112,127,180,146,78,242,67,195,28,167,109,213,98,160,122,248,89,107,136,122,222,239,35,136,171,73},{196,36,158,220,14,154,7,128,231,69,3,181,69,26,226,101,7,165,204,87,242,244,153,116,182,239,234,244,182,147,124,70,156,140,109,53,228,186,177,8},{138,66,214,65,189,195,95,185,33,222,202,122,234,117,174,57,179,30,97,23,28,16,226,217,5,67,162,168,194,239,108,251,37,58,244,48,74,254,178,186},{21,98,22,60,236,122,136,71,248,42,225,251,219,239,194,144,98,20,139,9,133,145,13,137,10,13,253,157,104,220,79,116,32,56,63,222,62,133,245,194},{126,163,94,82,140,76,48,75,160,97,230,30,38,43,69,152,154,87,86,18,64,170,124,227,65,179,230,7,180,200,20,32,115,221,188,80,13,154,124,25},{168,63,84,222,134,34,145,126,55,156,101,62,23,191,3,85,250,33,123,25,111,16,29,32,216,80,242,22,106,52,6,135,190,192,233,251,23,153,255,91},{220,22,207,83,169,150,150,51,139,233,246,179,25,157,92,139,95,213,225,80,106,248,139,5,253,92,82,57,49,172,173,36,165,177,15,27,108,154,92,77},{98,181,17,191,72,107,45,5,115,160,233,18,47,128,93,231,190,8,159,66,208,196,55,48,211,96,111,145,161,174,74,22,155,121,115,228,123,30,131,86},{16,5,116,6,99,159,39,165,184,194,167,100,114,58,186,136,218,45,176,144,135,217,25,79,40,101,215,127,176,32,217,27,34,130,28,66,195,39,132,156},{230,162,128,15,48,224,194,18,5,91,147,57,39,182,46,47,60,20,117,175,203,62,239,191,2,196,211,167,149,35,151,116,9,226,43,242,183,138,75,5},{17,238,34,117,39,70,141,127,177,238,160,229,16,87,62,47,188,33,137,232,80,180,50,88,144,116,75,59,45,183,28,114,145,252,213,167,7,198,138,194},{215,187,6,226,144,190,251,72,17,57,75,164,12,109,239,170,165,253,162,120,250,3,132,32,163,5,226,238,224,19,178,105,118,247,35,248,16,62,182,84},{212,156,185,95,83,11,179,32,73,63,88,156,30,204,44,124,228,128,191,6,201,33,220,135,75,4,127,63,187,210,119,127,94,176,154,144,128,56,225,236},{48,100,66,55,211,11,217,126,214,103,161,224,11,181,231,22,171,247,182,138,249,81,219,22,104,10,63,30,174,233,225,122,96,159,144,209,135,182,133,92},{211,139,19,151,69,55,186,154,162,123,138,15,72,109,213,200,180,224,187,96,161,62,137,154,204,64,220,183,108,184,112,115,53,220,153,185,128,200,119,26},{57,61,155,186,8,73,165,20,255,83,226,230,255,108,175,52,6,84,106,7,227,36,98,141,42,136,61,243,142,85,241,185,53,251,58,46,100,144,125,68},{32,234,135,89,233,69,186,42,181,221,196,35,235,56,123,104,150,79,82,231,140,170,165,231,236,18,68,176,229,236,9,124,90,227,99,15,233,174,233,12},{73,21,156,52,31,145,232,143,204,47,194,149,229,177,186,80,1,176,108,80,213,190,181,57,5,157,92,142,218,249,175,213,119,28,43,161,13,46,127,1},{254,174,30,191,68,25,174,193,158,24,0,100,189,83,89,253,254,22,109,65,145,181,135,10,239,110,20,2,120,172,207,173,177,119,218,249,206,115,231,159},{119,178,37,4,123,234,70,243,226,146,126,35,232,191,192,59,189,252,251,35,42,29,15,35,49,43,111,17,252,193,67,144,45,238,171,238,120,9,28,82},{117,230,244,242,157,175,226,220,190,111,239,72,166,39,78,79,188,241,196,58,78,246,210,44,174,138,43,167,19,10,231,237,205,218,253,78,58,149,121,9},{120,83,165,26,213,54,78,103,238,210,46,240,147,24,60,158,206,212,150,150,239,78,222,111,212,146,50,28,92,227,22,119,153,28,204,231,95,62,110,199},{202,165,147,67,201,140,74,235,198,71,65,39,158,3,141,3,11,192,84,164,53,84,18,246,52,204,152,223,189,161,131,170,178,17,19,54,58,181,15,255},{111,222,110,146,37,231,80,195,107,40,148,169,245,234,223,47,99,141,144,66,149,156,240,250,214,89,237,250,75,37,231,9,109,240,21,79,154,238,11,26},{62,1,79,182,88,56,71,237,100,207,233,178,137,245,144,10,46,11,0,73,23,74,99,14,119,239,197,235,103,189,159,178,250,165,203,179,97,25,197,215},{107,195,189,25,148,113,202,175,145,46,161,29,52,91,234,127,173,4,230,195,196,58,195,40,36,217,140,116,172,106,63,68,173,150,109,92,121,91,16,61},{55,118,157,20,88,3,157,240,179,132,160,149,189,114,16,104,114,80,123,18,210,143,173,100,196,161,233,200,189,154,111,57,93,226,21,37,190,238,91,5},{165,241,1,210,20,149,238,103,51,75,177,173,254,79,63,205,25,145,5,209,38,30,175,238,12,208,166,229,124,48,15,85,198,37,69,99,8,137,171,31},{7,116,102,236,10,224,20,114,10,17,156,37,40,110,238,57,182,101,149,28,242,79,105,141,27,198,200,19,135,227,70,173,125,49,132,70,236,192,133,116},{188,4,229,155,82,103,173,7,111,233,222,226,110,155,241,231,30,203,81,29,134,192,225,89,163,250,30,201,69,155,109,216,229,15,89,187,246,32,58,205},{167,193,243,210,78,243,172,95,196,200,53,170,55,1,154,169,247,164,83,32,91,113,13,174,15,84,149,227,33,9,46,103,64,133,233,112,133,232,75,204},{33,151,17,163,132,5,68,20,81,65,189,62,19,44,196,12,167,235,37,51,2,144,246,215,87,140,38,241,242,197,57,78,101,82,22,212,255,181,57,175},{237,173,1,53,191,120,231,246,221,31,145,172,114,164,8,191,211,184,248,128,222,200,171,24,21,89,158,43,47,47,192,137,9,248,77,2,83,3,152,72},{91,230,231,141,179,255,120,72,75,165,143,203,79,125,39,80,140,36,8,233,252,61,236,154,249,238,85,199,28,168,31,55,214,57,174,53,55,10,61,190},{162,226,182,227,114,1,41,254,121,140,31,23,160,188,246,122,121,243,122,139,59,163,191,98,228,3,28,201,41,19,194,117,146,28,211,232,82,183,1,203},{226,190,8,12,240,67,244,25,74,202,196,190,212,77,240,45,141,171,15,141,219,110,149,186,110,179,114,109,115,58,123,25,69,65,209,35,233,201,139,186},{53,96,232,222,167,151,6,229,100,182,229,6,24,188,81,140,101,49,222,20,214,145,233,15,171,208,181,16,250,196,217,93,81,43,251,166,192,186,107,251},{118,236,73,57,30,220,249,226,148,12,136,71,41,71,228,85,11,46,21,151,206,48,177,158,50,234,185,0,84,35,206,234,102,46,86,154,174,172,15,48},{13,86,145,69,41,179,40,112,164,45,65,229,189,18,108,234,51,24,21,10,30,138,14,208,138,40,90,15,74,22,62,69,196,160,230,82,132,156,110,51},{7,129,54,161,89,144,188,112,111,77,116,147,61,200,47,96,57,2,132,236,19,223,156,167,230,144,234,33,87,133,190,118,111,29,17,138,32,60,200,151},{159,47,207,143,130,200,52,133,213,188,159,247,208,255,188,251,192,141,165,246,250,250,192,180,57,233,249,24,199,180,212,245,186,64,65,227,152,218,188,111},{66,13,207,171,254,151,227,201,11,91,136,64,114,146,69,233,67,109,236,46,213,102,22,81,95,93,155,193,102,197,129,174,214,190,74,180,10,10,140,13},{44,104,175,153,30,135,212,108,6,81,19,18,163,20,5,17,81,221,208,139,175,83,102,71,184,149,220,190,38,127,37,168,189,178,82,223,8,242,151,109},{221,247,122,110,89,232,105,140,39,69,89,253,47,54,71,117,62,182,141,134,101,223,44,149,61,128,98,184,88,26,208,23,249,217,186,178,144,31,28,27},{136,78,80,168,213,148,106,237,79,99,93,235,240,178,55,122,201,7,210,112,175,173,27,163,7,127,21,14,164,104,201,227,206,20,168,26,153,126,248,136},{217,166,207,142,0,60,61,149,75,57,121,229,24,15,121,132,153,169,20,5,40,124,203,38,6,47,141,213,76,218,79,16,177,229,121,251,173,115,172,120},{12,135,142,48,153,105,130,178,114,43,232,75,21,68,186,5,147,141,62,246,119,159,214,173,123,185,64,199,35,124,42,79,9,241,227,16,73,36,250,32},{233,118,104,91,103,229,174,122,166,237,253,133,35,116,30,195,10,21,181,229,247,59,185,33,249,141,118,9,88,93,200,247,235,120,139,144,139,58,63,206},{12,8,69,79,1,93,21,77,95,81,55,211,52,159,157,4,243,71,249,17,188,243,6,167,67,255,4,186,203,24,212,65,132,172,97,50,243,164,80,139},{110,121,251,52,225,97,117,98,74,51,71,81,51,7,175,94,171,5,249,136,117,104,238,35,245,164,107,242,110,187,140,97,146,217,162,84,44,126,223,40},{25,45,72,30,91,158,220,166,167,51,105,164,201,49,55,196,66,99,241,175,176,100,109,194,110,170,215,97,0,253,84,142,113,207,158,105,37,162,136,136},{61,100,63,111,76,166,102,180,153,95,135,52,218,56,55,228,184,91,26,134,138,0,83,23,100,61,226,194,242,236,215,165,240,186,228,10,255,31,224,41},{216,185,88,144,135,23,190,107,227,78,42,106,139,149,243,248,132,158,80,199,51,93,130,243,129,7,65,179,120,80,115,150,222,77,6,20,102,168,209,136},{255,127,255,246,125,99,194,31,95,235,155,252,21,219,106,106,35,252,218,223,117,89,49,50,160,178,85,50,90,96,198,107,138,98,202,142,0,127,19,105},{115,149,201,240,234,110,152,77,157,132,141,169,14,82,85,178,182,71,147,218,14,56,48,182,64,193,238,35,80,199,232,21,23,175,37,183,60,158,172,3},{209,63,189,217,77,50,69,80,222,10,225,1,211,216,54,143,29,37,90,103,157,119,96,24,205,249,25,139,195,145,105,193,134,38,47,51,125,86,247,41},{4,66,35,29,107,251,7,186,230,232,113,135,196,227,46,249,42,198,62,131,231,60,134,232,13,79,62,41,35,8,164,166,158,199,124,209,230,126,17,157},{231,147,31,61,152,6,3,8,188,155,153,151,153,124,119,86,241,98,187,211,213,194,175,219,106,105,20,171,32,1,183,42,165,159,2,154,233,23,182,101},{128,172,251,150,159,92,119,121,246,186,100,172,35,9,181,160,231,92,142,3,134,128,184,182,234,12,122,140,0,196,187,18,74,155,228,111,101,185,190,89},{178,237,99,78,59,209,67,11,209,209,10,239,178,206,8,136,158,9,148,102,147,12,167,154,44,163,162,199,114,55,69,114,123,106,181,175,143,179,96,82},{18,68,219,101,242,6,68,237,24,242,110,253,119,82,55,224,147,94,129,134,245,246,164,251,177,198,177,213,33,97,15,8,181,68,38,73,203,187,47,224},{189,85,14,174,250,179,86,80,158,245,48,183,232,46,169,199,135,141,25,125,235,75,220,18,63,134,188,75,199,253,202,109,166,66,189,89,44,147,90,82},{77,127,92,227,97,176,107,87,98,113,47,132,75,77,120,223,20,128,232,8,13,16,145,178,207,30,252,79,65,67,212,164,35,12,84,86,200,210,208,22},{77,210,185,237,202,235,240,216,50,104,1,230,115,78,25,183,143,69,177,245,141,22,54,227,17,75,59,129,80,116,217,205,182,43,142,152,79,182,109,10},{30,84,40,222,246,239,149,195,117,151,187,143,28,212,197,227,63,255,18,152,159,128,163,29,191,207,169,24,250,198,211,210,79,242,168,26,162,65,251,82},{114,62,251,49,251,197,173,2,164,217,93,65,49,108,254,209,236,196,81,156,58,146,233,183,115,12,200,236,162,21,61,163,245,0,237,5,51,191,125,200},{106,231,40,202,29,114,201,191,48,188,98,145,28,231,181,182,52,197,152,230,101,134,220,94,144,69,175,24,187,239,246,160,57,88,166,174,221,138,253,86},{79,100,153,44,174,188,62,234,39,65,76,201,169,25,17,188,8,211,110,26,214,215,106,50,20,62,193,115,183,176,80,109,78,198,36,150,91,196,71,91},{33,90,205,115,218,0,229,127,91,66,56,96,124,131,78,35,144,198,226,176,5,54,179,248,98,44,134,17,165,217,112,191,149,95,150,248,15,132,40,76},{201,127,79,4,254,24,153,34,120,149,188,72,30,246,58,73,110,150,121,76,227,211,33,131,115,197,76,72,80,223,38,194,73,121,209,222,51,16,35,39},{84,83,149,39,192,32,212,6,9,127,14,113,47,174,146,40,0,73,42,206,242,31,32,16,219,136,6,200,2,254,141,216,194,68,253,14,118,243,106,149},{213,241,157,52,29,55,200,41,141,92,188,251,17,186,203,223,249,32,125,224,171,9,187,172,43,248,3,179,31,22,199,106,186,180,214,154,231,221,239,245},{4,154,54,251,221,169,151,238,190,121,103,162,73,5,56,167,71,184,80,209,243,58,181,186,47,17,138,47,32,223,186,140,52,79,51,26,41,113,29,26},{109,235,184,230,99,73,205,248,117,166,71,60,51,180,12,224,88,103,19,111,224,142,110,132,244,8,117,162,221,215,220,170,116,70,244,19,249,32,238,204},{252,47,201,170,226,206,55,88,118,96,162,197,108,188,185,249,9,52,171,130,110,150,43,33,198,242,38,180,162,166,102,83,210,72,100,27,66,170,130,142},{159,178,51,43,110,198,213,210,147,138,233,247,89,149,86,231,206,87,237,71,218,207,28,1,30,115,68,68,254,110,112,141,55,24,189,62,172,38,89,234},{214,233,166,149,204,205,62,114,36,199,226,248,149,75,71,203,141,34,178,148,239,91,112,15,235,119,6,24,40,146,47,112,24,64,40,22,93,0,109,174},{5,169,12,16,234,247,95,213,229,95,148,33,87,21,248,139,17,5,46,102,48,35,195,165,29,13,60,125,235,242,14,64,123,76,126,150,29,214,34,33},{40,135,235,194,68,125,164,57,212,131,240,122,49,201,90,43,220,30,115,209,84,231,122,85,129,205,77,140,180,16,158,116,62,194,45,78,115,152,170,66},{64,83,176,11,123,41,43,198,142,23,60,96,189,13,184,195,80,183,91,102,31,91,246,24,166,63,30,98,11,69,192,171,197,240,36,79,131,4,3,82},{198,27,165,225,124,193,56,208,239,224,81,234,41,233,201,163,88,158,189,255,199,153,243,55,186,72,88,46,54,160,31,155,129,197,110,74,105,60,111,156},{65,210,114,13,160,192,47,144,18,45,136,10,16,104,253,84,71,135,59,84,250,120,145,98,45,76,3,135,170,177,223,253,162,72,113,142,209,117,30,47},{143,189,195,41,221,214,81,88,10,8,203,12,228,170,45,96,157,25,218,62,20,132,236,175,146,212,249,33,170,143,138,49,155,153,252,116,102,220,78,150},{136,1,31,8,167,79,213,98,126,27,246,67,14,117,128,80,206,23,205,153,189,60,249,237,37,163,229,225,144,97,73,209,64,106,57,164,93,127,208,177},{254,182,242,5,227,73,210,204,250,115,226,166,163,131,33,91,68,198,246,235,54,208,19,70,93,6,154,206,10,57,152,159,250,247,147,201,50,33,184,218},{251,63,76,70,80,98,227,119,249,36,150,15,129,107,224,133,59,95,33,67,90,179,148,199,102,229,119,3,104,45,168,253,228,221,189,40,139,37,50,119},{152,83,117,6,39,139,26,146,237,220,182,6,90,134,207,111,117,180,119,22,94,55,8,89,179,254,105,83,17,240,9,126,37,254,160,96,115,69,175,41},{11,57,205,184,53,134,87,73,183,14,202,196,237,185,181,153,245,54,201,253,35,118,145,227,118,137,223,222,255,38,214,71,187,48,254,112,188,148,130,27},{5,15,18,120,201,99,227,251,163,243,157,249,138,248,100,24,153,92,180,108,145,24,36,159,159,137,62,3,190,125,108,11,204,139,139,59,253,126,158,20},{113,130,168,121,246,157,153,223,203,194,121,25,50,230,242,196,175,27,10,204,216,216,215,39,248,164,78,157,64,248,124,64,28,29,26,39,53,188,195,140},{71,53,41,88,36,69,96,192,136,65,142,145,211,60,39,87,224,172,246,31,109,123,245,177,125,40,72,199,250,187,229,151,244,95,71,108,184,58,7,92},{81,244,62,131,58,111,47,73,124,55,126,179,33,175,117,6,40,236,240,47,80,170,48,141,74,44,124,11,230,253,241,126,171,85,217,53,130,145,93,254},{180,130,183,123,127,213,86,2,199,221,233,6,82,135,54,182,207,222,145,115,129,3,134,134,9,65,142,46,149,10,169,177,245,166,162,33,102,224,228,82},{26,195,236,122,2,147,229,229,155,128,104,127,174,60,253,73,107,8,37,49,233,49,182,128,190,121,232,198,58,238,147,38,32,88,83,115,24,178,156,224},{111,66,153,6,59,170,55,83,70,48,124,244,250,148,194,182,80,251,240,154,19,133,94,28,35,252,143,70,55,151,166,52,100,58,35,69,3,13,221,23},{199,193,49,3,106,91,61,28,212,254,183,141,88,171,201,239,184,245,43,226,141,191,23,39,193,188,160,70,78,248,181,245,191,139,102,243,254,226,103,175},{180,130,89,91,40,0,152,175,197,174,39,173,33,87,113,142,233,30,27,41,71,180,93,164,82,108,59,95,80,177,53,31,47,24,228,97,7,69,145,103},{54,62,44,126,231,247,153,202,181,29,10,97,205,17,198,4,179,21,142,96,7,128,161,199,2,130,74,112,223,40,206,85,207,148,125,31,27,116,17,65},{47,30,101,156,222,71,251,57,18,83,250,125,108,171,239,86,34,83,176,101,240,74,45,55,63,67,186,35,134,20,234,211,163,6,164,138,81,209,223,183},{214,174,207,253,59,4,21,113,192,200,136,142,167,220,164,141,152,171,62,220,166,97,57,183,225,239,138,13,51,21,187,198,229,164,164,101,120,213,155,179},{78,245,187,78,97,127,116,203,121,131,131,111,197,244,4,3,76,185,21,83,147,85,152,37,14,232,210,98,173,146,135,102,49,4,77,116,181,158,36,91},{219,51,34,234,185,250,231,182,230,157,1,126,86,203,123,29,63,77,60,139,178,89,114,5,187,54,219,50,155,92,253,45,104,26,5,203,21,220,186,227},{155,24,3,125,254,79,91,88,121,7,192,48,105,217,19,2,81,223,22,60,29,107,153,230,158,186,25,210,155,1,200,130,231,163,77,27,106,67,25,36},{156,208,160,59,169,254,199,85,10,211,203,66,121,251,176,133,79,123,114,138,218,26,68,96,92,102,52,79,111,98,214,93,118,181,216,254,81,48,85,159},{164,245,210,8,15,29,106,140,162,218,5,37,124,213,2,179,161,116,101,180,82,11,211,234,100,178,150,160,211,121,77,46,162,212,120,83,62,3,229,253},{126,92,82,13,255,147,200,164,244,235,8,105,33,150,0,185,126,70,240,36,6,251,77,84,234,236,165,86,137,178,36,50,82,119,235,84,213,240,68,62},{226,8,86,129,104,5,174,185,161,144,0,112,133,189,29,103,190,189,117,150,114,243,181,106,14,149,156,96,182,223,160,6,111,26,152,251,140,132,174,248},{141,21,48,157,2,144,235,83,234,239,221,190,220,176,201,205,61,35,140,232,191,94,228,52,45,43,215,23,202,17,152,196,210,122,58,43,245,243,116,20},{77,62,136,57,98,64,169,64,47,165,71,70,214,58,157,107,134,92,190,170,120,225,216,12,206,243,65,21,12,101,95,143,151,254,79,253,1,132,251,0},{18,83,134,221,198,49,67,241,165,9,166,46,153,97,99,187,97,193,162,123,140,251,60,78,84,203,39,190,230,30,119,240,187,4,143,116,192,153,178,197},{1,68,90,220,161,227,34,151,243,53,205,37,202,49,250,158,90,120,158,68,33,195,19,248,18,147,184,154,138,183,103,101,119,228,125,178,67,79,87,246},{231,89,98,114,179,167,129,73,210,137,18,90,107,247,185,250,124,136,103,160,154,12,58,114,104,197,178,152,211,25,108,45,222,38,120,60,82,40,229,174},{230,217,85,8,227,16,61,33,188,151,149,136,243,84,127,80,254,113,15,23,86,129,208,55,70,193,4,107,244,199,109,72,53,40,167,53,74,34,103,181},{76,236,149,85,22,56,140,190,241,2,22,211,74,97,198,67,150,64,66,208,157,19,204,110,228,8,137,88,159,67,56,95,126,160,153,245,82,162,145,178},{133,209,208,134,9,98,133,243,5,190,202,158,226,94,49,138,40,231,29,160,157,244,0,83,166,107,164,73,35,145,62,128,29,97,97,192,130,153,69,237},{73,237,139,156,23,250,222,32,72,147,232,79,40,90,46,6,142,245,75,76,58,165,184,70,8,130,41,103,187,89,49,51,81,59,229,76,225,238,20,15},{82,104,252,58,114,102,57,226,248,120,64,194,57,206,192,50,214,176,236,158,236,156,7,233,13,185,244,51,230,43,75,190,101,148,206,178,215,99,215,175},{66,158,97,94,115,113,84,245,71,130,235,23,148,213,112,203,246,139,187,3,189,91,16,108,104,10,124,58,200,46,135,59,147,243,106,121,3,40,253,59},{108,59,96,39,210,223,134,254,237,154,246,172,113,216,4,90,253,33,246,162,33,255,220,192,230,89,0,70,33,25,177,31,105,15,252,211,252,181,240,238},{50,231,245,98,144,215,42,6,175,32,66,230,237,102,229,189,122,190,111,158,208,187,25,154,231,196,6,180,158,127,191,97,116,111,3,51,53,18,91,201},{127,38,140,144,108,218,160,196,85,169,227,235,174,202,210,78,65,197,149,74,166,21,135,169,191,131,244,221,129,51,77,233,182,244,9,130,90,26,52,14},{40,162,248,126,92,191,174,53,53,55,60,143,255,213,158,101,154,26,32,182,22,67,168,41,175,58,20,172,12,209,134,185,96,95,14,104,78,2,80,53},{89,23,86,10,238,221,158,242,204,38,35,177,191,37,242,195,119,27,55,15,126,6,151,40,119,245,172,237,223,119,73,237,215,135,62,18,162,244,63,213},{76,51,87,116,124,130,35,166,2,1,242,255,219,106,192,208,132,67,203,137,237,231,178,40,202,189,5,82,86,218,181,70,91,239,230,173,47,11,69,34},{51,31,177,189,42,195,176,8,217,54,206,213,230,194,51,140,131,239,107,58,162,73,218,35,48,38,162,162,155,242,255,154,158,28,35,251,100,212,181,174},{107,108,234,21,100,212,10,117,91,78,210,103,137,169,55,244,72,242,16,128,0,253,15,32,53,192,109,58,59,214,32,149,3,27,162,16,165,80,170,254},{8,176,252,90,159,249,45,21,50,167,74,106,60,94,124,45,239,152,154,36,75,197,45,31,227,119,50,195,203,209,36,69,53,53,250,177,106,177,206,101},{147,233,197,37,198,86,217,144,51,60,49,239,171,58,173,220,239,85,157,218,21,144,51,112,152,65,154,89,253,36,183,144,123,151,173,233,194,69,187,151},{216,96,102,148,29,200,52,26,237,68,185,240,223,34,62,223,130,203,62,10,56,212,254,215,173,236,45,69,49,130,16,114,169,255,39,155,203,214,117,136},{35,95,222,164,164,190,136,84,18,237,179,133,104,243,41,68,166,143,238,36,100,102,239,56,254,104,81,66,167,9,64,20,94,225,103,201,188,93,137,154},{212,34,138,167,178,205,173,0,129,139,9,162,74,201,200,232,62,155,249,214,102,238,25,253,93,38,6,205,5,210,73,134,246,251,178,207,228,115,182,45},{45,107,126,195,217,10,182,250,175,186,215,44,148,161,61,185,10,146,138,83,13,16,228,78,171,117,160,11,232,1,118,120,232,234,95,66,249,105,71,55},{40,170,112,21,186,55,233,205,68,56,236,201,4,0,133,160,8,87,8,143,42,174,108,236,61,255,177,141,49,88,226,212,73,118,27,47,154,47,159,81},{208,78,95,56,25,111,127,230,0,102,95,120,174,80,180,145,65,143,5,40,73,190,231,52,152,65,21,105,77,6,177,134,62,22,197,230,6,41,190,247},{100,87,65,72,131,116,216,44,229,1,132,247,233,233,224,237,87,11,28,153,31,48,39,179,60,54,6,43,205,69,237,78,154,207,108,113,26,129,254,79},{9,162,111,189,254,238,157,142,236,206,28,182,133,147,203,67,95,232,137,147,236,74,177,169,187,72,235,139,111,55,77,192,133,25,121,127,59,125,221,12},{250,139,173,166,2,226,61,72,147,34,228,154,188,3,146,43,86,91,192,89,102,138,28,225,88,230,160,7,132,63,132,119,31,219,120,187,167,106,245,246},{116,190,63,101,154,76,125,134,255,152,13,4,209,240,240,156,55,209,251,78,140,67,250,80,10,174,40,76,216,121,223,253,185,131,81,94,219,200,255,249},{30,91,118,92,52,167,161,5,130,255,58,239,15,69,62,74,244,88,36,84,159,33,196,224,144,211,84,90,155,142,107,84,20,222,23,111,89,195,188,253},{146,70,19,140,186,181,214,121,225,56,122,254,30,234,34,225,35,201,50,247,241,245,247,101,136,151,176,142,212,75,75,246,123,77,51,170,123,75,28,67},{99,221,226,97,140,204,77,46,71,7,145,8,133,156,27,183,240,58,44,215,120,136,227,28,226,55,144,21,97,64,212,150,106,251,6,155,219,245,164,7},{166,107,33,106,237,249,34,179,4,26,227,218,147,198,178,89,63,56,12,54,119,108,93,58,110,181,175,98,230,166,166,210,57,148,186,54,134,38,83,86},{28,3,193,108,152,40,60,177,200,162,133,218,176,227,7,170,80,90,233,227,176,13,151,182,42,155,118,223,150,56,27,23,33,84,55,225,183,168,70,54},{231,45,178,67,217,163,202,170,21,188,63,54,68,131,214,161,166,179,198,148,164,143,91,43,2,27,149,147,171,105,85,97,235,207,82,236,198,230,39,147},{190,152,235,140,168,222,193,18,98,34,175,208,84,251,56,67,128,98,107,125,93,130,131,4,31,179,243,156,207,198,92,125,144,115,154,143,219,9,64,244},{219,49,165,34,12,30,208,167,206,193,100,248,118,21,214,50,152,98,111,31,158,166,38,229,11,239,155,52,193,102,73,183,16,39,195,41,226,89,255,189},{161,86,244,16,189,179,109,122,167,66,60,90,148,106,206,231,159,246,34,90,7,190,59,155,208,161,253,172,38,87,105,149,94,110,116,122,161,89,74,96},{205,255,147,163,95,208,51,96,90,243,167,40,226,143,180,67,136,45,241,13,243,93,2,47,131,205,42,181,14,96,194,80,33,62,76,37,49,121,111,111},{235,70,47,188,89,172,243,181,64,63,166,109,18,1,166,86,219,198,113,34,100,102,116,241,202,182,150,95,89,153,101,68,66,4,23,65,202,40,0,8},{26,109,51,160,118,130,37,99,50,149,22,208,204,42,115,196,130,97,193,239,170,171,64,76,148,90,119,37,95,78,32,177,110,60,40,165,133,127,136,158},{131,139,235,228,66,97,74,46,205,240,239,26,191,177,149,85,108,223,117,91,201,205,248,64,81,43,195,63,170,4,85,254,100,100,91,109,131,247,69,127},{112,186,224,161,175,79,195,93,144,53,11,78,90,170,29,100,139,223,139,9,47,192,27,180,227,67,91,171,116,44,180,61,71,241,46,204,231,84,249,74},{78,77,38,7,55,66,196,6,99,128,40,175,33,1,10,103,250,80,191,232,115,136,161,3,84,57,201,99,237,125,127,176,202,182,234,146,118,3,215,15},{209,98,187,190,144,64,255,19,10,24,245,6,231,149,2,123,187,233,143,86,119,192,79,121,66,97,30,39,36,186,16,225,223,102,99,123,229,80,55,223},{48,74,103,176,231,41,152,148,244,174,32,107,32,98,251,158,108,119,73,174,221,100,132,195,253,32,29,224,212,224,190,140,170,206,147,70,17,127,146,167},{210,219,81,241,196,240,115,43,140,188,141,254,103,50,191,229,213,16,249,29,226,62,142,189,217,218,125,215,191,74,113,63,38,91,242,91,248,213,32,5},{131,3,202,162,213,240,211,129,240,78,80,19,43,136,58,116,249,7,67,130,44,71,40,147,79,241,212,164,191,185,219,142,253,8,246,213,77,8,158,198},{56,170,166,207,193,181,150,86,188,62,134,12,6,9,54,143,150,203,194,147,179,203,213,50,128,223,48,215,124,106,224,238,207,129,222,123,78,133,84,128},{86,23,12,119,2,128,231,208,60,157,190,131,50,168,108,145,154,6,118,131,234,197,195,32,52,231,52,236,236,135,2,44,104,202,166,155,15,136,225,192},{193,84,100,67,206,207,188,161,90,30,143,206,174,150,120,65,62,185,34,184,167,201,235,75,131,47,102,176,97,95,100,100,56,111,182,72,182,45,30,141},{85,35,36,237,196,2,200,234,139,192,212,4,6,127,158,111,95,159,37,110,3,31,131,176,172,204,110,52,110,179,68,237,252,9,126,195,133,87,157,202},{240,87,67,246,98,50,62,234,85,0,193,241,65,213,152,205,90,243,158,191,216,216,48,209,153,161,100,132,239,180,70,215,225,173,62,41,62,29,80,15},{255,12,146,190,59,255,54,58,72,12,106,166,169,117,92,173,123,6,158,70,21,232,29,0,51,156,108,128,219,138,92,156,215,146,11,35,21,254,132,173},{80,245,189,147,125,105,86,16,4,64,172,193,70,138,67,102,48,160,59,199,165,41,157,16,39,52,47,90,233,202,138,250,22,132,102,22,94,202,151,9},{171,250,15,141,117,36,170,90,205,254,84,50,165,113,213,80,44,192,162,144,225,8,252,235,180,179,254,126,94,203,159,100,253,214,166,116,214,52,99,197},{84,9,157,136,153,43,233,95,29,225,119,100,35,168,123,165,79,135,29,207,94,30,123,102,68,61,239,29,234,87,174,243,57,94,84,175,163,103,36,255},{181,124,157,95,90,6,68,187,136,39,27,226,111,160,205,9,76,227,117,82,218,229,38,70,149,0,55,203,150,255,227,157,202,31,77,80,137,70,25,46},{102,6,211,254,74,37,213,216,16,42,46,12,34,14,0,235,95,2,86,45,79,204,108,51,26,70,232,13,210,247,28,126,254,80,227,252,208,90,32,251},{11,125,236,52,229,16,214,219,111,15,124,88,8,59,160,33,87,165,167,40,11,82,122,101,254,179,85,209,72,45,126,36,157,110,11,70,42,72,29,146},{4,238,190,1,37,235,195,126,99,13,183,74,98,48,175,94,190,245,202,191,190,178,71,53,187,159,137,145,52,115,123,16,68,121,49,36,206,15,175,161},{116,23,13,34,10,231,45,58,235,121,250,93,247,51,36,97,107,131,242,105,247,108,234,227,175,254,90,140,49,202,249,78,23,210,51,193,4,151,166,37},{107,133,216,125,47,183,107,89,239,212,87,150,133,96,126,170,145,167,83,38,87,248,32,58,239,160,169,150,163,214,70,160,70,101,162,238,155,131,255,104},{114,9,111,166,211,226,69,207,93,250,51,198,103,110,68,178,247,1,246,226,94,229,247,168,182,185,215,50,147,35,125,170,27,224,254,94,28,151,162,16},{131,62,4,23,20,61,165,38,165,97,133,89,38,115,32,166,24,98,200,21,0,75,107,103,97,130,135,91,149,3,62,173,131,180,225,36,28,216,153,140},{27,217,226,152,186,229,40,247,204,4,98,172,134,94,33,236,141,58,20,71,77,97,124,176,253,232,239,232,64,147,108,152,8,191,39,60,119,61,118,99},{78,242,190,186,188,202,244,119,80,196,236,8,94,98,111,20,177,112,254,146,124,9,161,174,14,234,71,193,62,101,108,116,237,217,111,214,249,58,53,140},{139,222,86,185,189,66,231,250,112,53,89,46,70,50,236,120,84,7,48,214,202,112,143,232,13,196,140,167,18,229,167,88,53,191,70,219,156,150,221,161},{182,235,103,3,144,94,178,16,22,227,61,66,167,64,220,132,64,64,68,137,243,95,160,209,232,171,57,113,89,10,58,172,146,22,96,104,176,250,136,15},{74,113,231,238,157,65,183,194,134,184,19,243,62,214,91,213,45,5,213,161,57,239,102,176,246,250,141,59,20,39,97,233,173,87,200,96,123,118,37,10},{55,183,55,121,225,61,100,58,156,63,150,4,159,251,36,133,135,126,16,164,3,244,161,60,131,242,31,54,198,175,195,27,183,209,170,191,180,219,148,4},{162,227,35,233,177,126,233,95,3,238,235,241,77,42,237,206,93,106,20,4,240,25,135,2,223,180,212,232,85,43,23,88,20,212,76,124,153,229,104,236},{122,210,54,255,115,6,242,169,129,18,16,59,176,75,175,78,71,104,241,143,93,67,152,111,170,190,27,15,95,1,66,155,102,94,213,227,118,132,191,76},{62,87,141,72,36,243,192,174,191,219,180,69,81,13,215,82,156,93,227,201,79,196,232,189,162,175,247,156,195,150,161,225,4,81,30,242,109,78,77,243},{1,112,114,123,122,29,126,49,185,239,196,152,10,82,27,186,116,165,160,94,66,78,180,71,33,60,55,191,141,91,106,39,63,184,167,134,220,198,246,115},{75,46,34,141,41,184,82,49,116,113,36,223,221,195,31,159,132,73,181,43,240,72,47,160,166,56,123,151,64,9,168,48,40,59,3,34,4,87,1,21},{206,211,1,190,108,29,193,110,237,98,132,164,23,54,188,17,14,78,227,32,121,87,252,151,47,115,253,48,189,24,199,30,34,59,119,117,8,255,134,118},{133,26,101,109,13,132,135,21,100,55,47,68,145,138,174,191,253,217,47,162,10,248,227,164,217,115,213,251,215,244,183,48,55,1,253,34,110,248,101,178},{79,17,69,31,150,102,222,89,175,177,251,163,212,47,160,233,172,14,142,191,194,105,31,250,71,28,40,221,139,226,218,131,52,38,248,0,44,123,181,195},{83,176,50,114,1,232,175,76,160,60,125,198,46,175,131,170,220,214,191,123,142,213,237,154,42,105,180,35,175,156,161,103,238,172,227,132,127,109,109,176},{109,190,89,252,84,53,230,103,2,50,199,196,130,13,116,114,218,15,248,96,145,60,28,140,53,17,173,89,164,95,174,152,140,139,16,193,55,76,245,115},{27,1,5,176,183,156,157,231,116,70,168,88,249,239,86,193,185,13,215,113,65,47,151,244,245,120,250,32,176,7,196,240,71,38,233,143,51,104,238,89},{246,197,95,34,86,207,234,182,210,43,113,114,20,136,33,92,81,177,12,35,169,245,204,47,237,59,6,148,60,29,74,236,182,67,151,162,170,244,66,127},{198,130,19,106,184,251,225,139,62,125,8,58,207,46,95,187,221,234,107,40,214,90,244,205,72,147,50,97,131,145,185,120,129,135,100,250,167,137,32,28},{142,50,204,48,45,253,180,231,238,216,253,36,67,250,206,12,190,132,154,144,71,167,230,194,232,171,222,225,80,229,190,44,158,34,116,241,62,59,187,124},{210,170,248,151,171,170,39,141,126,165,224,38,82,153,60,38,88,138,73,143,108,164,116,51,83,27,222,226,239,138,141,49,194,168,186,31,33,157,169,14},{240,189,253,173,232,114,237,231,211,242,1,244,245,38,0,165,88,71,107,68,97,21,38,159,48,20,91,21,72,65,162,24,247,180,20,53,124,97,157,220},{228,75,178,183,125,171,199,164,66,188,100,200,16,132,233,220,214,35,204,39,61,57,25,99,80,27,1,132,126,53,230,20,57,136,29,131,168,122,29,207},{42,98,185,67,186,127,153,138,163,133,19,36,76,239,58,252,231,59,208,148,19,84,18,54,188,255,52,84,188,105,148,155,40,88,140,194,238,96,172,139},{95,107,88,208,174,248,35,250,32,120,5,218,198,88,143,109,46,102,165,165,219,152,199,111,4,45,47,23,9,227,20,84,182,5,101,49,181,192,170,209},{221,255,48,77,209,129,245,27,210,199,30,46,187,37,101,167,105,251,244,173,212,131,184,43,165,61,249,139,121,211,84,43,215,193,120,120,55,65,22,185},{192,105,225,154,7,186,119,211,96,251,85,73,211,48,64,39,122,74,251,20,119,3,99,23,8,189,79,160,148,171,112,99,233,224,123,73,149,3,231,76},{29,143,213,85,39,206,175,106,89,3,67,105,57,151,43,20,221,4,49,184,1,224,171,232,220,97,190,146,230,66,1,166,157,14,102,185,47,45,46,104},{2,167,59,123,250,66,31,82,200,77,221,40,6,199,57,21,8,104,82,100,156,119,74,235,219,176,214,242,193,32,233,148,159,207,75,117,22,193,81,60},{29,91,158,211,97,76,158,23,146,161,207,181,243,66,52,153,192,221,220,164,97,213,62,248,14,143,189,17,47,21,172,56,159,207,48,85,135,127,126,33},{126,137,167,242,84,165,170,39,212,4,43,200,191,32,53,49,120,255,37,77,116,105,72,57,246,70,220,30,69,50,47,57,142,113,170,15,98,35,150,214},{60,138,129,122,145,49,88,124,160,36,214,115,103,238,236,201,199,112,44,77,62,14,200,158,242,255,187,242,13,131,208,237,30,128,178,54,249,167,220,246},{64,31,158,140,224,99,252,100,11,53,246,122,123,54,87,138,109,84,124,172,78,87,84,97,159,230,28,216,134,199,122,170,82,154,77,147,216,174,191,209},{79,108,18,248,112,205,206,47,169,179,156,208,236,180,61,90,138,123,210,239,159,23,227,210,106,174,130,25,223,144,81,126,151,97,35,37,131,173,196,106},{147,237,215,1,136,248,65,22,151,106,210,254,29,252,71,103,143,215,112,106,190,35,133,100,180,132,14,38,245,44,61,137,233,61,130,91,88,169,223,16},{121,139,6,117,6,115,139,226,114,252,111,106,107,49,102,69,187,80,245,69,1,56,17,194,73,168,188,167,247,216,50,242,253,19,200,136,87,122,55,205},{26,198,129,111,232,115,113,155,56,83,82,84,24,31,220,52,183,140,104,106,21,172,77,131,23,243,125,182,211,24,20,30,224,219,61,140,2,163,125,37},{83,160,231,126,61,77,226,243,124,210,82,53,162,234,127,128,59,234,16,228,82,93,152,156,121,133,71,171,15,136,232,235,90,135,230,192,192,75,203,196},{98,177,92,151,184,238,71,136,237,99,176,42,240,48,61,151,251,233,111,83,211,63,77,125,77,113,185,75,173,113,190,84,2,26,51,11,90,141,117,195},{8,100,25,94,194,240,202,26,78,220,225,165,36,18,104,242,133,89,232,93,165,33,136,135,197,222,83,93,5,43,155,87,205,184,66,73,230,5,48,244},{161,13,112,142,25,90,21,100,74,16,76,42,89,71,50,215,252,131,230,155,37,2,125,180,102,68,139,210,185,115,232,82,203,173,184,232,33,186,35,204},{148,247,156,201,217,56,207,156,203,51,96,113,191,128,72,241,195,219,37,210,231,29,172,181,242,166,111,179,134,90,72,113,1,11,218,14,132,11,46,154},{244,85,128,9,3,57,69,67,51,196,196,2,70,81,174,17,188,171,215,47,107,4,96,195,52,35,180,243,144,199,177,40,11,130,58,181,131,72,226,154},{163,172,65,30,2,240,55,244,61,210,15,103,207,85,171,139,10,210,102,52,131,71,75,91,124,37,246,241,104,111,239,195,244,209,193,57,65,56,255,22},{149,40,63,51,99,89,231,12,22,100,150,167,231,49,120,50,58,160,115,242,255,117,210,195,143,164,51,32,104,204,24,149,120,104,196,196,89,204,53,20},{164,154,86,108,192,177,25,95,116,156,130,232,72,247,113,141,213,33,30,232,85,167,181,252,152,123,86,84,144,203,237,60,62,34,106,123,238,134,55,209},{202,205,118,206,132,251,59,138,115,209,8,20,231,117,111,241,51,49,26,74,8,27,24,122,211,66,251,127,2,42,11,187,67,45,41,125,224,39,232,99},{43,239,140,135,73,213,106,129,8,103,193,255,108,135,184,190,67,44,155,66,53,15,56,92,27,115,42,226,0,4,245,35,170,34,112,66,176,156,99,129},{77,190,65,214,155,198,178,240,75,91,85,115,91,205,58,254,70,29,126,29,50,123,133,115,12,32,221,97,148,37,194,213,174,94,207,43,238,247,156,54},{220,10,88,179,146,90,202,66,246,192,98,63,159,109,84,70,26,36,161,77,135,93,227,205,244,32,136,91,70,250,157,220,134,173,192,76,195,211,90,236},{56,30,145,136,98,45,5,176,151,238,6,167,238,226,125,149,80,210,64,14,150,119,217,141,187,182,103,170,236,124,40,204,154,241,99,16,71,67,76,148},{142,5,96,117,11,192,2,158,145,216,169,219,226,78,92,197,212,130,243,2,88,83,220,187,205,255,131,92,250,183,120,102,39,252,108,176,165,237,234,26},{231,231,128,133,81,206,60,108,80,55,184,99,16,95,178,231,235,132,22,6,128,239,48,167,38,145,2,255,205,28,54,123,186,254,50,255,137,10,56,250},{55,148,57,164,52,51,3,115,250,169,89,244,253,4,64,141,74,211,37,190,163,207,4,191,178,27,243,91,108,25,207,89,91,92,107,221,44,168,112,54},{52,64,44,103,147,248,59,246,195,241,213,228,166,125,118,113,221,232,186,136,196,250,104,229,165,24,152,162,171,164,10,64,245,120,159,233,23,66,156,212},{72,51,214,229,142,204,229,27,161,84,49,152,71,59,177,64,177,30,39,18,174,65,217,129,54,231,94,118,134,50,86,24,91,144,252,156,149,57,164,10},{211,101,255,169,70,23,199,57,177,132,185,235,62,195,159,64,70,202,151,181,111,140,54,17,41,59,244,126,182,74,210,119,203,158,82,210,239,102,199,76},{66,39,161,35,244,210,240,208,108,193,84,221,192,31,123,227,41,24,84,34,156,47,222,191,57,26,195,12,93,146,67,220,216,87,203,153,73,114,74,169},{222,147,226,232,94,142,65,82,181,134,123,172,120,100,248,3,165,20,138,80,119,20,168,10,143,210,136,176,251,71,119,176,98,134,211,195,196,110,163,117},{101,168,210,166,39,148,142,62,169,31,205,114,73,191,201,78,132,144,2,13,216,197,146,80,37,49,35,63,99,150,170,193,236,166,121,230,197,12,145,246},{34,73,7,168,243,243,31,227,200,209,195,244,92,96,241,207,95,67,192,103,87,169,24,189,229,25,251,103,223,219,228,193,219,95,72,92,104,152,253,50},{173,202,61,119,188,226,124,51,126,81,25,237,209,193,18,3,101,119,24,99,120,222,5,240,144,123,147,70,196,47,123,32,176,236,187,27,245,23,140,225},{33,152,179,101,183,233,85,65,171,81,228,116,194,66,108,194,0,67,91,5,222,16,222,131,248,82,238,9,9,255,153,110,79,121,107,26,247,9,106,49},{77,74,157,66,38,109,115,93,111,116,186,251,235,89,44,165,116,164,93,43,188,72,188,111,129,151,214,83,251,96,87,99,85,244,219,204,211,90,83,113},{111,172,216,86,29,1,33,63,254,232,215,116,37,65,220,144,69,130,123,147,254,170,95,148,172,42,65,210,244,158,79,71,75,149,90,34,235,159,21,37},{152,203,54,25,157,188,177,228,102,238,120,215,13,248,225,83,220,135,206,26,242,128,115,157,4,19,68,129,51,56,189,200,221,113,132,192,5,115,192,10},{168,226,159,219,30,101,181,108,122,247,108,90,197,131,58,131,155,174,17,137,159,233,147,210,112,176,133,158,173,254,174,117,40,75,2,54,139,142,130,153},{52,6,238,117,36,176,157,0,4,84,102,28,43,104,106,167,81,49,16,173,232,232,63,168,1,9,43,178,142,166,235,237,81,5,121,44,10,30,6,195},{100,105,182,186,255,70,113,192,28,19,46,158,124,191,254,230,188,44,90,138,179,94,164,88,78,64,49,27,164,226,15,135,14,200,235,34,34,108,58,41},{139,185,127,216,221,104,187,129,29,218,89,119,223,57,46,194,111,161,255,88,199,111,203,158,151,62,13,35,100,176,41,112,242,96,253,11,14,90,78,101},{30,226,74,8,120,57,80,246,169,148,100,76,255,56,27,111,249,53,83,62,225,78,123,0,161,47,17,172,113,195,103,45,17,174,9,194,246,107,242,175},{203,32,251,13,162,251,13,5,17,17,142,10,191,185,113,169,106,68,138,158,86,121,75,125,204,179,231,212,121,82,8,173,58,205,138,123,56,160,28,66},{8,193,191,11,218,135,107,59,14,62,82,36,186,101,57,42,10,216,104,115,99,38,86,56,245,23,81,184,200,8,224,186,243,177,221,50,140,135,0,84},{162,109,23,132,46,242,75,71,206,189,150,190,227,54,71,149,204,247,209,211,71,115,57,231,108,90,4,152,124,143,215,194,129,218,53,13,156,65,73,79},{108,115,15,119,206,129,43,172,28,81,5,227,176,251,3,108,45,46,191,160,88,145,44,136,244,180,211,13,201,11,220,28,218,68,200,252,142,17,71,186},{139,212,132,237,43,123,141,66,176,217,135,197,49,171,177,129,143,109,162,71,195,162,51,144,10,19,120,225,4,32,127,28,47,183,228,98,141,197,40,17},{152,183,35,240,246,248,229,97,183,254,210,112,243,25,189,230,7,179,49,88,158,186,208,42,155,130,20,229,205,241,183,191,163,129,200,163,192,251,149,252},{83,8,77,154,91,84,220,91,204,244,191,155,112,227,173,84,206,244,247,152,221,146,186,40,140,207,108,73,133,236,173,89,104,129,147,101,145,228,123,134},{110,220,200,254,111,78,210,159,184,146,72,208,118,224,171,207,100,159,226,174,55,41,47,243,45,89,121,31,233,15,207,40,177,126,103,89,130,68,94,189},{80,175,126,181,50,126,16,62,121,35,76,100,30,125,235,115,53,35,130,148,223,113,98,188,196,199,245,195,143,210,136,129,231,65,215,235,66,163,176,174},{5,21,41,21,153,218,56,95,65,133,118,54,107,222,235,180,113,60,141,163,67,59,26,168,56,81,146,250,227,183,188,126,223,122,100,65,31,101,55,83},{122,164,25,69,177,91,54,235,221,93,192,9,111,225,239,72,31,98,212,230,19,118,35,124,162,77,30,29,139,170,107,201,50,230,230,111,171,85,118,158},{123,206,35,28,209,24,82,160,61,105,238,175,223,107,199,182,33,128,41,224,16,142,120,11,21,127,160,44,181,238,134,29,159,249,107,64,204,183,145,229},{54,236,199,153,228,125,121,39,223,116,171,132,166,37,193,214,127,173,96,51,233,146,170,237,78,239,35,19,145,192,123,114,134,182,160,79,9,12,161,168},{224,78,59,214,119,134,174,43,38,36,15,170,237,217,255,71,185,96,227,203,210,211,123,76,98,244,252,87,98,42,1,63,91,1,180,229,1,113,218,225},{84,113,105,201,165,173,16,16,193,140,46,175,11,133,51,229,181,27,206,45,249,230,56,128,90,49,225,6,151,190,154,68,59,179,128,66,231,244,117,196},{14,217,213,101,175,254,21,155,40,188,174,76,223,57,121,68,27,22,143,0,102,55,42,108,148,140,126,115,173,212,246,122,54,109,116,209,65,251,29,220},{12,223,152,88,91,228,145,46,29,77,20,166,52,44,92,217,193,18,9,237,27,96,50,234,177,120,122,168,216,41,186,195,148,179,90,12,126,11,167,67},{251,35,2,180,108,228,154,213,79,32,9,111,163,65,125,253,212,66,62,17,49,124,116,230,169,107,76,76,255,98,64,114,81,50,174,247,52,163,140,114},{157,199,161,157,162,3,83,87,146,110,112,28,117,229,182,198,182,20,119,224,121,11,251,15,236,243,176,243,46,22,247,127,62,140,248,56,122,111,117,82},{228,226,131,46,154,159,121,254,199,255,196,155,166,146,132,207,87,145,66,163,240,181,114,88,198,88,170,188,221,224,214,246,4,15,144,154,159,104,28,110},{177,232,237,26,36,195,189,15,127,14,17,56,61,104,149,188,63,213,205,122,182,145,157,33,164,2,19,18,1,196,31,169,177,158,23,114,245,216,210,1},{24,136,248,242,245,177,102,33,236,199,142,137,179,122,58,170,99,190,96,220,16,217,54,75,59,173,237,205,220,37,240,158,98,92,44,188,153,249,175,46},{230,238,188,95,72,249,63,155,86,49,123,30,45,101,226,190,104,176,222,118,13,233,169,252,140,67,83,140,133,238,93,4,53,69,17,253,237,163,180,132},{14,22,85,200,174,181,96,123,100,194,240,63,205,10,100,72,88,132,120,98,24,238,204,148,153,173,157,89,215,117,58,252,47,194,11,227,169,183,234,216},{161,233,127,245,63,75,198,98,80,122,157,19,78,62,195,31,84,21,223,2,140,40,200,197,122,73,172,247,249,228,213,113,152,136,93,210,129,219,39,226},{73,55,173,57,40,13,190,107,88,172,31,205,116,98,127,60,221,184,19,83,28,166,225,158,140,151,255,160,65,244,152,137,187,12,61,121,30,71,64,172},{57,90,205,226,142,103,89,190,7,32,81,145,66,79,20,246,246,72,234,173,144,210,94,93,47,223,223,195,82,204,41,211,86,137,68,39,154,71,95,83},{198,150,218,80,172,135,177,120,152,79,223,162,14,134,45,229,49,198,238,7,107,199,126,59,186,120,75,61,106,100,32,168,153,153,230,4,104,108,92,220},{215,86,88,22,9,20,100,76,101,225,56,176,22,14,244,95,114,11,150,125,98,30,45,4,130,111,220,113,215,6,75,159,214,150,63,235,142,80,63,177},{27,5,216,119,121,51,36,15,35,184,127,0,160,38,159,59,5,177,106,113,22,201,60,249,62,14,227,212,190,199,132,15,91,43,92,139,37,3,36,201},{15,56,132,243,9,170,96,147,171,73,255,102,125,102,231,215,69,227,85,3,187,0,198,98,47,130,172,88,31,69,189,223,187,188,65,86,194,53,185,23},{125,53,70,114,236,31,69,60,14,13,93,37,250,200,191,196,84,177,124,29,108,143,242,171,77,169,67,201,162,183,176,222,51,129,194,142,153,169,195,25},{67,10,151,201,217,157,30,242,106,162,248,143,53,255,239,43,248,2,240,103,26,139,39,58,201,31,11,194,218,33,171,177,195,144,108,173,108,176,59,88},{154,162,80,148,70,106,179,160,194,236,169,192,28,236,169,62,155,32,8,187,16,141,27,189,32,212,68,138,169,234,47,164,115,86,205,132,85,35,177,225},{81,248,188,252,35,88,88,132,20,8,238,29,32,246,30,11,111,12,78,16,12,194,144,135,149,159,67,216,208,64,100,38,78,127,232,180,44,162,139,145},{203,116,62,170,46,190,242,64,40,143,156,28,42,159,112,79,203,24,7,62,62,162,144,185,32,255,70,15,4,163,21,244,143,219,234,62,185,137,196,242},{40,61,236,63,213,207,173,250,134,42,160,49,76,93,221,129,204,179,141,3,174,3,75,170,56,209,174,119,89,14,109,193,122,59,150,57,58,157,67,127},{136,217,88,254,244,116,134,244,128,218,103,135,116,202,38,218,141,80,93,5,242,63,208,110,78,140,222,16,186,253,253,61,208,28,179,209,250,23,108,198},{193,27,249,52,62,28,185,146,90,250,176,138,237,59,90,15,8,239,175,173,143,77,25,150,113,114,224,140,117,234,141,120,74,6,52,221,221,231,134,59},{208,180,101,27,41,221,75,0,56,108,70,28,144,9,147,101,173,180,15,123,91,253,61,57,155,189,152,75,42,162,23,48,230,156,181,19,69,240,88,134},{107,174,228,18,214,139,144,19,226,180,48,71,54,46,132,68,154,71,152,223,136,199,171,148,214,42,82,102,229,153,147,168,151,184,18,225,135,235,157,20},{73,114,253,12,197,90,225,216,179,166,54,114,93,206,98,42,123,121,3,73,97,93,224,77,96,87,174,217,241,206,224,212,114,167,32,83,219,235,208,192},{207,55,45,157,231,165,162,222,171,193,170,53,254,189,106,140,1,159,50,29,45,180,40,66,145,136,40,211,231,5,246,14,75,77,11,184,2,55,170,179},{217,37,73,228,90,6,10,218,121,6,255,51,112,139,37,29,195,232,175,247,112,154,176,76,11,101,176,144,210,22,185,36,251,149,40,131,130,119,43,181},{223,69,206,207,209,61,53,138,231,224,194,38,143,100,130,49,63,173,46,227,16,70,217,220,65,133,94,159,233,51,136,43,79,3,241,27,102,243,188,53},{136,131,115,205,5,188,195,71,244,70,119,61,60,253,157,111,199,240,113,100,158,41,238,237,115,22,48,49,141,239,28,140,74,10,167,235,241,13,185,155},{44,5,234,174,181,149,100,65,136,146,153,14,240,119,14,83,247,176,106,211,67,37,192,35,141,246,101,104,163,63,49,236,15,96,86,207,224,172,161,222},{171,3,189,30,108,200,109,104,125,186,167,20,217,110,40,61,93,197,232,150,109,198,30,57,113,93,19,67,164,217,176,164,217,78,142,103,233,120,44,229},{24,102,175,222,14,58,133,57,59,171,211,220,156,94,84,232,193,51,139,77,52,32,121,50,63,38,140,210,2,94,220,153,95,47,103,247,229,170,220,252},{17,203,161,249,58,168,213,130,179,136,17,90,49,83,246,245,150,251,233,225,141,38,107,26,180,222,137,18,37,142,89,217,125,66,170,206,138,59,77,228},{17,222,108,134,140,220,5,112,161,240,15,223,109,222,203,224,142,128,217,42,216,241,199,208,80,15,147,33,163,13,4,177,6,31,83,163,227,226,157,160},{177,146,183,249,191,54,22,38,0,85,95,92,42,183,74,208,235,182,12,233,230,151,145,98,187,42,125,174,85,13,184,251,48,218,6,113,18,92,166,88},{158,160,130,135,176,166,84,156,137,99,180,136,170,75,122,79,168,92,169,43,228,186,245,16,86,124,79,129,111,17,58,6,158,139,167,215,149,242,162,95},{64,83,197,125,30,51,75,66,144,209,181,221,7,83,142,201,45,180,155,134,139,75,177,18,20,92,171,109,173,249,27,172,208,189,74,8,121,254,27,184},{68,206,55,247,117,41,73,91,90,24,216,64,230,17,62,132,50,139,30,201,69,86,35,141,120,158,5,240,234,228,19,68,4,243,9,94,67,27,187,162},{231,40,123,182,181,46,157,193,31,218,50,160,67,83,254,69,194,50,147,243,144,94,16,113,121,251,81,8,7,205,91,113,49,126,138,228,189,81,104,77},{23,211,57,163,100,226,90,146,29,95,2,84,223,100,26,202,255,61,240,77,149,145,5,197,43,110,212,203,253,51,190,34,135,21,28,63,75,54,241,64},{221,98,215,131,92,215,69,110,39,30,86,207,9,209,220,142,73,160,164,169,56,36,228,2,21,78,173,163,232,204,179,93,151,65,148,232,116,154,164,235},{168,74,27,107,88,255,150,242,196,61,146,172,240,83,33,252,183,229,61,118,80,136,154,218,90,79,109,121,109,24,247,225,100,164,238,49,221,60,170,62},{99,202,172,246,46,218,200,91,129,109,142,3,87,25,176,162,180,241,213,215,3,190,63,87,205,118,240,17,161,249,122,234,57,207,23,174,243,20,226,66},{243,6,231,150,202,201,135,142,122,147,39,201,73,250,74,83,51,197,81,136,199,228,181,201,179,48,141,42,130,184,193,13,21,219,18,190,4,62,168,188},{4,192,46,181,18,187,164,82,101,186,221,247,230,15,53,131,121,166,146,175,25,155,200,170,65,140,68,78,21,132,160,78,94,210,255,94,131,115,121,209},{219,204,230,30,235,93,46,203,115,205,43,94,197,181,208,166,167,92,223,254,140,56,59,178,234,64,201,200,224,53,174,62,62,40,230,45,247,5,102,84},{219,85,228,18,73,30,100,223,149,150,172,43,222,50,141,148,118,194,64,69,147,56,209,191,208,68,210,141,73,138,164,79,46,134,146,193,248,173,129,245},{112,10,52,187,11,142,127,242,206,215,94,107,119,18,11,3,111,22,123,37,119,249,207,90,182,7,179,128,106,159,122,156,151,134,82,64,249,213,186,183},{189,44,71,65,251,233,178,112,156,208,26,103,117,8,20,197,132,105,70,129,130,125,167,24,157,221,82,78,15,225,144,173,52,146,17,210,140,249,124,142},{70,163,56,239,233,156,173,71,99,23,84,46,182,2,28,76,131,174,198,75,151,162,163,74,65,40,61,203,191,97,165,115,98,55,56,184,139,32,26,45},{103,20,235,55,120,12,36,122,74,69,115,127,29,211,41,198,67,245,38,13,134,220,228,227,216,90,70,141,236,127,155,225,40,165,231,124,28,74,54,73},{142,186,21,34,19,188,79,239,5,126,22,93,65,83,50,197,109,239,224,90,3,85,137,228,45,253,37,47,0,9,22,196,31,233,152,33,58,59,121,189},{57,56,135,102,191,210,184,45,5,218,7,86,5,219,218,245,7,229,75,71,55,116,153,243,176,238,238,107,225,225,184,92,94,103,104,121,187,54,46,224},{109,73,206,187,8,235,232,149,27,2,223,220,73,155,76,30,47,25,167,102,19,14,205,229,215,67,184,186,170,219,121,119,104,161,136,116,218,241,39,159},{237,140,23,134,165,212,216,206,232,182,140,184,83,83,221,150,250,195,119,43,238,219,205,214,18,100,4,130,185,216,52,247,3,130,142,17,115,0,44,83},{251,109,162,62,165,149,245,5,133,18,230,36,119,173,69,244,43,210,229,67,95,233,168,247,97,87,74,253,211,75,223,179,206,242,241,160,46,80,193,112},{246,96,233,148,62,130,27,254,78,96,131,48,203,43,180,96,112,150,69,16,233,22,189,116,7,90,137,145,165,122,191,129,101,54,217,52,207,192,232,34},{20,105,225,233,29,28,52,88,166,17,161,48,242,39,130,235,174,226,101,158,19,133,90,34,187,231,219,190,172,255,61,106,5,65,248,146,240,102,91,134},{99,9,138,46,19,246,112,87,241,1,240,115,235,130,40,255,18,151,249,237,18,124,76,13,43,136,148,171,134,17,246,106,142,165,88,131,61,195,160,28},{109,253,110,114,242,221,4,219,147,209,151,140,84,87,215,155,5,83,212,66,104,201,207,95,175,68,77,223,63,153,76,159,77,68,150,105,12,63,104,124},{166,57,215,155,213,187,170,174,191,54,7,206,21,137,70,36,102,205,227,56,108,190,105,165,134,110,13,233,142,88,170,115,103,189,19,192,167,195,100,127},{111,139,29,234,21,72,70,12,142,168,143,19,34,49,70,129,97,3,3,140,175,112,251,207,59,170,53,110,143,211,213,246,66,131,38,8,243,115,43,186},{40,139,61,255,58,39,82,143,207,49,71,33,129,2,145,205,131,14,108,230,216,171,181,221,108,204,68,222,156,175,18,158,217,214,147,23,78,235,205,101},{109,223,82,78,114,65,22,156,16,107,114,239,15,168,167,217,185,233,196,61,167,161,140,249,149,47,246,171,182,70,67,55,129,17,96,0,147,56,96,91},{204,204,19,225,168,22,127,112,127,115,186,225,45,185,249,14,74,147,38,253,12,179,70,117,248,33,20,224,243,80,16,96,204,187,66,234,192,22,102,32},{99,115,174,101,100,70,201,62,110,1,204,62,2,117,243,34,1,145,209,145,163,139,21,246,154,199,202,147,86,153,194,202,125,73,94,128,239,156,70,252},{68,119,61,33,46,76,163,119,46,67,123,220,122,127,223,38,181,243,135,12,184,61,224,182,139,152,190,236,129,89,95,199,182,66,194,82,209,174,233,128},{53,126,73,8,146,25,227,45,112,243,189,163,142,33,155,41,15,110,234,11,110,226,24,178,127,85,7,130,181,231,112,233,118,153,197,10,71,9,207,52},{74,6,80,56,171,32,74,69,105,140,79,191,89,29,161,159,28,205,218,254,247,243,162,42,251,224,147,54,48,152,223,123,18,179,194,253,243,129,230,241},{133,200,207,15,4,47,82,165,193,243,18,62,100,49,156,7,79,254,80,147,62,105,58,83,159,31,175,36,175,186,234,100,21,201,156,177,241,23,149,176},{253,162,9,113,81,180,58,49,133,141,155,20,65,157,34,221,49,59,30,243,205,36,59,132,218,80,33,149,57,48,130,33,126,145,52,191,205,117,56,71},{137,209,63,184,199,94,56,196,234,254,235,218,233,72,159,163,183,42,43,83,126,163,223,89,146,124,82,50,165,100,65,9,234,41,252,91,78,149,3,14},{216,66,75,151,61,159,234,229,29,96,170,30,108,187,4,250,45,16,175,177,250,152,202,199,135,77,134,252,199,96,35,19,72,20,64,76,249,153,123,126},{206,161,210,126,172,29,230,190,90,65,78,228,92,120,96,2,124,131,82,24,196,24,153,44,46,210,59,46,32,248,136,91,167,186,248,34,53,11,88,248},{121,243,228,47,66,21,90,119,135,83,78,205,240,4,146,183,177,172,63,246,144,80,187,94,117,141,179,179,90,208,96,40,145,86,101,161,72,214,193,187},{88,77,74,115,39,101,236,80,15,233,210,189,161,53,41,25,32,14,185,170,177,150,212,145,145,36,96,230,108,166,43,177,137,101,171,193,41,185,151,60},{179,200,197,60,238,147,151,100,19,176,208,50,230,119,10,149,238,179,155,64,240,13,184,251,214,74,195,206,151,203,19,205,40,183,227,52,20,59,125,237},{46,75,45,42,88,179,191,3,177,85,240,50,216,56,167,25,111,71,13,31,185,32,76,100,100,140,111,125,126,129,7,93,41,248,193,109,125,195,224,12},{207,156,176,249,50,191,53,40,85,222,138,191,167,210,71,148,158,98,135,67,210,136,131,248,104,180,176,201,200,85,130,26,64,174,186,108,232,172,12,208},{44,46,230,123,13,223,50,186,226,28,246,3,171,109,70,69,139,193,201,7,154,38,140,137,152,241,59,93,175,86,246,63,215,169,144,175,91,198,194,143},{124,137,150,196,168,66,134,212,37,30,208,207,21,11,91,94,160,168,95,19,81,126,152,10,184,242,148,71,205,119,117,120,155,54,247,119,164,84,160,174},{241,129,162,77,110,43,223,68,230,231,32,175,44,3,120,9,73,108,98,140,61,48,245,219,44,35,251,168,210,148,42,67,66,172,215,105,227,132,195,52},{187,3,233,245,118,189,202,2,132,118,61,142,95,223,25,69,25,238,206,207,74,53,248,61,189,136,149,242,212,86,125,27,139,7,195,183,167,107,204,208},{188,154,242,129,237,177,188,28,55,47,131,169,66,248,163,19,145,242,236,25,223,245,34,38,71,192,225,177,252,92,231,28,45,188,244,17,66,205,206,133},{32,139,71,57,224,140,194,32,250,255,188,229,97,204,235,33,117,218,220,38,185,121,125,66,172,119,3,228,105,101,165,64,175,165,104,109,25,133,201,81},{122,92,99,148,4,86,124,33,209,160,108,142,86,223,110,245,181,179,97,200,163,126,182,171,56,224,71,150,149,177,186,44,243,253,64,159,71,124,62,151},{127,39,45,189,67,26,93,197,71,120,195,88,198,249,163,215,28,152,190,193,13,78,170,166,223,15,195,235,250,23,54,48,146,22,146,254,140,185,77,213},{239,207,57,4,255,240,99,243,155,176,122,61,246,232,59,80,232,163,235,70,193,102,228,8,64,179,218,201,20,239,112,66,231,201,71,164,238,46,132,225},{8,26,190,236,50,183,147,147,218,61,116,117,115,185,160,56,11,2,210,230,210,46,62,149,207,212,0,167,61,23,81,33,135,69,56,65,245,248,82,84},{100,115,7,186,152,185,19,2,170,83,186,28,49,109,239,211,161,126,41,238,166,91,223,213,199,229,242,211,60,4,195,33,21,187,59,168,56,117,129,16},{54,241,6,161,54,78,52,142,161,39,253,187,237,53,120,132,25,151,52,136,195,139,85,12,102,50,194,3,229,233,152,235,29,20,197,69,209,200,101,245},{75,90,200,220,51,172,255,156,155,91,77,239,41,66,104,198,251,204,160,176,28,254,20,25,25,105,254,55,162,43,158,187,55,65,195,19,234,103,227,5},{252,179,111,146,15,205,98,79,101,23,208,248,43,254,195,146,168,79,74,139,184,65,96,111,176,101,174,243,22,238,17,61,104,192,219,209,86,167,188,33},{80,119,160,215,54,224,30,155,132,149,143,37,70,59,7,201,4,50,90,94,147,227,145,239,230,114,230,202,230,25,80,193,3,154,164,200,124,45,84,13},{201,30,102,193,32,131,245,255,133,127,254,117,159,100,50,111,173,24,110,44,160,204,62,18,128,82,251,214,171,81,185,216,76,251,172,58,64,185,61,25},{253,97,30,231,184,206,183,61,62,115,14,17,248,130,61,60,216,20,103,251,66,123,53,5,38,180,46,69,145,207,144,241,197,237,30,97,213,218,230,103},{204,32,108,166,68,14,118,169,203,33,242,30,193,169,8,146,187,41,185,73,226,62,65,212,142,255,252,50,27,125,35,79,121,221,231,32,84,214,127,167},{118,0,119,207,7,187,87,143,12,215,52,233,155,182,48,80,53,240,57,195,62,241,129,139,72,113,29,5,141,63,38,7,68,252,9,207,246,0,226,174},{15,94,4,249,132,229,27,128,126,163,241,63,129,67,29,205,113,100,65,93,180,121,164,135,110,25,150,224,159,87,90,81,232,146,18,199,103,40,11,14},{93,241,64,212,105,141,4,28,230,135,55,168,31,25,207,95,88,51,177,160,105,0,228,99,159,207,72,50,39,143,8,141,157,119,119,36,46,15,60,130},{78,176,206,143,175,114,112,182,63,132,9,77,207,42,135,105,6,178,227,161,146,233,220,157,132,171,125,94,175,210,100,197,161,227,209,160,243,14,170,244},{115,220,178,160,187,140,25,87,213,242,64,21,16,17,238,129,128,194,215,18,115,0,228,171,69,132,85,152,28,204,201,175,41,91,188,202,103,221,124,49},{33,43,26,182,201,1,35,7,228,191,74,130,33,65,112,135,92,229,87,1,178,204,35,160,73,98,171,67,22,106,86,160,201,57,188,132,1,214,51,50},{88,110,228,140,118,131,141,155,158,217,40,127,187,188,19,43,197,140,181,99,179,219,39,222,65,145,174,177,17,115,75,211,179,227,102,146,105,223,6,109},{81,47,31,51,118,120,18,228,121,203,208,38,163,41,45,150,169,88,36,3,161,152,101,1,44,194,156,116,255,174,119,101,236,67,88,232,139,62,45,129},{201,254,2,181,152,97,223,38,46,43,106,234,105,197,7,184,114,204,191,162,132,61,247,117,210,200,203,151,171,36,234,233,239,115,254,30,194,153,229,51},{246,72,206,162,233,202,120,205,124,191,63,11,168,193,82,116,51,69,154,39,77,165,88,109,106,53,44,67,87,231,241,250,235,241,113,75,67,99,33,235},{154,152,113,159,33,76,193,133,11,39,135,159,67,162,33,189,31,213,96,110,0,172,78,247,240,125,108,87,242,0,249,242,167,237,201,181,55,4,253,13},{195,143,49,155,13,86,174,121,5,55,197,94,178,201,121,113,215,233,51,132,25,85,133,102,3,192,30,55,172,173,11,80,62,113,79,249,35,14,40,119},{128,232,74,175,54,31,138,233,102,248,36,159,138,38,103,3,215,172,68,252,71,128,81,13,147,139,154,230,184,38,72,55,132,172,159,228,194,185,235,206},{199,113,65,217,53,172,111,107,212,208,118,15,248,24,248,232,235,236,128,69,130,148,235,223,230,198,105,137,1,32,182,16,142,145,57,41,65,225,34,107},{103,105,42,102,50,51,6,252,168,138,223,238,93,89,129,106,171,163,191,36,250,189,18,74,38,95,158,57,213,223,153,215,215,25,137,199,113,132,168,205},{49,150,194,56,220,70,72,145,37,55,112,232,223,108,30,164,37,79,97,173,109,197,191,169,206,255,115,163,93,43,228,139,123,155,110,225,191,195,142,5},{235,195,240,235,14,89,10,143,196,56,163,99,76,222,55,0,226,158,251,152,81,65,131,9,162,54,170,5,8,227,187,104,101,181,224,136,217,231,202,2},{62,106,80,60,11,188,84,195,235,5,246,37,38,204,130,247,145,25,76,207,0,10,22,42,217,49,188,115,218,67,43,195,78,149,207,237,242,215,81,182},{168,210,48,130,179,231,192,222,154,237,163,91,189,39,97,57,34,245,145,82,238,118,211,4,176,160,72,5,53,12,33,235,174,102,93,205,128,172,162,220},{47,181,128,160,13,23,203,52,40,101,64,232,211,87,134,209,158,142,108,16,86,98,205,192,222,208,131,149,21,249,221,137,47,253,135,51,160,60,50,242},{177,85,233,72,50,107,27,248,231,155,132,70,110,59,26,173,244,153,239,35,158,89,1,232,135,139,207,83,222,236,42,144,177,221,169,173,128,251,201,54},{33,210,196,75,162,47,33,146,225,170,118,21,0,177,102,198,140,168,132,176,243,220,84,11,186,79,37,14,5,38,67,204,96,149,62,136,22,189,176,124},{37,11,236,23,209,214,98,45,157,19,235,134,251,213,30,62,35,29,121,146,171,5,5,142,21,142,248,73,189,226,94,116,123,225,119,163,58,182,57,218},{41,132,70,49,83,54,93,121,34,235,247,54,220,26,241,52,177,147,146,110,117,81,191,171,97,242,22,20,2,44,204,17,60,203,95,86,28,68,169,70},{129,38,166,234,106,130,89,238,132,115,133,44,166,3,238,58,143,62,133,190,17,35,85,74,61,77,40,10,138,53,157,53,0,114,139,208,176,249,244,90},{253,94,125,41,126,78,34,149,73,248,245,239,49,96,12,197,149,132,154,135,186,192,209,96,29,29,142,237,154,93,48,19,38,6,68,118,185,78,212,181},{131,66,89,112,137,122,50,95,241,79,243,64,133,81,90,187,23,14,207,133,219,212,51,145,223,34,56,46,31,113,135,137,12,119,167,206,67,99,43,235},{106,246,177,169,203,73,81,120,83,158,173,90,140,187,39,49,209,109,189,106,237,196,192,242,34,18,192,120,160,189,230,29,33,247,247,36,93,178,206,110},{188,84,79,4,212,242,170,221,207,158,85,91,23,47,110,54,111,7,136,188,220,241,220,132,72,175,27,184,8,239,103,146,187,124,161,14,167,182,50,231},{53,125,40,227,31,120,72,146,79,246,41,181,163,151,250,12,130,150,193,248,113,181,104,113,17,75,159,227,7,228,203,66,204,136,29,13,194,5,88,146},{130,47,229,103,90,171,241,86,111,189,216,114,180,12,29,150,33,96,23,155,63,83,62,243,57,166,92,70,244,158,226,6,170,211,64,131,236,213,157,24},{243,101,2,81,137,20,23,18,214,3,18,149,120,4,74,207,196,0,53,72,171,121,0,40,27,79,38,189,141,238,150,97,8,144,40,107,226,108,253,179},{88,124,252,49,68,255,128,17,205,185,26,62,206,248,83,246,159,6,183,228,239,82,201,96,37,20,239,170,225,75,184,221,207,217,13,250,223,1,142,23},{5,241,232,42,144,115,249,94,127,13,10,1,97,249,108,239,106,6,209,128,28,11,143,115,249,16,8,26,35,25,50,231,174,223,87,130,47,194,167,7},{137,117,240,22,207,32,103,246,70,196,17,22,67,175,212,133,147,91,220,253,62,213,55,88,102,199,8,110,241,104,236,138,123,194,175,163,98,157,12,220},{212,87,66,31,164,207,7,203,189,122,144,79,82,225,118,183,82,182,24,239,95,191,81,86,189,191,113,72,208,242,2,172,46,96,49,120,46,37,22,139},{169,135,87,245,229,246,213,79,111,22,65,125,101,123,237,28,10,6,133,88,143,155,188,134,35,25,193,209,248,57,17,129,101,35,129,127,180,64,238,64},{101,84,141,99,194,152,2,183,184,119,203,161,161,135,97,196,245,184,75,4,29,128,109,101,66,222,211,164,155,36,31,147,195,148,255,150,161,121,244,151},{231,135,182,85,3,23,20,231,204,59,255,179,60,20,194,22,113,80,65,151,178,97,93,46,240,176,208,199,177,44,60,170,71,196,239,156,218,132,71,184},{80,33,196,112,74,139,99,255,42,168,225,190,65,115,84,82,113,210,209,4,227,86,73,13,250,204,160,251,41,38,40,191,204,21,159,116,240,129,208,16},{54,66,43,183,195,51,250,13,226,73,218,175,234,40,253,107,94,204,203,162,49,162,231,96,128,45,179,86,139,131,34,206,13,255,35,253,190,161,168,162},{238,113,245,75,237,129,78,78,211,60,48,131,21,49,114,107,34,202,46,229,168,45,36,44,205,101,113,189,246,206,50,99,108,218,35,152,185,112,247,217},{84,143,190,147,252,175,195,230,37,148,84,108,42,6,85,139,242,61,51,163,231,197,71,107,66,175,124,75,113,242,23,125,198,4,104,216,213,242,103,77},{150,242,190,65,69,248,60,7,37,123,252,52,87,251,250,28,187,130,39,103,82,3,122,212,243,28,250,231,79,122,223,154,52,24,55,79,43,184,92,150},{229,41,248,220,197,9,93,128,136,160,57,254,247,142,31,187,150,107,63,215,63,47,133,200,125,1,97,31,174,105,56,100,41,216,251,22,236,9,221,202},{200,101,205,188,113,0,211,135,5,142,170,135,251,74,252,33,194,145,121,16,187,103,174,115,131,45,183,244,225,172,82,171,193,21,169,64,170,167,17,26},{144,169,202,215,229,198,140,114,172,124,166,5,248,129,102,246,200,60,45,177,201,238,242,183,106,204,93,61,65,73,184,251,248,34,85,153,42,13,40,232},{143,70,184,169,91,66,68,97,93,7,90,126,223,226,113,211,125,19,23,134,45,122,58,23,195,132,115,153,144,142,182,101,17,225,170,198,241,57,145,163},{137,236,154,6,214,161,108,250,24,10,246,170,20,54,84,205,211,128,178,20,114,240,118,76,244,53,42,59,136,190,144,46,225,150,100,60,44,209,66,220},{149,209,10,236,208,91,146,171,105,73,203,199,47,22,42,246,199,143,147,13,165,159,128,40,137,48,61,106,50,47,30,139,195,123,57,216,253,188,135,211},{252,143,173,42,149,232,27,156,118,255,213,132,92,211,42,84,75,143,199,28,166,209,14,190,227,187,172,118,44,85,206,232,213,11,20,73,1,64,218,124},{162,106,88,194,228,143,248,24,187,38,11,251,66,76,1,132,44,137,227,116,93,110,115,75,197,171,85,227,83,220,98,40,155,226,107,131,187,95,120,171},{253,242,119,23,100,244,132,69,161,164,100,3,100,172,182,27,55,81,197,198,197,138,237,146,169,216,29,45,5,143,64,13,102,62,176,16,235,57,58,31},{218,48,83,157,61,90,191,57,160,173,210,112,25,75,220,163,34,32,240,115,236,174,52,255,228,163,206,110,191,121,227,221,219,111,39,213,183,20,115,175},{94,233,113,241,138,9,189,92,152,21,25,187,211,107,229,64,216,136,220,42,134,204,95,52,45,195,177,172,92,187,197,112,103,156,236,251,52,144,131,195},{147,74,232,118,101,36,104,189,136,111,242,154,179,74,180,128,200,46,224,116,143,109,155,47,223,72,171,9,100,178,78,17,75,40,111,16,228,123,227,198},{23,12,231,166,113,194,71,219,179,158,120,5,106,141,239,247,254,132,69,254,81,64,174,181,94,83,66,109,156,61,224,250,224,162,15,61,197,34,176,165},{145,95,171,208,163,80,135,87,165,190,32,118,131,246,23,125,245,79,115,220,37,120,31,171,174,143,242,125,12,127,175,55,218,99,215,162,113,154,149,157},{140,183,159,95,197,240,150,191,129,246,214,147,65,0,207,16,49,22,182,47,148,227,169,81,102,219,224,223,57,135,219,36,226,28,64,212,4,6,100,123},{55,219,29,236,132,158,109,44,37,186,4,119,218,54,88,39,126,189,234,217,124,0,146,4,122,183,204,218,224,218,110,128,94,14,232,47,92,131,115,105},{24,195,50,251,107,201,64,144,158,195,40,98,167,101,97,176,35,12,75,25,84,235,115,113,174,135,235,214,148,90,92,93,244,74,16,143,225,151,123,157},{215,72,11,250,249,124,198,75,104,38,238,137,68,231,169,46,139,252,105,115,51,126,205,69,233,179,60,232,192,28,59,202,143,135,2,25,202,180,117,54},{155,93,200,29,21,214,212,15,32,148,199,71,61,238,160,206,161,80,27,32,233,182,174,207,255,40,11,140,119,131,51,7,137,43,195,135,8,46,92,212},{31,122,60,64,170,201,162,91,34,0,134,236,37,51,221,199,82,120,209,137,182,159,233,210,138,67,97,41,118,188,17,179,222,187,239,164,206,99,238,112},{228,204,149,12,129,184,26,0,225,194,153,161,243,19,57,168,102,91,222,193,68,102,145,217,192,129,47,131,178,201,115,241,0,88,27,30,251,72,194,144},{188,127,38,239,63,131,140,36,99,223,119,82,28,159,21,213,199,254,46,168,210,147,99,215,122,151,14,174,217,73,34,206,233,48,186,118,76,42,176,205},{6,149,2,219,33,24,107,191,100,237,21,56,136,0,123,241,148,46,77,39,58,245,91,82,58,230,146,139,172,210,99,241,171,224,124,199,237,248,75,60},{210,172,240,77,208,205,26,196,130,48,201,204,49,182,30,156,165,164,72,181,22,163,76,51,162,182,196,243,215,115,16,133,149,24,135,4,135,37,161,23},{115,119,82,130,174,59,231,161,159,46,95,133,220,194,139,166,104,104,10,155,235,190,105,165,143,111,99,19,153,203,129,38,91,97,218,129,142,150,98,172},{139,181,174,111,90,43,234,126,178,129,128,77,5,16,90,217,97,231,119,241,245,235,51,18,52,178,89,137,169,9,164,138,57,66,23,110,96,23,198,77},{9,172,31,62,210,69,103,64,197,232,9,226,207,89,199,93,145,134,207,65,49,55,16,63,123,11,87,8,133,34,140,133,197,28,65,85,15,82,26,202},{242,162,115,79,253,159,34,169,94,4,254,160,205,190,193,190,218,154,78,219,187,252,204,152,194,214,83,54,50,59,251,157,10,158,252,184,232,93,33,239},{209,110,206,101,13,89,54,6,69,150,9,169,190,193,61,168,67,239,153,59,143,201,136,150,49,233,187,152,116,184,64,203,39,159,95,111,59,106,239,7},{73,212,53,150,123,122,135,23,99,22,119,118,216,106,196,66,194,27,182,242,48,188,51,146,126,231,163,164,189,13,157,125,80,23,35,187,65,211,231,157},{167,16,218,30,117,77,115,171,153,141,193,76,63,72,167,140,104,185,25,95,150,69,111,216,5,12,18,227,61,217,242,251,212,84,156,168,68,67,103,41},{85,234,16,187,141,151,90,242,177,194,192,22,67,115,148,106,154,79,195,9,10,166,83,210,93,85,123,27,144,35,100,32,133,134,192,138,111,58,4,226},{1,18,56,47,71,29,46,168,236,64,168,218,37,206,61,29,63,222,195,32,3,162,133,80,146,159,209,163,67,155,218,29,163,177,152,217,138,50,221,130},{107,147,13,159,249,189,36,125,238,248,177,81,112,152,174,78,99,229,143,13,15,128,159,153,31,97,215,216,201,190,153,112,107,13,32,83,178,87,203,26},{228,45,234,137,7,37,18,12,157,205,58,81,203,90,114,62,132,95,32,56,135,226,127,133,190,68,3,208,38,234,109,224,95,244,210,253,228,156,180,93},{172,145,188,222,138,163,59,132,16,92,153,8,168,9,176,174,82,247,180,53,20,67,182,4,13,53,4,106,56,123,222,32,155,136,20,65,104,212,33,201},{131,176,179,44,90,84,149,231,186,213,178,116,167,19,6,152,126,62,152,66,191,173,164,195,123,58,186,21,45,36,162,210,253,71,150,8,105,253,252,12},{107,187,65,210,20,220,180,184,88,84,57,154,206,213,218,10,226,103,113,70,69,118,232,98,162,167,194,18,96,146,88,196,112,148,30,75,242,225,244,67},{5,73,142,13,0,73,141,145,130,74,151,249,98,3,44,130,51,2,196,5,110,152,102,124,37,116,213,175,53,61,247,203,91,60,174,217,0,197,138,148},{196,12,164,128,246,159,131,98,91,161,194,187,72,250,136,140,57,177,120,96,104,226,74,5,105,129,190,247,234,35,144,250,10,17,230,209,248,198,175,147},{96,158,218,129,29,81,192,143,67,186,191,37,134,244,90,193,2,124,242,164,9,90,252,21,110,248,169,11,124,14,34,95,30,111,11,169,238,243,34,90},{186,210,0,105,54,212,251,152,32,180,28,5,248,75,89,3,137,65,223,55,31,178,216,157,238,116,210,71,239,0,31,175,5,163,231,232,134,83,96,190},{37,49,252,48,229,48,161,77,199,137,206,149,166,2,137,241,99,37,67,140,57,217,2,110,90,185,191,185,73,186,121,79,190,24,64,157,136,88,144,204},{105,245,63,137,207,136,188,132,200,211,231,25,175,226,27,145,219,101,166,224,219,210,61,69,165,250,103,87,149,233,100,128,139,31,142,166,225,131,9,177},{221,141,134,232,154,187,214,203,142,90,87,99,105,201,113,81,254,133,184,195,234,149,168,226,214,130,106,51,98,81,124,246,76,18,132,101,9,151,206,44},{250,180,2,161,81,35,4,222,118,50,123,83,247,162,228,232,145,74,132,232,151,134,73,198,3,182,190,4,98,207,242,101,193,37,78,3,4,137,254,6},{99,172,53,201,145,14,165,98,92,10,24,35,162,80,121,252,169,217,147,244,253,83,232,160,216,155,59,120,0,149,219,222,100,128,189,28,254,223,96,85},{172,145,164,209,167,250,175,65,131,247,238,86,241,181,67,14,214,99,42,104,220,212,138,84,146,203,132,71,40,166,49,124,116,85,177,102,216,199,207,182},{232,253,240,7,182,203,66,194,100,16,140,196,109,162,51,91,98,41,161,111,121,32,230,110,255,59,80,178,26,172,101,98,141,100,206,112,125,7,252,183},{169,27,96,132,93,154,103,170,226,104,45,62,188,177,179,170,204,110,185,89,97,83,218,163,118,228,61,40,5,17,248,93,245,221,7,27,101,76,36,84},{208,108,112,76,199,160,154,238,12,194,31,208,252,147,117,249,53,166,42,89,33,203,90,163,245,182,147,229,250,93,141,147,33,204,205,240,206,37,13,167},{127,150,50,7,204,20,159,10,34,118,86,175,16,143,39,168,233,209,178,149,69,203,247,205,3,207,187,185,242,13,220,127,27,249,98,143,151,149,93,182},{148,200,74,175,72,249,8,57,240,159,241,10,98,139,242,78,151,153,247,1,247,165,168,206,245,78,239,38,229,74,53,198,205,101,202,159,166,36,202,94},{206,22,242,220,93,255,72,13,20,107,232,99,68,234,144,103,228,176,137,63,116,47,231,139,154,251,190,55,178,255,3,172,194,254,137,121,221,95,248,72},{226,215,249,11,4,103,87,51,232,149,19,111,13,172,72,139,73,215,28,223,12,104,29,90,165,20,201,113,77,251,142,237,77,221,210,126,49,175,213,148},{76,121,64,242,117,203,57,192,90,253,58,131,20,145,192,226,183,174,62,90,185,251,54,117,178,254,214,1,173,150,65,238,137,111,191,21,192,230,143,43},{134,194,19,194,133,201,30,242,57,74,36,163,66,13,113,230,4,214,206,128,206,189,25,3,85,94,128,180,248,99,44,198,110,29,217,94,20,146,30,62},{111,15,20,178,216,173,181,241,244,20,20,34,82,62,81,241,236,67,44,182,210,40,103,14,67,96,142,170,240,133,68,112,42,219,67,31,18,180,72,185},{106,227,125,227,122,30,192,212,113,184,244,61,67,121,54,122,243,194,253,163,217,114,39,4,249,38,224,236,29,75,157,194,246,99,62,122,43,23,128,54},{125,65,140,133,175,8,74,53,106,74,168,92,11,182,25,48,128,198,169,128,55,87,69,65,29,189,30,93,81,74,5,106,138,242,49,6,89,212,223,209},{14,150,167,57,2,89,189,42,148,29,27,231,232,59,226,235,58,140,211,51,137,48,80,61,102,242,187,253,98,109,83,75,56,17,168,169,179,68,102,56},{184,14,3,89,109,254,155,124,104,28,81,199,88,28,54,21,172,187,172,87,200,146,94,91,207,201,98,241,249,218,23,161,120,42,56,110,120,90,0,160},{164,136,137,137,63,70,79,67,190,104,26,21,116,119,33,146,199,235,68,82,134,44,37,172,241,129,45,29,138,114,57,57,65,185,37,47,104,60,55,248},{73,214,204,6,119,168,52,238,227,5,239,183,202,163,250,103,171,45,187,183,196,246,96,203,4,178,131,28,192,228,31,161,108,0,41,29,248,130,56,234},{221,34,225,120,4,98,142,83,99,238,210,254,187,254,183,127,75,109,42,136,147,252,101,139,228,68,170,192,121,21,44,215,39,146,77,188,122,177,54,159},{25,214,218,147,173,1,0,44,205,252,124,135,25,147,129,131,129,21,19,33,156,179,58,154,17,6,5,198,238,43,43,74,169,66,136,103,179,158,136,93},{16,209,107,46,55,234,218,26,122,174,187,174,157,53,105,157,102,132,215,199,217,251,154,64,227,62,56,226,2,70,27,92,33,33,105,78,228,48,29,194},{189,79,140,71,6,238,251,233,20,0,165,139,91,194,120,108,2,77,122,63,197,211,21,40,175,146,251,20,31,68,89,87,24,192,196,79,22,119,14,219},{204,94,197,200,122,25,210,167,12,199,128,225,47,241,62,216,48,37,239,239,242,131,71,73,28,180,55,27,94,69,108,89,30,79,112,181,92,150,170,125},{212,15,246,55,69,166,88,132,249,216,203,115,139,41,211,193,182,84,108,249,109,110,11,241,207,254,233,119,24,39,188,245,152,144,203,63,79,52,109,180},{33,60,113,224,169,189,4,153,205,150,225,70,50,153,115,106,234,96,144,51,113,34,101,147,28,143,88,10,96,73,176,132,160,55,203,187,187,80,49,16},{3,73,246,77,161,6,159,44,225,47,146,191,175,136,118,200,180,27,137,250,138,102,146,205,69,104,172,102,28,48,190,175,34,78,103,2,224,30,25,34},{71,30,215,103,172,243,223,240,93,135,27,253,60,100,38,51,174,53,187,153,65,221,230,6,192,130,253,214,28,83,229,214,46,214,127,119,45,169,44,133},{159,155,104,208,255,203,227,191,105,252,174,202,80,218,4,60,8,66,197,248,77,193,110,80,172,223,9,105,40,212,37,26,243,90,160,176,163,115,207,15},{125,17,211,242,182,171,52,25,168,32,72,228,78,136,188,103,87,67,145,171,129,133,25,184,0,178,219,53,85,154,5,177,232,59,171,77,36,115,238,14},{255,63,221,34,1,94,182,177,80,98,146,245,80,162,223,35,2,203,222,195,112,82,161,52,175,205,224,58,60,32,23,88,6,109,148,24,85,187,144,43},{2,224,29,193,139,119,47,127,3,44,154,124,2,244,184,187,254,27,30,192,90,217,253,99,62,158,12,167,240,136,4,205,200,115,99,240,222,203,108,249},{65,206,16,235,73,211,54,239,187,153,45,247,186,57,6,54,177,129,138,234,59,184,66,44,219,218,124,215,87,21,55,200,103,19,175,121,44,126,119,117},{75,85,229,8,253,4,243,150,28,224,40,191,129,53,18,175,94,236,65,75,94,232,131,248,11,10,135,219,154,249,198,164,232,175,146,89,4,15,2,64},{213,128,194,247,28,19,213,17,50,184,135,112,90,222,40,255,92,118,66,21,244,33,177,239,104,83,198,96,172,56,97,174,90,164,130,122,255,223,217,243},{222,239,223,0,152,234,11,10,121,81,98,156,207,35,5,31,123,32,11,180,8,198,143,211,69,88,9,24,70,196,133,58,118,199,80,242,219,93,113,105},{25,7,94,37,92,155,183,183,25,161,104,125,119,23,132,53,251,137,94,129,81,186,204,7,191,25,57,150,212,163,232,27,65,19,242,247,163,207,9,53},{229,105,239,47,52,26,23,126,103,185,135,197,114,230,71,111,225,105,30,219,173,177,91,79,95,215,105,207,80,115,223,52,179,196,99,252,156,173,240,16},{106,172,83,92,31,196,128,146,213,121,193,130,45,115,154,4,84,215,168,8,133,186,104,142,241,191,59,37,131,33,145,111,210,47,112,7,11,29,144,15},{11,73,94,58,25,103,5,143,240,231,67,145,219,173,174,252,213,26,222,232,155,201,121,239,161,233,106,202,124,37,41,99,111,155,135,70,169,47,63,26},{214,211,86,13,11,224,152,236,117,23,170,244,209,13,44,145,192,166,131,53,8,157,6,124,4,245,221,252,49,121,215,0,58,38,246,24,51,8,135,155},{7,35,18,216,220,7,244,66,176,51,37,131,178,175,208,169,101,126,152,78,50,101,108,219,200,30,117,154,81,108,175,46,199,82,181,152,72,169,152,205},{233,117,73,24,206,10,60,28,122,219,221,68,135,124,223,5,33,174,134,111,182,22,253,143,168,237,249,135,51,11,170,140,202,100,153,205,232,155,253,5},{185,79,84,219,158,158,13,249,175,158,34,246,21,36,152,19,83,1,78,66,58,136,139,187,32,26,130,67,64,110,250,254,193,107,123,46,206,103,42,155},{248,176,244,0,252,118,56,133,254,196,102,76,180,119,167,88,59,56,100,97,199,254,196,50,175,2,238,178,20,236,113,188,59,24,74,51,84,203,185,14},{176,22,194,168,82,50,43,117,239,191,101,26,133,139,1,12,73,35,109,140,254,122,217,171,14,78,204,197,89,22,126,140,251,29,168,250,191,220,2,130},{180,192,166,191,189,71,219,81,230,144,37,8,185,78,196,59,73,226,71,36,130,137,169,37,111,10,225,251,185,53,223,132,7,189,38,199,205,38,202,255},{93,179,144,249,96,177,193,14,99,123,3,145,141,27,240,42,210,81,174,187,92,108,205,17,137,72,163,71,205,230,218,156,78,75,193,40,67,183,232,180},{39,169,169,226,56,91,205,99,231,18,205,159,49,100,79,203,226,207,44,152,154,149,252,2,136,184,238,182,201,28,100,20,156,228,111,214,8,97,29,4},{199,54,136,118,57,188,45,239,112,188,245,25,251,151,211,18,248,254,19,231,135,238,111,160,217,40,81,43,64,1,254,64,0,195,219,234,185,119,162,6},{239,237,135,25,95,221,181,54,8,186,227,146,78,246,121,236,235,52,98,64,189,168,227,3,173,166,49,96,184,99,126,19,74,31,11,209,76,48,22,77},{82,21,79,70,129,69,239,142,112,119,132,70,201,28,35,87,196,80,24,25,149,191,85,254,93,214,39,80,244,32,67,15,251,101,122,38,189,177,176,41},{71,5,11,109,226,122,197,54,64,80,83,65,120,217,78,31,171,161,46,110,17,82,136,18,180,248,11,205,251,7,68,13,45,55,248,30,231,183,171,17},{65,119,111,131,62,139,228,96,29,195,240,102,248,252,78,192,225,190,12,28,241,156,203,232,21,77,147,93,204,244,39,131,185,45,128,216,215,169,207,171},{242,233,166,184,56,100,71,128,191,199,85,132,205,55,158,188,95,177,24,236,99,253,105,198,25,90,143,154,81,163,221,132,160,165,129,142,179,23,25,102},{101,168,156,221,106,190,33,77,222,39,56,208,146,101,167,32,244,24,172,78,236,69,37,201,36,67,74,134,37,142,88,59,186,226,113,30,247,61,63,13},{183,195,210,173,7,34,19,47,220,166,220,47,139,83,219,17,86,104,187,171,235,196,64,183,73,226,98,186,250,137,116,75,248,176,14,95,166,106,96,157},{200,216,216,167,192,152,100,32,4,116,207,83,37,2,242,122,93,191,177,96,27,193,214,122,238,6,12,118,212,44,253,241,121,227,130,22,78,166,160,108},{6,98,49,67,211,67,210,94,142,124,36,249,51,52,113,70,136,249,53,214,20,16,42,79,195,184,120,1,107,131,154,15,231,214,172,88,69,56,92,74},{16,136,81,235,237,37,220,222,97,136,140,167,30,124,205,172,39,114,212,255,113,68,221,32,255,36,90,190,190,67,156,106,78,246,106,53,49,171,29,0},{228,127,212,78,104,13,118,150,135,221,211,183,35,71,29,119,136,39,189,205,221,195,157,238,55,21,158,243,237,120,125,71,14,157,20,255,249,236,157,16},{223,117,18,34,1,242,98,148,58,251,68,188,135,64,82,230,114,180,40,69,161,87,151,3,110,158,0,118,141,115,72,235,66,253,75,147,2,36,145,13},{121,116,125,221,136,13,156,123,237,85,225,44,149,53,100,140,187,81,82,103,132,116,95,58,162,114,2,133,84,15,148,204,125,154,13,165,155,62,89,241},{238,123,97,69,0,219,102,234,64,151,36,64,83,219,250,148,123,98,234,132,95,9,151,176,16,199,226,241,216,243,89,140,236,76,209,227,131,43,190,50},{94,22,8,9,205,97,203,191,56,129,25,174,22,16,114,97,252,10,85,89,69,105,189,207,159,186,221,152,176,209,94,111,130,180,199,175,68,145,95,64},{88,35,145,32,216,143,45,163,154,43,199,3,135,25,20,153,207,224,91,144,133,16,59,216,169,34,85,180,75,38,140,106,22,35,176,220,8,246,221,10},{100,16,61,85,166,28,244,1,40,141,79,211,162,63,194,35,136,155,6,233,135,24,193,69,204,200,81,132,124,131,164,238,226,231,48,42,94,142,69,188},{29,194,148,107,57,95,9,166,180,253,80,172,38,36,236,11,65,179,88,128,166,69,243,15,127,161,145,42,108,148,92,222,179,180,190,93,174,62,139,200},{147,214,16,96,0,236,42,111,193,184,57,251,174,73,110,13,202,151,138,0,229,51,188,62,82,87,197,78,26,240,72,96,34,118,239,168,133,88,2,144},{83,127,227,194,28,174,145,17,250,199,158,177,67,236,109,133,87,36,253,140,151,109,95,250,110,112,254,43,0,127,86,53,57,224,220,15,144,228,53,202},{56,176,66,61,234,7,81,154,185,173,219,219,241,10,103,76,201,118,236,38,130,119,238,26,132,177,233,23,63,132,160,85,15,156,235,12,214,126,7,84},{234,212,255,133,157,187,249,120,177,55,254,8,143,70,139,38,206,240,157,75,213,39,0,88,177,10,168,212,0,149,175,192,21,150,30,61,41,190,181,102},{4,207,84,164,47,168,144,75,147,38,53,116,235,132,148,207,204,48,82,229,47,19,39,170,174,221,220,12,183,243,105,226,57,247,173,251,194,134,168,108},{205,52,65,62,14,217,49,37,65,216,228,150,225,77,64,110,112,162,108,124,117,133,151,159,232,143,237,177,172,61,164,212,167,227,114,99,93,4,99,39},{217,86,190,77,164,12,87,57,204,98,164,97,7,85,218,174,82,78,187,85,221,132,122,54,134,80,126,91,148,219,84,189,211,63,134,1,187,40,204,145},{98,215,81,154,138,112,169,190,44,147,171,74,68,232,109,109,173,252,249,44,51,50,138,199,147,44,91,101,147,158,41,254,218,218,6,120,242,151,123,59},{133,87,43,139,38,46,157,3,196,81,96,21,53,39,78,238,56,156,52,158,169,76,89,61,111,193,152,189,69,85,227,213,21,108,111,118,222,246,102,70},{253,143,37,51,91,60,33,255,107,29,95,10,53,67,20,222,194,8,157,229,200,52,91,37,181,119,78,131,136,61,193,231,185,44,135,93,52,122,221,231},{62,42,17,206,91,23,208,110,162,164,131,239,149,115,189,210,41,230,1,69,199,89,121,9,212,98,202,128,70,12,169,230,111,27,241,122,209,149,216,95},{188,96,158,93,138,9,193,39,105,56,102,200,46,10,206,253,138,35,46,251,130,154,240,228,150,175,160,225,123,229,132,168,53,69,145,19,234,248,116,243},{186,59,110,140,97,215,119,28,210,198,218,226,84,107,153,251,19,128,57,35,47,60,59,208,243,68,27,158,27,153,11,237,251,31,164,189,200,211,22,237},{205,99,229,13,203,42,216,203,38,96,176,97,205,195,250,108,25,171,24,253,112,228,192,89,250,83,222,201,191,47,42,80,192,113,13,77,172,90,143,115},{14,196,25,183,107,232,108,207,119,252,94,246,222,251,0,23,220,152,179,20,236,205,221,121,173,27,117,73,91,47,152,179,130,196,151,1,65,8,163,254},{184,101,21,111,4,175,10,113,174,190,244,82,227,239,252,194,161,59,97,213,228,151,152,154,125,205,3,181,248,208,244,113,65,1,31,77,169,133,234,184},{144,230,69,53,193,48,80,26,22,193,177,245,219,127,46,77,139,25,229,28,94,99,196,226,185,186,168,250,199,72,76,255,76,12,37,105,70,38,48,111},{35,108,229,45,202,164,186,243,117,157,61,46,32,135,27,38,10,128,192,228,185,89,244,7,169,117,255,59,141,170,244,128,149,23,205,92,104,222,130,92},{246,247,64,92,91,250,145,52,28,171,152,233,165,115,228,46,26,74,198,154,126,161,96,45,100,249,41,166,2,228,7,159,240,37,89,193,56,9,150,74},{203,26,229,229,197,81,3,64,66,156,12,20,181,199,95,174,231,132,254,191,153,45,29,249,209,209,207,169,123,126,40,205,13,97,95,189,17,179,205,165},{113,216,130,47,192,54,89,39,239,78,64,230,78,38,208,125,71,143,198,176,171,8,39,147,20,247,201,35,23,230,192,79,1,157,146,185,254,243,83,141},{246,4,95,128,18,21,5,176,113,184,83,213,235,209,61,20,151,185,125,19,179,167,21,235,83,163,27,195,97,130,56,18,219,17,139,175,124,138,229,35},{183,125,5,107,118,100,101,181,5,155,89,189,110,16,107,21,64,138,109,236,228,201,124,42,126,233,21,137,237,155,154,153,252,135,244,198,250,189,185,90},{78,216,116,177,217,7,153,119,171,188,132,177,12,117,203,230,241,36,205,242,158,33,145,170,175,246,62,137,73,220,171,38,132,87,56,222,79,134,5,178},{137,200,132,147,202,252,190,4,65,19,81,95,132,0,79,74,33,5,115,155,160,190,247,166,55,42,20,78,13,135,108,223,81,57,204,249,90,198,147,56},{122,40,56,245,50,32,148,194,64,74,54,179,67,87,205,109,156,90,198,108,91,120,26,76,70,242,40,248,66,229,247,254,140,210,243,25,66,120,249,0},{240,2,50,244,162,70,61,109,66,61,20,194,51,45,71,191,154,150,6,90,199,216,1,109,237,88,113,84,230,241,81,167,209,83,103,27,26,222,83,38},{217,81,249,177,232,123,136,56,128,190,237,116,229,219,10,242,67,87,10,202,90,237,58,111,169,231,233,223,234,168,207,195,89,74,156,35,25,55,76,116},{82,149,93,97,132,152,28,195,210,67,106,194,114,233,53,228,147,160,42,26,91,32,88,95,163,202,126,87,205,46,224,164,72,11,108,79,242,26,136,22},{108,197,131,255,234,58,64,93,112,133,83,130,201,59,132,11,123,144,245,37,203,28,211,43,7,27,29,29,138,10,35,1,63,84,64,220,211,125,9,201},{201,119,74,53,59,168,1,132,94,118,214,232,146,39,64,70,171,144,90,6,69,79,252,8,195,208,18,235,40,67,117,115,230,144,112,120,121,223,170,228},{251,26,129,12,38,107,165,242,219,136,47,29,216,92,109,82,176,52,235,31,179,168,196,69,226,3,177,106,141,47,87,55,149,30,161,39,157,9,241,223},{209,184,192,99,60,90,227,86,152,87,100,174,141,95,254,10,112,43,193,175,79,34,178,91,112,196,109,37,171,85,229,189,111,97,50,165,24,112,247,15},{44,231,93,40,96,69,119,25,193,106,184,126,68,246,227,144,230,23,225,2,45,151,121,167,234,145,61,187,82,89,212,93,191,64,72,86,165,45,230,243},{127,225,206,146,71,247,146,231,82,118,103,145,141,161,54,172,233,8,205,188,126,70,176,21,21,97,74,65,156,127,197,137,76,96,149,196,0,230,216,254},{54,27,241,4,51,126,68,126,167,88,129,189,202,93,84,194,99,181,235,104,200,17,43,223,83,48,239,43,1,253,185,249,188,33,41,135,6,63,231,160},{84,96,216,28,50,107,132,34,217,87,134,221,184,88,56,35,138,125,59,11,165,252,98,51,188,234,169,108,89,185,41,221,84,165,226,194,241,143,214,57},{105,159,153,165,89,236,156,139,57,68,237,165,131,187,27,6,74,78,170,151,147,156,64,195,190,154,37,106,173,2,158,124,98,204,20,9,117,255,15,18},{15,70,242,154,232,206,64,53,22,90,33,242,40,71,203,159,247,87,109,147,108,79,34,118,102,170,177,177,130,143,31,168,110,218,77,24,43,137,185,63},{43,251,118,129,201,75,175,45,153,56,147,92,42,190,10,1,214,240,188,3,73,157,234,188,148,181,65,176,116,123,92,65,14,104,204,121,119,255,151,114},{191,4,252,17,99,117,246,158,82,18,42,166,110,128,121,45,138,183,219,193,10,191,107,175,249,245,46,86,152,75,17,49,151,51,59,55,32,39,229,81},{98,120,65,43,148,159,176,7,233,206,99,151,133,103,184,170,75,7,110,253,77,157,227,84,219,203,169,143,162,77,124,211,48,126,103,167,149,119,209,214},{224,117,216,46,210,144,246,183,125,242,61,4,199,232,76,55,1,210,128,252,142,44,155,16,133,187,192,83,18,166,129,157,206,229,179,242,223,34,216,224},{239,68,164,175,52,249,174,110,112,96,86,243,179,78,103,104,119,196,115,122,84,111,53,153,177,177,89,37,250,98,182,46,54,56,156,20,242,16,228,172},{118,210,175,19,197,49,8,211,95,166,108,203,212,252,93,84,161,77,8,155,155,125,230,74,46,0,112,199,11,205,185,220,160,52,184,83,243,225,87,143},{95,88,15,194,181,145,166,171,146,179,57,57,80,66,180,89,241,252,3,117,25,39,119,202,207,247,103,36,117,183,165,41,25,73,7,219,109,220,143,65},{131,164,3,71,162,1,197,237,158,135,63,182,58,235,97,100,229,35,49,186,117,202,11,126,41,51,60,165,128,195,143,150,194,72,215,211,41,96,83,171},{140,173,249,195,109,127,234,36,131,175,198,213,252,78,4,224,72,99,145,100,41,234,163,61,127,34,123,130,200,160,1,176,100,151,85,181,94,124,247,153},{207,204,140,81,220,19,77,90,253,21,215,102,11,150,14,77,103,173,250,73,101,5,39,240,150,22,213,190,25,245,30,107,144,156,77,59,239,20,248,183},{1,70,60,4,151,0,111,18,163,133,112,184,142,28,74,146,107,237,46,60,34,250,149,101,47,55,110,189,252,249,58,52,19,187,67,145,169,149,36,244},{232,5,39,226,160,94,232,142,200,54,93,234,73,229,214,214,179,7,242,151,34,44,77,67,41,50,82,116,17,68,58,39,1,7,28,54,52,4,199,211},{28,224,6,167,80,141,132,20,226,47,217,191,215,75,225,61,1,169,212,227,201,250,254,136,198,113,134,181,167,32,243,22,20,217,129,140,30,92,252,2},{0,81,58,203,255,57,178,127,250,167,15,154,72,25,40,51,190,124,242,87,216,27,129,108,60,124,148,121,94,29,254,94,211,179,76,152,247,71,147,119},{0,237,236,139,190,30,161,195,79,230,87,99,129,54,224,161,154,45,13,203,45,88,243,82,178,225,243,91,95,235,223,252,122,57,177,97,196,180,10,184},{33,183,124,13,209,169,120,42,28,252,24,29,43,3,76,70,127,230,131,25,237,209,120,34,172,188,21,202,121,105,66,109,119,236,125,181,249,244,82,13},{120,121,108,213,15,39,8,228,180,122,231,16,161,160,190,125,42,246,160,212,1,104,77,173,23,5,119,216,85,247,113,101,64,216,85,192,232,118,139,171},{147,38,103,5,155,221,229,229,216,5,45,224,85,191,187,206,52,151,8,115,168,225,135,160,181,109,170,207,162,163,115,22,144,15,164,255,79,166,254,220},{106,33,220,49,13,60,139,55,103,12,114,185,55,46,176,207,19,117,153,46,216,157,1,12,202,147,181,160,21,84,211,153,45,118,84,55,131,139,98,90},{90,68,195,17,132,255,173,41,199,62,204,132,6,157,56,206,80,16,179,36,208,154,92,233,251,23,178,182,1,159,192,93,114,113,137,7,201,14,89,76},{143,231,200,109,110,103,143,110,50,137,9,121,136,156,7,173,29,103,223,164,154,147,2,102,47,238,57,206,55,45,128,73,234,9,44,215,235,142,54,68},{13,110,174,247,0,31,78,239,189,98,181,173,117,216,88,37,37,209,230,184,132,245,94,181,184,113,159,67,218,12,128,177,206,151,84,98,94,132,25,154},{20,172,145,228,173,34,117,64,80,0,58,78,26,140,135,56,84,21,90,38,15,245,81,245,74,126,48,244,238,58,147,84,86,151,131,67,59,68,137,206},{17,104,50,22,124,20,117,27,252,92,4,254,212,44,159,90,17,149,98,86,193,76,234,31,177,115,172,140,180,244,181,225,23,22,205,149,93,180,166,18},{31,37,150,216,106,28,127,78,15,153,246,71,47,160,194,108,176,176,75,87,149,144,218,5,206,2,171,138,88,23,167,92,107,164,42,128,77,236,249,177},{28,188,111,114,147,181,58,60,137,23,207,223,53,4,90,24,38,192,17,93,70,126,209,132,29,19,154,171,88,67,186,199,104,221,56,225,6,77,218,61},{177,115,50,192,148,75,87,11,123,238,253,125,66,54,180,24,178,107,209,73,41,3,250,40,30,130,254,217,170,86,244,250,64,137,164,209,83,88,34,243},{8,150,147,163,79,104,245,97,144,230,43,215,67,201,102,59,71,42,225,236,216,56,12,33,18,60,1,63,180,65,48,78,243,178,216,249,5,132,23,11},{9,28,252,165,86,169,220,68,129,233,160,98,253,13,111,150,128,99,44,182,154,65,183,53,71,82,63,243,16,133,146,219,166,101,211,152,53,112,67,230},{128,192,182,149,75,52,48,27,93,115,30,118,61,144,30,98,196,140,49,117,111,122,91,83,92,8,221,134,189,239,141,155,248,255,222,163,221,104,110,211},{76,139,163,2,140,124,188,84,82,219,86,39,199,92,10,105,204,76,111,197,172,4,177,236,77,217,210,252,223,162,123,35,56,205,179,90,206,11,151,28},{136,39,234,125,156,26,236,201,194,143,58,19,166,68,183,161,15,153,231,164,105,137,172,95,63,21,122,109,207,135,53,26,16,158,34,240,170,133,201,82},{144,9,110,198,20,63,63,119,123,228,119,61,197,226,23,200,10,148,123,125,0,117,206,84,164,135,54,69,16,214,91,63,0,145,14,35,196,10,57,53},{99,239,27,218,26,16,231,237,34,167,97,56,22,94,104,195,87,194,98,43,170,229,219,167,90,179,135,224,25,27,129,226,215,179,92,113,108,70,48,157},{7,99,126,165,167,73,85,176,203,15,32,85,114,171,96,187,223,58,155,2,165,63,192,30,3,94,100,115,188,166,133,3,25,96,199,149,11,27,250,72},{10,166,243,85,89,35,8,125,76,230,105,135,214,109,162,9,90,130,181,171,210,13,221,50,41,110,150,169,80,112,158,48,88,240,210,42,203,112,197,96},{64,143,102,252,101,39,109,21,122,218,115,89,36,76,91,59,72,141,145,110,180,184,50,125,1,113,175,165,209,191,10,227,4,77,236,60,206,107,182,236},{151,22,31,162,17,214,75,28,149,27,148,38,8,235,223,51,145,121,104,71,172,194,244,251,136,142,172,245,232,221,72,238,195,135,82,160,224,198,166,4},{190,153,134,112,47,191,178,1,24,173,31,32,110,137,118,154,53,67,228,73,205,127,31,31,5,174,103,177,111,196,9,71,171,7,0,132,41,183,94,234},{28,231,23,247,72,146,7,180,39,212,42,105,29,131,172,124,136,58,223,61,145,220,145,48,87,223,149,135,101,174,81,163,115,190,62,102,91,142,255,211},{48,69,255,30,43,244,24,161,245,134,243,225,84,234,216,175,161,5,113,66,178,18,32,147,213,210,54,121,217,155,123,54,186,1,40,17,238,206,224,70},{121,69,131,106,16,146,136,139,226,190,159,86,94,144,137,183,110,47,1,46,154,232,181,181,200,221,213,89,4,17,175,175,78,86,64,43,188,219,82,203},{66,163,57,154,105,222,66,73,221,110,53,255,145,234,198,165,127,139,55,163,93,127,34,15,185,141,80,168,120,253,194,181,46,198,51,22,233,237,90,50},{129,131,199,129,46,44,191,128,141,21,251,45,156,170,207,137,231,239,24,58,63,86,223,6,110,67,255,147,98,45,122,213,214,88,10,106,135,7,202,78},{76,235,58,60,175,179,149,117,87,187,122,127,35,155,198,217,113,13,89,154,250,223,155,42,152,1,3,48,155,163,221,45,85,106,223,158,239,67,235,74},{63,127,227,110,129,160,78,32,186,247,159,33,30,138,240,216,217,22,177,98,245,180,64,203,84,150,42,184,23,10,211,98,248,69,188,189,245,1,135,60},{240,162,216,77,234,79,24,232,37,208,255,4,80,240,169,44,73,127,230,107,108,150,223,49,36,19,137,167,103,166,25,43,173,89,33,65,118,78,237,156},{161,80,121,239,160,37,210,49,151,226,109,141,183,211,255,22,102,52,130,71,16,201,26,3,208,174,68,118,39,163,135,62,84,20,18,39,177,170,38,192},{21,106,41,218,244,135,144,193,244,105,44,75,27,152,87,186,87,179,34,253,132,211,142,133,92,130,65,168,246,186,72,1,56,65,248,111,98,153,213,95},{243,178,71,156,185,176,123,165,119,143,222,115,124,173,84,103,177,231,235,55,171,176,196,12,192,120,133,3,191,221,216,45,132,248,90,176,234,103,131,42},{13,187,111,167,205,151,27,228,246,179,104,248,86,88,79,42,50,83,62,22,134,68,16,86,151,238,83,141,224,218,9,62,133,64,73,151,212,97,171,252},{246,82,225,195,104,240,91,104,176,26,111,32,35,214,14,40,151,95,121,242,21,66,26,218,222,58,205,248,35,193,53,220,56,3,155,5,145,33,12,27},{64,149,212,67,140,247,54,224,186,113,52,136,103,198,17,223,189,9,61,235,128,161,31,246,223,223,233,185,186,100,237,125,71,101,212,68,254,191,43,228},{164,172,200,86,250,176,139,36,157,109,134,68,24,153,129,254,195,145,108,19,130,222,156,50,11,194,78,206,106,4,213,96,118,35,40,184,41,36,237,193},{66,47,163,255,150,156,198,187,173,169,102,143,253,240,236,113,154,30,240,122,153,210,5,210,136,120,39,70,247,182,127,77,81,241,89,108,116,69,154,212},{158,111,108,119,48,64,21,206,15,91,13,203,228,238,145,18,201,180,53,207,59,10,210,242,80,56,147,237,165,141,87,51,64,61,113,167,227,242,238,1},{71,136,79,143,59,135,197,51,176,24,6,156,174,125,244,52,110,154,195,145,128,46,44,108,228,193,243,151,80,196,59,125,176,58,74,112,183,70,211,190},{74,178,19,61,8,85,140,37,122,111,53,158,154,241,114,152,74,47,70,163,182,115,15,30,95,174,173,154,30,173,123,97,31,108,148,230,254,175,5,224},{179,228,158,203,196,229,67,140,121,33,243,188,160,191,36,221,11,240,149,231,212,186,35,206,77,31,76,65,105,120,77,28,171,125,183,198,212,149,111,180},{178,46,43,218,107,207,125,254,70,6,226,204,50,28,167,205,199,244,135,145,230,249,129,226,247,196,225,43,63,252,213,246,249,162,215,36,78,150,197,32},{9,145,16,236,5,138,175,150,95,50,29,31,127,138,43,147,104,114,191,132,240,156,234,4,187,18,17,170,99,5,48,64,108,255,47,165,232,22,180,132},{106,147,235,141,182,58,77,218,125,247,185,223,147,192,1,109,132,110,56,209,10,223,235,77,39,186,94,132,153,250,105,56,64,232,204,198,105,198,10,230},{217,68,144,63,88,105,255,88,34,182,235,153,49,197,148,29,116,174,59,99,146,179,190,122,72,188,142,110,241,183,176,167,222,169,32,122,52,66,241,214},{44,179,241,193,123,79,168,29,30,20,139,192,66,108,122,35,214,74,152,243,164,60,188,131,73,139,132,206,1,236,22,241,37,54,64,178,41,88,126,78},{197,65,54,145,53,229,61,11,205,196,187,229,71,112,154,72,228,114,23,156,36,198,228,193,231,155,98,137,97,11,154,57,190,124,129,109,232,217,156,12},{131,106,148,126,50,86,99,253,228,156,181,219,149,136,125,216,40,51,237,131,50,239,72,254,33,165,167,244,234,6,30,28,53,94,94,56,111,91,90,159},{131,230,55,158,243,237,21,99,76,15,53,210,1,173,131,72,158,192,114,41,155,71,134,192,202,29,127,243,19,155,9,124,142,172,113,124,241,79,217,120},{127,246,129,83,70,219,223,34,104,183,44,197,144,129,185,143,104,167,254,218,84,225,227,194,249,50,229,62,41,234,7,100,89,175,236,157,109,85,143,211},{169,225,10,74,255,54,36,253,33,171,231,75,75,17,99,197,149,21,12,196,111,6,224,125,144,78,72,24,224,165,20,32,170,212,88,39,129,157,209,113},{44,164,19,5,111,35,129,73,40,198,73,13,3,198,135,32,52,204,91,237,189,55,200,44,119,75,29,254,99,229,170,70,206,91,228,10,146,29,33,87},{97,52,244,71,37,143,127,251,224,130,8,98,178,131,84,36,70,201,217,141,218,41,130,24,79,168,178,11,142,154,221,94,45,236,162,170,232,115,157,62},{134,247,26,171,174,225,195,46,245,192,88,121,100,63,233,192,91,34,145,85,253,153,10,207,163,9,213,95,96,36,187,93,209,63,239,161,139,153,198,29},{58,239,185,160,244,206,163,109,67,178,59,203,188,198,8,232,27,132,215,46,181,139,79,213,237,202,83,93,29,26,183,129,179,95,171,188,215,116,199,112},{210,94,249,49,67,189,96,98,77,148,242,99,170,10,93,104,162,219,62,130,40,213,244,134,95,7,235,229,56,145,105,23,122,201,13,26,241,31,42,18},{73,49,39,42,44,140,115,49,10,21,6,95,150,213,212,136,51,125,171,64,55,139,172,144,119,244,77,94,253,218,25,15,89,11,105,213,33,92,229,18},{95,57,64,87,227,92,215,120,108,205,176,150,255,108,38,1,205,112,136,108,180,78,219,243,112,59,127,77,216,218,28,238,217,32,26,31,143,8,82,217},{195,229,254,115,179,206,186,252,36,74,249,243,182,15,103,216,43,153,113,172,147,17,7,140,12,226,51,40,203,58,248,60,1,91,36,235,113,160,159,72},{211,195,87,3,119,147,112,149,143,121,250,6,245,165,22,39,240,236,203,66,28,202,86,92,64,35,230,126,108,193,199,249,183,40,135,226,21,160,242,57},{43,134,64,24,147,202,208,60,36,178,97,59,105,0,222,90,163,150,32,200,249,98,226,226,194,154,189,30,162,56,48,201,79,233,96,142,192,126,252,109},{54,232,13,189,239,162,2,169,177,135,93,54,255,184,108,172,70,100,169,148,88,26,179,53,194,119,37,127,65,18,46,0,61,96,78,158,228,43,11,152},{59,79,2,9,135,190,173,181,137,252,79,130,189,74,170,61,40,199,213,19,198,225,209,182,60,130,87,186,105,229,155,108,70,86,203,5,46,92,58,43},{194,153,18,26,209,178,53,154,232,55,17,61,20,11,8,125,240,216,26,55,76,36,225,169,160,89,9,189,205,223,47,250,191,158,140,161,148,41,253,29},{17,19,143,105,138,175,221,11,60,100,127,139,154,68,45,44,216,185,217,63,162,99,62,242,67,175,216,88,111,56,128,52,77,165,191,62,148,236,197,62},{10,233,174,2,164,81,97,184,199,195,142,19,219,89,231,149,71,234,211,180,142,218,110,170,41,151,63,240,167,2,100,36,191,220,96,53,128,174,101,236},{50,57,249,102,108,250,197,126,136,46,246,176,122,205,121,74,4,140,124,150,146,169,197,15,13,130,158,191,117,244,39,221,22,210,8,112,169,1,57,119},{204,2,223,171,219,114,36,16,214,84,28,126,75,158,92,175,211,25,21,60,57,191,103,117,78,70,194,186,224,218,58,219,228,111,100,80,26,181,78,231},{60,3,12,186,147,30,240,119,100,237,107,14,180,170,221,45,188,128,80,19,190,0,5,247,187,231,34,213,16,239,114,13,250,203,222,25,99,124,189,152},{15,20,45,131,157,30,162,123,192,44,132,141,24,71,177,142,175,182,223,113,90,124,251,169,116,62,148,126,225,175,90,120,166,10,225,185,163,133,143,10},{41,24,15,8,128,210,247,70,48,27,125,192,94,191,57,26,62,1,126,209,169,147,212,223,237,18,215,13,25,205,115,135,111,118,247,253,101,225,108,27},{10,165,104,44,219,228,126,225,120,204,63,38,155,177,54,136,239,209,68,222,98,117,190,55,181,44,204,49,173,17,152,202,190,112,3,24,30,74,219,144},{51,44,230,47,208,237,108,153,154,158,211,242,76,253,255,27,119,75,165,171,56,210,218,58,10,67,79,115,134,78,160,127,247,75,39,84,136,226,50,58},{128,225,141,30,178,192,19,23,131,68,15,136,118,26,117,107,153,243,72,49,13,235,151,67,156,11,190,76,200,180,158,143,104,217,182,130,136,59,237,90},{182,158,49,177,132,132,224,97,96,124,55,171,250,234,179,4,34,50,158,30,3,139,155,184,204,42,68,12,173,112,227,242,18,155,51,190,2,161,177,244},{68,88,242,37,172,69,131,103,252,82,185,46,128,221,252,41,38,174,10,54,189,129,112,136,181,94,34,164,134,191,47,226,84,128,20,157,169,220,193,136},{151,25,193,151,108,163,143,6,96,17,105,221,224,8,253,136,6,171,190,158,59,220,162,204,252,196,86,192,94,14,105,182,105,63,30,231,247,67,9,68},{138,152,147,231,202,235,32,42,56,97,47,183,22,169,162,128,26,240,209,12,54,231,234,240,150,206,31,23,27,143,19,59,243,167,110,195,154,220,2,250},{57,56,32,224,94,24,202,84,203,2,36,232,254,61,191,61,51,211,29,187,99,239,62,159,183,143,205,69,117,146,172,102,159,34,93,44,223,106,191,52},{92,90,223,190,240,57,112,157,149,67,248,0,191,19,221,21,192,11,104,173,122,211,70,176,74,160,178,49,227,91,171,154,156,99,228,97,73,152,90,186},{119,165,0,92,31,247,26,150,227,207,30,75,182,70,238,195,102,80,228,180,122,179,139,81,232,79,109,154,28,115,229,72,240,3,218,150,1,103,54,244},{242,240,237,58,96,102,247,107,99,126,143,134,240,237,102,97,26,73,173,116,237,100,63,115,24,250,109,35,207,204,189,214,194,40,154,15,154,183,109,195},{39,241,178,114,72,43,192,95,106,195,227,101,137,81,22,88,156,92,200,193,172,231,108,17,105,254,181,221,117,127,56,36,166,167,102,70,154,98,67,106},{218,152,97,30,36,79,181,142,174,45,181,248,150,89,221,28,11,203,28,147,242,210,53,23,91,229,214,163,176,175,230,228,57,144,25,158,150,124,215,215},{15,21,141,9,219,240,170,229,38,153,123,91,39,98,194,77,43,81,129,165,130,168,54,141,170,63,27,132,7,17,10,222,233,108,237,138,233,118,40,77},{97,242,186,10,254,31,238,96,123,130,71,192,83,217,150,73,65,161,235,222,146,153,158,214,219,171,72,184,32,210,103,179,60,109,36,154,20,76,46,82},{166,14,251,251,57,167,173,173,67,158,58,33,195,141,124,90,240,171,3,99,108,101,193,254,225,83,30,207,206,10,100,150,52,150,201,147,234,217,122,16},{108,76,152,111,228,183,54,238,145,218,205,49,15,41,195,41,218,119,7,236,101,232,88,229,253,81,206,58,238,52,57,84,154,96,115,86,234,89,39,182},{22,4,84,250,188,44,134,224,150,92,249,47,193,183,81,98,111,210,197,3,191,238,134,112,218,181,157,158,217,76,253,24,25,52,127,127,224,129,239,76},{110,173,137,191,145,27,58,235,52,145,123,90,149,203,251,116,3,66,190,11,130,166,145,255,163,109,81,114,8,28,22,169,22,67,140,131,96,105,76,2},{43,202,49,234,255,240,227,90,226,226,66,169,92,201,220,253,127,124,14,106,14,104,32,171,85,193,67,206,211,74,66,16,125,110,131,110,212,95,91,62},{236,96,175,170,126,23,154,149,249,15,110,222,31,54,33,8,206,190,188,170,189,243,166,201,171,156,34,99,188,152,115,11,142,177,13,158,245,45,73,126},{168,209,16,176,120,230,71,19,100,249,241,151,231,15,85,10,18,182,231,168,85,134,209,233,15,33,82,156,27,33,3,182,142,101,195,223,103,220,7,131},{132,66,50,192,213,24,14,40,20,17,196,15,205,46,252,63,96,186,222,151,132,32,112,202,143,197,140,252,248,19,90,237,214,225,92,193,20,28,11,217},{145,44,254,87,7,114,151,230,52,76,84,237,155,213,129,2,108,68,79,126,30,30,174,69,88,249,54,130,109,242,83,136,112,148,112,184,240,144,48,125},{103,203,166,155,68,229,36,21,23,3,157,136,143,25,149,193,101,111,188,18,210,246,203,183,198,157,85,172,213,226,115,238,108,192,164,205,120,104,102,247},{46,148,29,55,226,85,65,216,150,97,104,161,56,34,35,168,3,125,127,111,125,30,247,48,175,174,70,59,122,229,111,5,190,175,56,200,95,58,220,14},{30,194,165,134,104,89,36,245,220,132,126,126,27,122,60,186,255,108,107,202,37,131,86,226,34,167,176,240,121,56,78,78,165,146,47,89,246,166,166,110},{82,81,255,3,227,175,62,187,90,221,243,152,254,181,56,162,204,161,194,67,121,174,135,153,62,214,161,134,73,29,6,238,0,127,195,142,85,178,234,123},{211,144,48,145,237,205,97,253,28,35,60,87,15,7,231,31,110,142,181,208,75,189,241,130,19,230,210,115,226,130,92,41,172,185,78,161,33,89,138,103},{130,133,226,178,118,183,218,128,153,110,81,184,135,194,81,141,42,13,75,54,185,14,30,65,164,99,120,29,145,234,184,133,210,130,155,33,204,39,127,3},{172,224,85,145,66,244,217,126,143,179,173,134,241,242,122,222,186,108,124,33,55,84,245,12,12,23,236,149,191,228,182,183,103,13,106,233,64,82,222,239},{21,29,210,90,231,244,244,191,200,14,202,76,14,233,222,123,196,84,182,91,65,247,206,60,182,152,78,24,50,210,204,8,150,194,56,169,12,85,155,118},{6,217,254,97,185,199,158,112,141,77,229,72,83,149,94,204,46,153,1,1,147,236,177,234,221,168,179,217,61,62,147,236,220,46,108,11,41,224,177,217},{31,93,166,61,112,89,242,197,44,173,141,57,42,40,179,169,255,33,5,76,218,103,186,24,43,189,44,153,247,66,147,103,90,186,52,107,133,238,221,122},{199,69,94,26,124,124,31,223,138,131,212,181,6,154,207,115,190,13,229,27,35,166,202,102,66,160,28,227,92,26,228,77,63,152,37,182,105,108,36,253},{27,246,206,172,157,187,208,177,163,214,244,66,211,218,44,170,21,55,128,49,34,68,118,69,223,213,35,60,178,8,70,166,243,253,153,117,239,84,8,89},{229,43,223,162,152,240,125,104,119,111,107,172,51,193,84,180,125,37,190,215,84,22,50,197,51,163,98,180,152,41,240,59,252,9,235,118,121,118,37,5},{16,176,166,69,82,150,98,12,24,139,155,73,223,46,212,216,223,16,139,20,48,23,100,233,146,220,57,11,164,218,29,194,236,45,43,101,100,71,3,225},{235,156,20,53,176,60,212,82,171,46,204,86,219,63,254,200,255,9,83,56,236,20,63,203,38,168,31,160,118,68,162,38,215,159,51,96,245,173,147,28},{70,206,204,222,171,233,143,252,90,110,152,49,156,179,188,235,68,238,77,128,69,160,236,155,241,174,128,158,194,186,201,130,156,70,41,97,122,235,234,176},{18,251,219,119,35,95,173,187,115,21,68,212,253,112,110,70,252,17,221,114,182,228,141,79,207,179,75,58,180,4,216,253,112,215,55,222,244,206,204,106},{235,168,38,116,150,151,115,162,15,128,237,206,38,252,138,205,25,234,223,132,163,138,111,101,211,156,30,193,166,23,219,33,72,172,221,44,78,156,197,85},{247,5,196,47,183,84,82,227,196,199,136,237,69,116,135,50,73,71,174,121,70,190,47,206,154,198,55,246,115,34,75,51,169,254,229,62,194,188,197,135},{171,231,233,6,43,204,246,74,57,123,30,56,163,39,177,36,66,67,48,115,191,233,217,197,159,173,15,51,159,55,134,198,13,23,159,185,201,171,233,74},{181,114,201,252,52,82,140,0,23,119,154,109,34,92,83,147,107,106,21,55,99,184,78,130,198,77,64,118,196,85,147,159,5,124,175,231,194,4,63,89},{192,206,136,189,248,173,30,208,216,136,110,22,130,228,1,33,120,213,183,60,145,74,56,227,60,127,118,229,155,54,106,87,7,158,161,121,232,164,108,106},{211,226,160,29,229,51,31,220,167,27,246,197,2,102,81,122,230,7,13,187,197,191,23,157,153,123,41,72,150,127,231,164,168,224,155,56,107,230,182,70},{132,188,154,135,39,237,171,176,76,18,168,41,207,124,102,215,233,74,255,20,177,45,104,81,236,121,229,216,158,38,104,85,61,244,23,109,36,223,182,184},{139,59,127,105,25,49,213,93,81,142,29,199,123,111,69,233,56,149,165,134,102,127,251,7,232,179,71,42,172,183,144,154,87,95,82,80,99,21,75,134},{92,243,234,67,102,112,214,44,57,24,171,229,88,204,188,103,110,163,101,107,63,231,52,0,118,90,107,240,221,228,94,207,198,237,95,233,85,75,96,97},{229,232,109,247,180,213,183,109,120,100,25,77,87,90,57,112,167,152,197,241,94,154,26,242,74,124,221,140,230,69,147,59,108,173,129,166,66,113,42,224},{182,239,3,254,87,193,223,55,217,22,233,112,2,114,235,84,102,55,25,250,16,83,44,135,106,191,163,195,234,234,242,110,145,7,14,251,22,46,157,255},{224,76,6,124,216,186,213,252,60,116,141,132,2,31,90,122,79,178,53,187,47,34,41,47,7,204,20,125,117,119,237,109,95,121,4,101,248,47,239,161},{70,197,160,67,52,47,12,187,97,125,87,194,104,162,107,243,60,12,22,113,61,220,192,210,166,161,128,86,246,187,120,250,165,23,237,47,6,198,178,163},{148,34,227,193,92,106,137,187,228,92,160,116,106,83,145,94,22,47,60,88,234,97,156,40,164,231,202,70,66,36,22,65,156,224,113,41,240,217,112,58},{209,172,241,151,224,233,243,108,1,13,129,71,239,133,71,215,249,191,84,36,54,141,53,211,41,167,129,240,19,231,187,41,191,213,232,185,0,179,80,4},{47,205,23,20,236,84,130,86,33,203,61,206,8,131,112,179,19,6,27,251,209,108,149,129,89,166,247,162,110,23,135,137,80,171,223,143,188,83,178,183},{251,94,114,49,47,184,252,183,132,149,168,146,168,73,199,213,174,134,244,162,3,35,196,15,192,132,148,18,71,5,162,219,132,102,168,246,193,8,189,38},{206,228,155,27,68,102,49,186,82,18,134,72,0,80,92,42,97,15,153,99,58,152,6,113,160,108,224,241,246,243,132,80,17,139,163,59,107,214,168,211},{243,154,107,237,231,239,58,137,202,88,247,226,97,237,37,183,155,59,218,246,165,7,20,187,191,69,92,187,102,12,120,2,84,150,197,194,135,242,86,119},{93,82,215,94,88,137,157,248,72,248,168,77,12,211,140,45,121,214,181,187,17,227,34,90,93,38,110,134,184,6,26,58,4,81,54,18,141,85,99,203},{189,242,122,169,221,169,214,53,88,54,59,32,10,47,138,193,42,92,193,88,81,141,174,219,13,54,109,39,116,130,8,141,248,211,49,233,67,199,85,251},{5,62,145,165,245,9,176,141,190,168,151,198,149,28,11,57,42,178,27,237,110,115,154,198,83,59,137,2,89,173,188,75,177,88,169,204,149,114,155,5},{26,159,189,255,213,218,145,19,93,123,254,5,43,230,227,220,206,81,45,65,178,3,158,121,155,96,30,223,168,7,44,39,71,168,84,1,109,94,70,96},{9,248,62,138,103,140,23,131,143,204,57,247,227,41,243,153,39,105,178,138,87,106,89,57,232,206,198,124,40,205,154,131,160,230,139,113,160,185,163,158},{166,163,3,180,215,39,25,229,164,60,20,195,123,22,248,168,133,127,240,121,194,218,251,72,73,134,210,1,220,210,174,202,109,144,150,217,8,129,152,78},{124,250,127,110,83,209,156,185,219,130,105,183,115,21,48,96,109,193,102,115,80,236,94,71,160,242,153,130,251,46,235,200,220,204,47,54,165,162,29,130},{162,30,231,151,226,81,193,254,145,202,227,164,155,120,211,97,156,252,80,47,8,230,142,205,195,152,190,196,103,95,206,120,194,159,171,35,252,112,252,215},{10,235,5,219,97,76,89,80,203,27,12,29,201,220,224,166,236,156,220,175,51,199,146,152,131,239,65,65,154,171,31,223,100,60,216,42,4,185,42,145},{120,213,33,192,202,165,162,159,8,58,110,50,210,162,104,233,123,111,110,114,95,21,24,134,168,220,27,159,126,222,82,123,6,182,98,233,122,89,226,159},{8,152,20,240,169,127,238,231,177,149,46,114,107,108,2,193,38,33,165,255,203,42,183,198,69,129,98,28,227,205,103,136,156,78,72,30,124,81,99,88},{66,247,105,75,154,69,18,67,56,255,205,157,75,4,115,128,31,20,109,232,167,130,249,143,131,5,122,66,223,38,71,227,225,63,57,16,249,203,50,200},{167,140,170,189,144,70,118,88,20,184,196,88,18,52,253,8,203,78,102,159,184,235,2,31,173,130,253,163,60,253,234,186,170,177,161,217,14,89,136,231},{50,49,169,85,199,200,168,92,7,220,208,42,62,141,147,156,253,52,213,116,196,22,254,53,240,130,73,41,45,153,126,236,233,139,99,119,196,188,180,3},{35,105,99,20,35,81,90,125,54,1,97,50,181,174,235,89,52,194,9,115,38,178,122,24,39,198,139,172,170,158,119,6,231,186,5,144,231,81,44,117},{37,255,228,105,5,249,75,52,83,35,138,210,48,132,79,3,234,50,81,219,61,205,7,94,161,208,101,203,109,60,127,61,16,73,253,121,92,223,48,0},{89,1,252,7,243,247,23,217,206,5,89,178,99,56,183,246,193,110,153,188,90,177,33,236,133,15,175,137,102,220,171,201,91,116,183,44,24,95,40,161},{67,18,149,145,212,84,3,14,63,40,83,6,238,1,177,159,65,112,207,98,184,128,134,166,236,149,172,101,12,148,25,9,121,145,83,169,45,230,55,108},{237,41,58,225,4,106,115,1,95,34,187,80,16,255,152,91,85,65,127,14,101,178,139,50,151,234,156,2,16,44,156,169,115,163,248,158,61,142,164,15},{79,237,77,194,134,242,123,113,190,121,79,201,203,29,95,121,51,169,220,142,10,107,237,198,221,251,185,79,203,65,202,160,139,243,37,177,94,248,242,189},{62,4,44,133,21,12,55,66,130,218,112,56,174,147,16,149,132,107,250,29,93,43,187,166,219,136,92,149,147,203,213,111,98,161,73,46,75,231,226,231},{46,1,79,152,120,28,234,26,247,90,62,150,163,196,133,158,108,219,185,90,227,144,226,27,198,164,254,69,179,195,37,40,123,113,215,24,129,6,96,28},{150,135,221,56,31,177,166,111,70,108,84,251,221,181,38,114,138,137,129,138,122,121,167,174,249,247,131,26,38,134,225,217,55,90,97,134,194,227,191,190},{249,172,35,61,154,115,90,124,72,203,162,136,44,182,166,128,25,227,116,62,117,99,27,56,246,17,146,66,44,124,83,246,208,113,166,94,189,225,35,250},{206,254,80,47,46,227,195,24,73,230,141,80,52,184,193,190,6,66,6,195,87,68,118,133,215,59,157,124,239,147,96,78,18,1,113,61,146,168,238,219},{233,214,206,169,7,77,182,228,57,146,3,49,137,86,52,181,122,66,64,7,62,158,71,117,190,138,107,158,156,7,183,44,103,30,250,100,6,82,167,144},{45,239,192,153,251,55,45,162,119,135,141,85,158,201,150,125,235,0,119,29,218,11,245,66,73,105,103,240,85,66,99,34,145,204,172,207,140,59,22,220},{22,73,74,239,209,232,120,33,182,66,121,184,160,166,231,3,222,176,204,242,9,70,155,19,160,140,223,235,219,167,79,14,231,129,98,39,70,192,220,126},{148,225,210,155,198,153,73,31,53,214,105,54,65,64,112,131,92,169,59,129,220,187,169,125,193,64,173,85,182,104,63,7,25,184,199,229,92,181,182,230},{93,159,168,81,136,18,205,129,67,176,239,129,152,87,10,149,87,32,211,103,106,114,163,105,31,163,137,186,133,61,111,117,84,119,7,62,159,39,103,166},{218,175,94,112,116,218,173,170,91,132,47,145,211,71,51,42,120,146,138,1,119,115,6,11,131,235,178,184,208,146,22,188,43,250,248,37,240,50,74,125},{49,141,24,186,123,63,192,84,171,158,255,75,242,142,154,96,93,39,224,26,144,169,189,195,6,7,193,232,252,188,193,191,78,103,189,42,45,159,216,151},{9,5,19,163,245,86,52,21,38,105,63,10,213,94,195,89,147,91,15,213,137,59,27,134,105,13,214,25,52,159,10,41,219,204,246,178,38,25,196,170},{95,248,157,231,248,179,62,118,34,99,225,216,136,177,3,208,148,155,252,83,147,62,50,238,32,111,172,162,108,143,20,133,221,31,218,182,91,79,197,193},{73,243,40,109,224,87,76,234,220,54,226,193,212,71,211,235,109,47,139,184,251,210,194,43,136,138,74,149,54,78,116,128,54,223,92,174,97,110,60,103},{237,184,50,43,92,2,197,79,197,81,255,243,249,159,94,54,66,62,126,191,119,156,174,218,255,108,177,192,58,142,78,237,248,167,95,26,130,20,124,8},{68,41,99,140,193,39,201,145,112,61,13,20,254,80,107,56,222,229,175,38,252,219,182,191,229,145,219,72,112,134,176,54,9,53,36,72,161,76,155,152},{38,179,183,137,208,212,247,61,117,171,173,140,36,141,38,72,215,167,204,90,204,211,146,85,209,138,220,34,109,111,204,75,155,203,16,231,81,76,252,92},{177,227,180,183,243,192,3,87,233,84,106,26,168,91,37,215,123,63,164,29,52,208,53,164,81,42,86,23,55,235,174,5,229,84,137,205,227,107,49,91},{177,90,20,90,7,162,74,50,63,151,46,242,67,109,160,179,248,94,245,46,195,165,98,198,86,98,187,129,211,188,77,253,220,70,46,254,22,148,189,199},{214,86,14,37,169,228,50,137,193,231,253,120,156,120,206,245,211,118,119,110,10,148,144,253,138,129,87,24,176,73,19,169,182,49,91,63,37,20,60,202},{129,69,81,146,69,9,118,105,36,201,34,239,89,208,31,13,198,198,182,12,26,83,198,40,124,187,103,82,19,229,142,182,188,98,179,123,145,159,200,5},{139,217,241,6,174,253,95,98,113,85,19,10,138,58,173,194,126,50,188,178,209,91,166,94,144,185,193,117,168,153,26,14,138,100,141,126,233,42,113,131},{7,95,1,233,233,110,249,109,46,36,75,144,24,79,79,206,187,32,181,126,243,9,90,95,219,116,78,220,116,16,59,146,215,0,200,206,241,247,72,52},{215,94,176,35,135,203,80,189,106,53,4,133,192,85,174,77,218,35,36,106,205,145,3,99,148,2,56,189,108,22,143,93,45,158,123,173,21,241,154,25},{221,14,60,27,30,72,126,80,61,50,59,16,244,141,66,51,236,196,134,119,5,87,67,124,250,91,151,10,9,38,139,162,38,121,194,65,74,130,84,30},{75,217,110,77,75,240,75,32,55,226,67,135,20,234,247,46,2,5,80,86,214,6,254,8,195,250,69,213,106,175,111,4,252,152,234,116,240,7,55,53},{220,100,248,249,161,115,79,122,62,199,18,238,117,94,203,173,42,69,211,122,153,183,90,200,37,196,227,76,26,15,202,207,200,144,168,219,197,150,100,232},{14,189,204,69,23,226,67,0,210,18,116,143,171,66,30,51,119,86,57,207,161,208,88,201,230,21,26,110,213,107,28,254,137,141,60,147,74,243,211,255},{144,153,240,5,185,212,1,137,145,93,156,42,254,118,67,74,230,44,170,146,25,108,97,253,60,81,248,195,103,26,118,49,66,67,15,122,222,29,94,68},{110,31,15,125,217,181,116,218,55,169,96,93,133,150,44,205,226,187,8,4,194,249,160,155,193,202,88,155,234,33,137,30,238,219,120,61,36,45,176,208},{22,189,15,218,102,80,79,140,212,0,181,1,42,245,243,43,207,196,156,2,148,41,125,127,105,42,17,85,229,27,46,140,151,219,163,15,127,140,168,91},{210,234,181,198,155,249,48,53,210,31,75,143,33,63,178,202,100,17,215,111,247,189,31,219,158,202,71,33,206,251,29,120,164,167,204,144,220,176,113,90},{234,226,205,16,139,104,96,124,61,156,30,171,207,91,202,14,191,68,135,186,189,106,178,138,211,145,4,242,40,69,29,57,90,217,137,238,9,225,187,204},{51,254,153,70,171,249,2,173,203,216,87,209,124,44,92,134,69,14,199,190,175,141,198,99,177,6,22,181,18,239,80,194,111,200,189,43,13,114,32,75},{227,46,26,213,21,166,135,142,45,156,119,219,242,86,156,113,108,185,221,169,163,158,49,223,164,25,203,51,122,145,217,209,108,177,192,229,118,25,13,181},{145,206,201,144,155,10,165,228,189,145,46,105,240,213,194,78,169,17,237,227,201,73,128,183,155,91,246,77,106,46,86,231,35,187,77,58,89,167,61,133},{203,12,232,189,225,179,174,0,36,95,207,101,226,98,178,164,56,167,138,210,150,65,111,192,118,114,222,19,164,5,98,57,26,96,91,195,11,54,182,112},{107,46,111,224,187,85,61,22,234,93,133,224,193,231,205,212,239,195,200,147,212,219,242,119,29,119,68,150,182,201,197,25,213,29,164,227,134,109,241,36},{18,220,110,107,153,238,248,23,30,247,81,173,32,209,223,78,79,149,34,236,237,115,156,248,164,87,2,166,89,140,207,36,44,255,193,131,16,251,71,204},{218,105,73,23,254,182,78,236,13,156,188,105,208,69,128,110,101,162,222,147,192,200,143,98,165,158,182,213,228,27,62,204,70,212,192,86,1,93,224,17},{190,143,169,132,241,106,203,90,114,42,39,231,236,157,116,183,230,167,24,225,155,237,17,164,222,120,82,144,142,215,79,105,24,252,36,50,73,245,244,36},{158,206,25,225,201,33,81,88,110,158,223,216,29,255,38,7,140,211,14,75,140,117,25,80,162,151,181,239,73,81,184,16,121,151,46,250,128,22,255,82},{66,49,219,0,192,168,115,57,6,74,201,88,168,114,55,178,87,240,180,123,211,74,127,110,121,158,199,224,62,46,122,120,138,96,5,246,104,157,183,73},{245,174,165,179,109,245,8,131,54,198,80,30,176,138,155,188,132,122,186,94,73,201,29,68,150,34,15,98,15,164,230,243,197,89,138,61,160,189,13,199},{28,206,52,217,255,242,153,11,244,189,196,7,122,84,171,197,171,184,159,132,96,75,130,184,87,154,229,33,74,159,141,130,78,50,91,201,169,75,212,169},{130,82,89,123,137,18,132,241,40,233,139,224,239,25,155,10,72,198,181,36,166,35,178,190,124,49,12,109,175,138,153,225,218,188,44,9,182,254,95,15},{255,255,128,183,15,111,70,184,81,152,138,239,62,213,135,230,163,194,6,168,205,34,103,65,156,139,10,85,174,248,151,109,232,102,120,208,105,48,105,158},{98,229,250,243,111,84,163,101,27,4,61,232,236,2,185,137,38,223,119,34,171,183,185,182,81,150,220,255,194,168,42,61,85,61,47,45,217,185,35,87},{183,30,55,76,209,144,145,193,231,146,211,118,198,88,113,86,204,42,162,44,124,13,164,230,211,160,42,204,175,196,158,53,55,80,163,129,56,209,48,236},{205,29,199,135,93,38,77,11,127,102,251,248,95,206,18,108,10,164,119,183,139,190,100,11,233,80,251,166,148,83,122,37,180,53,55,89,240,77,190,137},{48,186,150,197,181,7,66,223,133,185,1,3,34,187,200,83,148,154,140,172,214,143,19,22,14,210,1,61,162,69,35,110,131,91,43,207,16,74,42,230},{163,13,245,232,102,189,209,157,169,159,39,124,137,251,142,206,57,159,231,138,128,54,214,167,204,154,49,217,24,119,13,44,33,101,51,4,142,159,168,37},{81,60,227,26,54,106,116,33,177,166,189,5,173,83,104,231,112,159,134,89,103,190,205,131,116,78,49,158,143,146,137,57,32,106,60,201,44,117,79,147},{200,18,45,204,87,142,136,91,49,195,130,57,101,163,172,71,135,53,16,41,198,171,121,102,107,166,121,121,225,0,109,138,124,19,139,6,76,7,51,6},{58,155,115,79,101,12,110,15,60,123,87,4,184,253,125,128,66,185,191,157,219,198,239,30,155,87,248,7,150,209,93,191,137,89,94,56,4,7,57,181},{252,148,138,86,185,155,30,120,97,241,130,25,133,180,172,195,229,160,246,250,26,163,168,196,163,232,157,85,51,189,5,230,245,40,128,205,3,138,89,239},{124,187,102,167,182,100,213,21,247,32,225,197,180,48,236,168,7,204,132,187,208,241,55,176,250,156,101,61,25,99,128,185,246,66,125,78,51,21,21,6},{42,231,185,27,241,187,105,125,4,126,184,5,247,69,207,75,212,24,235,172,8,254,111,40,133,103,214,131,61,0,174,70,67,231,42,220,46,2,235,8},{226,142,156,77,76,233,159,229,21,7,137,216,124,22,122,65,130,238,188,77,244,130,70,213,83,136,254,182,114,163,124,221,146,176,71,146,13,140,59,113},{98,75,217,224,13,95,4,60,57,109,221,81,64,199,150,184,19,184,254,92,229,94,243,38,136,80,104,13,155,90,201,33,126,75,82,69,234,14,47,123},{69,53,111,48,15,54,26,56,229,234,3,210,178,91,249,101,242,61,161,129,135,19,39,142,172,180,13,68,167,5,221,158,28,50,158,94,208,92,243,159},{41,171,152,39,134,208,185,12,254,192,103,197,67,143,114,120,106,51,175,149,219,92,42,164,126,207,183,157,177,95,211,152,7,113,66,4,195,165,244,236},{106,167,167,155,19,211,52,27,239,48,111,5,132,84,213,187,83,55,86,231,33,125,30,47,2,0,194,209,29,111,50,247,238,17,122,142,221,129,208,201},{60,111,156,173,129,127,51,255,153,117,12,146,252,169,166,124,167,105,34,61,84,13,212,248,85,67,120,175,160,99,253,202,138,234,67,188,213,25,138,162},{165,54,6,220,173,104,253,38,153,167,251,33,129,182,9,182,188,49,171,142,25,139,78,7,117,234,165,4,181,67,73,69,172,65,35,217,205,228,226,243},{212,221,177,135,234,141,9,104,26,138,56,8,63,30,18,201,226,197,245,231,88,149,48,71,80,198,81,155,153,175,17,51,19,96,100,93,228,206,139,85},{232,248,164,64,80,16,15,121,119,251,89,46,6,26,144,176,190,167,132,111,173,37,214,153,102,177,112,246,72,30,16,116,85,234,187,101,31,187,66,148},{3,205,164,141,230,232,184,222,221,36,107,64,227,200,176,62,79,188,102,240,149,220,210,228,7,66,84,86,20,12,94,12,240,186,201,86,137,145,7,42},{64,148,32,172,1,130,56,176,223,202,164,27,248,199,133,234,125,49,174,62,189,82,209,57,122,188,102,195,182,165,109,58,132,163,71,145,89,57,147,111},{163,16,226,225,243,24,58,143,25,249,135,174,171,149,125,37,141,213,100,192,9,1,103,126,130,243,80,8,221,166,67,227,34,42,29,9,22,204,193,254},{155,12,116,207,72,180,16,107,229,105,183,88,68,153,123,107,246,141,28,14,238,116,225,11,181,72,172,233,198,92,117,147,67,105,164,125,135,233,149,105},{97,0,137,211,67,123,185,97,201,184,187,165,117,207,123,158,90,175,231,224,98,223,196,45,145,135,85,7,206,175,205,12,80,213,159,43,65,75,180,198},{14,201,67,159,179,68,136,243,147,255,174,29,68,237,196,126,41,197,100,23,53,123,49,222,65,74,73,167,225,114,83,107,194,34,233,207,224,199,23,79},{241,66,234,46,42,145,54,123,5,30,248,88,59,82,106,240,70,4,4,59,14,156,255,193,254,60,144,18,122,106,216,118,9,6,164,213,153,221,134,41},{167,250,3,16,223,200,37,8,146,24,166,116,205,50,103,127,204,182,139,196,161,11,132,194,105,16,169,147,166,140,167,247,251,110,165,91,75,235,163,168},{24,135,94,56,120,136,113,122,204,21,197,22,101,234,3,74,113,236,99,90,187,52,140,23,155,11,146,215,46,32,5,153,227,86,104,141,226,186,249,38},{168,216,58,75,114,248,146,175,2,151,27,173,68,87,123,170,249,191,207,97,2,162,136,169,66,104,111,166,9,36,201,14,233,145,166,172,78,129,208,13},{131,23,157,233,83,47,154,17,252,188,124,190,53,51,191,209,75,250,29,84,140,204,140,214,220,214,179,45,41,149,128,209,4,133,0,101,79,234,211,207},{11,176,237,201,32,88,125,239,59,132,124,84,176,243,183,88,94,174,79,78,212,172,246,248,39,16,135,59,241,52,44,174,118,56,26,106,164,135,49,63},{2,194,226,153,238,249,124,143,96,234,18,188,17,34,159,169,152,27,89,186,91,221,160,71,132,112,62,122,94,86,180,216,197,228,11,101,177,247,203,109},{98,40,194,14,226,124,210,224,8,230,17,128,137,8,220,102,208,79,17,209,92,195,244,46,14,190,95,27,100,78,149,165,159,28,74,180,193,52,15,119},{29,105,173,70,57,177,175,160,93,210,5,107,242,163,244,100,24,95,160,211,53,210,23,69,88,40,178,122,175,167,239,28,227,130,252,24,66,146,243,48},{63,62,33,120,241,228,208,70,25,161,230,34,11,26,200,123,123,61,175,51,7,244,93,55,246,234,172,114,32,164,253,54,247,136,113,38,189,23,177,27},{69,207,3,196,38,89,138,241,99,7,12,71,58,12,172,60,157,50,106,28,234,94,238,4,98,195,123,211,214,73,7,135,195,57,231,65,73,35,194,228},{232,78,139,125,249,229,72,250,244,208,156,55,86,164,170,141,228,123,180,82,46,2,153,165,238,105,233,4,238,207,244,240,38,252,150,187,197,62,173,47},{155,63,186,72,186,137,129,3,150,205,232,223,11,66,127,114,108,121,120,44,43,255,71,122,174,36,187,9,250,93,19,215,83,232,58,249,22,202,13,153},{144,46,140,98,210,112,191,231,213,248,71,120,250,86,134,195,187,146,4,0,14,7,236,227,99,186,69,183,158,56,141,20,224,206,96,219,228,7,224,120},{102,59,183,177,84,213,223,203,55,0,126,254,77,161,193,156,152,130,182,77,4,17,10,20,212,103,124,3,92,169,250,218,86,44,112,168,124,42,69,131},{5,115,159,248,135,165,30,79,30,154,58,108,250,114,206,207,81,208,215,141,235,96,8,253,184,115,58,9,156,36,37,177,76,13,146,123,184,58,137,171},{127,205,32,77,83,89,111,220,18,85,1,199,217,201,115,169,194,220,27,242,138,161,130,164,46,110,48,62,196,214,249,220,249,139,238,39,241,153,11,64},{140,11,22,153,90,171,59,160,216,227,165,67,47,244,198,119,65,161,82,236,229,120,164,125,203,50,244,107,237,58,196,62,128,203,232,43,221,163,87,19},{62,54,64,119,56,82,147,133,48,16,17,15,255,96,176,37,235,153,74,239,39,107,6,192,9,53,244,114,19,100,47,77,87,176,95,161,212,183,38,247},{0,181,32,253,231,66,202,0,109,25,90,252,79,199,114,250,196,36,61,57,73,175,41,105,0,45,50,25,23,188,161,13,210,31,143,171,143,240,105,179},{213,18,23,234,58,22,76,27,65,29,34,249,196,172,67,170,167,179,224,168,136,112,26,140,170,231,27,26,147,152,104,89,168,45,56,232,54,245,51,252},{42,205,75,199,91,113,245,36,107,13,113,233,165,58,176,198,69,10,113,139,167,145,69,143,12,187,18,243,236,31,152,53,173,79,73,29,88,38,205,190},{138,245,70,149,39,87,80,185,170,198,81,100,139,51,60,254,28,236,194,147,24,38,235,208,90,29,2,212,20,102,63,26,253,23,175,151,80,8,167,236},{27,21,163,70,35,154,26,252,61,170,165,13,67,211,101,114,42,6,168,175,73,57,235,1,69,154,34,106,202,14,217,236,183,10,148,248,174,88,41,104},{27,27,224,222,191,52,54,185,237,102,136,120,124,16,199,223,109,46,42,201,154,124,253,119,129,125,12,144,255,97,249,62,102,53,250,42,236,35,60,32},{133,106,10,60,90,88,29,82,50,63,66,236,243,250,219,226,162,72,40,166,214,141,35,195,88,187,182,188,50,178,120,104,168,42,25,195,177,27,22,17},{2,167,232,103,157,139,163,179,106,197,198,38,160,85,63,108,142,198,253,208,58,204,200,110,252,110,217,77,142,92,103,52,222,155,228,59,111,80,108,190},{67,17,179,132,81,240,215,166,153,163,151,175,181,149,164,120,7,175,222,167,178,194,221,35,164,152,34,77,40,100,196,111,87,248,199,5,32,69,204,222},{214,102,63,183,185,108,209,24,233,242,227,5,23,191,243,109,54,60,23,47,147,183,78,2,166,152,80,147,56,44,130,116,17,107,246,212,115,124,91,213},{250,146,140,39,119,133,129,175,55,149,124,1,172,253,205,197,7,20,85,48,224,20,20,240,205,133,13,202,149,189,157,81,45,209,58,31,61,50,222,76},{207,93,243,97,145,25,124,237,237,64,141,16,7,131,105,153,31,89,223,160,198,63,191,109,210,14,14,247,100,231,32,8,176,205,82,72,174,81,168,4},{24,145,192,176,114,59,96,154,59,147,115,125,147,214,219,179,59,214,135,86,127,215,71,114,134,232,120,212,6,36,155,252,181,222,132,143,215,87,180,35},{171,40,82,225,43,66,213,3,235,116,106,69,254,255,187,10,40,201,52,3,149,211,71,92,91,38,168,197,116,98,188,41,94,45,56,231,147,117,61,99},{44,61,139,7,255,116,249,248,217,24,37,232,69,72,204,116,174,135,7,45,75,237,162,184,148,241,91,130,156,254,165,152,141,13,158,35,137,64,48,176},{164,232,69,15,127,101,14,163,11,109,150,88,2,255,191,43,175,40,203,98,154,239,184,204,3,56,163,230,217,220,79,111,15,152,185,53,17,9,43,200},{207,106,67,160,12,124,174,67,70,51,150,207,106,181,244,124,184,214,234,154,34,225,227,106,245,115,154,211,82,171,64,75,22,107,214,12,122,194,194,185},{239,188,234,248,175,238,74,163,42,108,116,157,195,6,227,232,48,222,156,14,189,87,251,51,168,125,105,104,225,68,139,49,81,236,60,50,10,37,126,189},{126,227,89,211,131,208,198,168,171,170,119,140,211,186,199,90,143,48,30,66,13,191,93,201,102,196,51,161,43,23,25,226,36,219,119,172,142,34,146,115},{208,106,231,134,191,107,96,225,49,226,87,204,222,102,137,244,14,9,214,194,60,14,254,212,184,55,35,201,169,191,91,0,8,45,65,139,70,96,67,61},{221,204,57,250,56,66,152,172,228,67,121,167,113,6,35,245,204,0,190,237,73,3,31,74,249,100,21,190,44,237,57,38,129,136,7,31,81,205,104,81},{164,37,91,57,74,6,54,220,134,231,137,75,89,231,0,25,58,164,163,147,148,161,180,28,179,249,62,2,115,152,244,211,216,85,6,253,151,9,221,175},{246,155,198,54,120,156,158,101,165,51,110,206,235,47,87,49,153,92,254,157,111,199,45,77,23,12,219,93,106,11,228,185,105,41,202,43,62,203,245,136},{139,30,130,6,223,5,129,46,113,98,50,224,19,11,40,230,103,238,250,229,166,41,140,20,156,157,252,74,23,101,243,184,167,251,235,119,23,209,21,26},{92,37,222,213,93,197,31,86,46,128,248,222,18,237,151,168,133,76,235,59,96,130,140,158,196,208,188,140,105,5,38,55,30,185,16,31,250,4,65,124},{97,115,2,232,137,32,220,181,243,105,18,79,10,77,217,23,62,243,123,149,187,90,122,142,89,139,93,149,71,122,73,230,45,190,253,134,85,165,176,205},{249,50,101,245,135,103,147,95,130,202,73,208,183,53,211,15,156,17,5,199,247,218,122,51,34,134,223,36,26,47,255,17,52,238,119,240,144,240,145,78},{26,237,58,30,151,77,241,180,4,54,179,109,147,145,43,47,142,206,188,212,53,235,12,52,36,92,48,191,52,191,75,240,175,204,50,76,208,214,98,174},{192,174,227,220,245,179,68,187,173,237,194,141,153,211,63,191,41,222,201,44,152,166,216,238,151,187,112,61,13,122,231,76,168,149,116,95,97,55,78,47},{197,3,26,4,106,73,50,180,165,36,102,4,102,144,244,74,69,129,230,142,44,58,82,161,124,254,73,99,101,53,79,150,234,25,65,115,192,83,23,220},{138,168,27,81,173,207,178,247,222,57,38,81,216,177,14,87,255,96,133,60,32,195,43,135,153,140,164,152,116,218,173,194,189,183,47,75,45,33,77,122},{141,250,85,103,29,43,43,235,224,129,155,133,217,139,203,74,48,100,147,238,253,111,196,183,137,15,43,65,226,2,83,107,238,33,76,121,77,74,143,24},{13,201,144,18,121,95,66,201,12,72,159,222,5,30,144,153,194,11,178,149,128,65,67,160,142,54,12,145,236,103,139,1,203,56,124,178,233,111,212,64},{236,49,49,202,211,183,210,128,116,11,60,36,69,84,23,238,89,113,222,216,137,105,53,62,22,48,27,7,1,249,218,91,255,198,62,59,27,123,241,0},{81,14,139,140,150,126,130,13,103,183,164,53,165,156,17,223,40,10,129,230,174,21,26,14,192,217,241,39,58,40,49,232,221,223,57,220,89,167,82,166},{220,66,205,182,195,181,92,191,35,116,49,114,122,86,223,127,184,76,16,141,81,202,104,147,114,183,46,29,214,173,173,225,79,52,125,229,183,93,167,136},{177,201,0,142,224,164,150,228,236,81,66,41,117,13,126,103,122,65,116,247,217,186,252,103,52,157,80,242,211,152,196,12,29,46,124,157,112,81,53,166},{219,122,165,61,240,201,216,204,33,167,228,73,219,128,123,186,144,232,106,217,219,250,167,79,86,241,28,233,80,142,209,57,92,221,27,119,180,2,129,129},{119,204,178,219,245,90,7,24,1,143,84,129,218,32,72,125,9,117,26,215,139,199,105,175,195,230,32,78,102,116,211,193,200,86,184,135,58,11,170,184},{66,143,161,239,250,96,64,106,188,115,7,202,112,112,58,106,97,171,85,192,127,27,178,212,64,169,53,55,98,124,249,37,171,198,46,61,182,49,202,71},{205,177,63,221,235,10,132,172,67,62,146,142,50,183,38,48,47,124,155,241,149,120,125,62,179,162,184,172,2,139,84,169,224,79,152,122,176,244,29,16},{179,159,165,223,103,120,241,164,217,143,167,1,33,9,66,68,170,147,103,35,86,79,146,201,67,235,54,36,212,51,188,166,77,71,125,42,28,115,138,201},{170,208,103,48,29,114,153,239,160,167,175,247,73,252,205,32,72,25,28,162,148,216,31,79,69,14,43,178,136,10,86,183,34,239,21,176,162,249,150,61},{68,72,66,78,114,131,38,218,231,100,137,195,169,229,214,125,49,61,147,246,193,99,211,226,48,43,206,19,36,166,36,159,251,85,56,113,25,137,251,134},{3,226,133,205,116,62,156,223,149,10,223,72,146,55,142,5,228,162,245,90,219,140,144,33,168,99,43,110,198,215,150,207,80,32,110,4,250,201,181,132},{169,31,178,175,17,89,141,169,87,41,204,221,96,113,48,150,32,222,10,0,182,232,246,123,171,61,86,41,54,23,223,213,117,120,189,51,38,103,221,23},{186,182,21,113,45,7,101,21,18,29,57,182,148,132,52,198,177,223,108,247,224,72,129,179,234,60,229,211,240,158,176,144,19,110,175,60,70,117,87,108},{59,82,158,200,192,174,227,159,55,190,14,35,82,144,29,27,57,126,105,232,236,237,134,21,91,212,185,201,89,185,24,135,31,41,124,243,48,15,211,180},{219,141,255,24,96,208,151,56,118,123,29,109,45,124,220,69,231,236,83,255,215,5,55,43,212,82,35,8,154,83,124,1,141,98,28,175,234,181,153,193},{88,69,83,85,60,120,68,236,236,71,147,90,132,171,234,199,53,167,224,181,186,245,132,138,224,63,179,211,245,91,227,212,154,243,4,195,250,217,86,164},{236,83,99,217,125,137,58,20,226,16,128,163,75,195,3,112,255,174,110,17,120,179,193,237,152,3,138,24,161,229,176,103,212,28,169,176,229,156,84,238},{211,242,164,168,2,1,85,132,61,67,83,153,43,207,208,86,104,219,95,15,68,159,192,161,172,201,86,65,197,41,61,55,234,22,25,158,220,232,105,130},{59,224,45,248,174,13,7,85,247,173,147,19,35,231,81,123,188,120,58,250,167,24,49,36,218,232,162,0,33,106,2,231,134,88,242,124,4,162,174,1},{31,175,173,189,210,242,103,195,50,98,62,178,243,100,172,10,57,99,49,136,201,85,56,193,141,190,72,212,215,224,181,119,165,20,243,31,117,86,29,249},{122,99,143,54,155,222,53,125,94,128,249,39,186,204,94,83,4,248,168,207,47,58,156,236,239,122,174,135,64,110,136,10,115,203,63,89,207,194,6,125},{214,213,30,69,187,97,118,249,71,206,55,158,51,91,249,144,132,64,251,47,85,146,220,254,58,24,86,0,211,89,58,4,49,57,115,49,177,35,247,25},{137,75,145,207,77,114,236,163,24,189,154,124,98,248,161,18,23,223,60,171,238,87,203,1,41,10,57,114,125,198,98,128,17,174,189,10,55,46,123,16},{112,218,110,49,202,37,117,248,190,0,148,152,76,154,212,37,45,89,33,57,205,87,145,24,2,114,192,175,57,182,193,81,235,112,16,194,84,238,54,74},{54,234,81,156,130,128,247,74,50,222,34,68,234,145,232,24,12,72,47,66,191,204,168,210,152,39,251,15,7,42,208,122,81,136,215,24,153,32,212,222},{27,78,25,249,234,114,214,182,103,66,32,9,228,104,248,191,187,255,241,71,174,65,179,44,224,81,103,90,74,130,39,103,172,106,133,40,30,191,166,0},{137,60,71,224,56,48,183,74,241,208,177,33,102,159,71,102,33,189,8,19,8,163,62,247,170,231,179,168,241,73,177,18,194,170,149,81,198,67,158,116},{124,65,42,125,72,31,192,159,168,42,215,206,211,92,64,35,236,72,125,145,44,254,134,239,175,98,159,217,70,189,82,48,180,66,112,208,201,248,142,189},{73,35,17,149,27,253,66,249,30,221,107,151,84,73,223,206,242,79,35,211,121,109,174,120,170,123,180,1,191,198,60,236,235,223,57,198,76,166,200,222},{140,8,238,164,138,153,206,244,212,238,6,142,126,93,2,135,182,220,76,41,40,241,47,212,243,186,181,146,129,159,31,97,59,116,99,182,138,109,118,71},{4,163,67,250,183,100,161,73,205,249,174,208,209,175,48,210,184,139,26,124,94,66,16,227,83,77,87,11,143,216,119,225,164,241,163,6,25,130,242,35},{130,184,154,145,244,250,240,87,39,85,24,213,169,210,252,109,146,32,34,17,110,168,198,192,24,112,187,140,216,111,167,128,50,14,8,64,17,46,4,186},{72,33,37,254,141,72,171,225,156,88,159,44,163,145,216,125,36,61,250,158,13,224,224,209,119,152,163,8,39,128,58,130,120,64,198,27,146,72,51,226},{17,71,160,84,147,126,21,241,36,25,46,204,42,44,140,112,29,72,227,79,7,137,132,4,108,9,27,19,16,157,134,141,22,203,137,65,101,140,155,65},{25,143,94,89,126,156,230,191,210,29,240,64,105,42,160,177,99,81,224,3,49,169,190,127,126,254,51,11,68,179,247,45,98,46,233,123,209,202,209,121},{80,13,177,106,92,96,103,18,74,83,115,16,25,244,194,3,243,10,142,35,135,83,73,145,118,208,63,98,219,96,17,124,88,175,130,3,116,5,246,48},{217,220,76,139,2,94,197,12,101,211,99,42,66,112,31,168,35,212,190,135,87,108,199,116,52,54,243,243,185,181,255,10,251,172,173,191,67,75,126,254},{202,148,207,155,57,250,154,218,18,196,141,168,60,248,2,22,219,59,3,193,103,178,192,209,16,12,157,125,65,244,56,219,44,171,3,126,3,46,15,189},{171,25,131,209,60,51,237,166,191,5,188,225,100,53,30,38,163,38,243,56,143,59,91,192,210,23,138,105,167,250,23,178,102,246,4,160,9,9,50,15},{2,47,137,138,73,49,117,195,95,106,40,44,168,213,36,180,149,162,129,148,6,99,68,75,26,192,243,7,109,226,245,16,157,30,195,182,169,249,149,232},{233,104,173,106,140,135,41,139,84,81,17,85,6,198,120,4,92,184,166,247,183,229,161,107,233,227,227,89,71,136,134,127,125,152,190,92,195,139,226,104},{191,37,98,227,95,21,138,109,207,246,227,251,45,40,62,32,79,158,175,221,192,183,218,164,54,43,224,118,14,207,55,232,127,16,155,206,154,78,202,217},{28,250,171,107,103,211,146,252,210,52,144,54,199,95,168,85,181,23,128,72,28,117,113,194,50,63,174,55,238,67,144,80,166,4,151,3,51,212,41,36},{141,213,56,26,51,72,204,69,209,4,81,223,134,48,65,252,211,80,236,119,240,18,189,15,228,125,227,90,216,164,196,55,5,139,144,9,136,126,235,141},{100,138,77,165,10,96,17,117,71,48,148,113,115,186,103,22,206,211,163,140,211,39,225,2,182,155,187,92,14,230,132,68,173,37,200,67,213,71,201,251},{179,76,188,183,65,79,69,64,95,130,75,90,60,115,51,184,231,188,106,253,255,170,30,39,184,116,13,200,21,184,18,244,127,79,141,39,114,16,3,230},{148,15,252,122,152,119,203,84,146,47,240,135,171,131,240,230,153,95,80,93,20,76,87,45,166,216,213,252,247,223,165,252,235,23,93,22,57,55,89,251},{29,242,202,215,1,146,112,216,11,9,24,192,129,102,86,55,117,220,223,219,118,113,104,24,197,92,86,83,89,50,68,250,157,46,86,211,80,141,76,226},{212,166,247,13,32,209,70,198,5,235,118,72,78,123,48,249,135,183,23,115,37,13,204,23,131,65,140,59,106,22,57,191,126,243,120,214,20,104,212,250},{84,96,221,121,223,223,150,125,63,89,184,209,113,123,114,205,198,17,60,79,144,139,183,205,254,50,60,133,176,254,59,50,119,102,70,171,31,246,48,21},{69,110,124,107,211,84,241,201,50,228,81,244,224,230,31,28,68,183,170,136,31,228,54,244,37,101,9,210,244,166,200,189,55,249,129,70,225,175,63,208},{142,183,131,163,253,86,137,176,178,14,189,60,194,140,158,201,1,227,100,239,179,215,246,115,82,94,77,145,178,202,166,81,98,139,177,166,45,135,112,60},{197,83,31,105,187,255,90,197,192,121,160,97,102,138,75,49,189,201,41,125,99,140,29,12,119,58,13,237,98,33,24,219,6,142,184,55,103,186,200,98},{12,47,197,184,200,145,29,75,2,198,65,85,134,5,12,238,92,201,109,224,151,120,169,94,61,135,128,180,57,179,158,46,50,185,49,45,106,29,210,88},{41,178,243,78,137,89,91,143,185,56,250,213,37,148,32,204,237,182,222,22,177,4,102,240,247,175,139,224,122,231,54,189,149,199,40,100,220,80,115,165},{79,159,244,163,77,173,21,186,207,80,44,20,22,7,137,182,121,209,184,39,147,22,99,50,31,222,79,78,174,22,186,23,173,110,35,222,200,51,203,147},{115,231,80,168,90,78,204,58,103,247,72,37,14,169,50,22,54,31,58,144,70,216,209,32,44,60,7,160,164,58,16,145,185,30,195,184,92,44,56,232},{16,213,249,215,221,110,56,102,180,19,170,114,175,50,122,5,114,204,198,214,55,130,30,128,43,92,169,134,61,229,75,216,62,243,243,55,182,100,212,224},{118,127,122,25,51,79,194,81,49,34,124,122,240,164,120,40,19,150,43,239,177,240,205,12,44,197,42,250,217,161,127,49,3,67,146,107,114,198,23,200},{96,124,217,35,142,195,95,208,90,49,142,114,152,107,49,92,195,240,96,218,157,90,226,248,205,10,226,234,17,141,101,180,166,138,252,214,137,13,115,243},{227,91,115,85,76,217,117,53,191,104,78,216,47,244,77,118,251,107,9,157,129,68,156,67,226,134,223,174,217,122,52,143,205,26,1,156,118,74,233,37},{120,132,94,204,81,19,29,51,55,4,18,53,32,50,191,20,39,177,8,104,8,236,194,1,230,112,41,231,248,254,110,162,247,80,21,107,126,45,53,196},{204,211,151,134,203,115,240,134,244,140,64,27,26,114,19,158,150,174,136,25,80,201,128,131,45,106,142,234,205,245,185,55,204,1,76,61,168,208,235,119},{148,129,214,67,112,127,164,106,138,66,210,48,201,69,198,229,94,74,181,44,165,210,244,131,158,245,95,177,193,119,214,228,19,164,50,255,157,47,23,251},{106,238,74,192,157,101,110,79,244,155,201,209,78,176,231,207,227,183,162,55,188,245,24,190,86,130,104,121,213,71,162,183,197,167,93,203,81,49,224,101},{67,228,23,109,23,215,252,1,209,164,255,130,125,71,150,88,210,75,251,13,159,198,216,130,187,215,249,219,104,17,235,203,88,89,121,115,43,62,118,11},{24,215,188,160,89,84,131,185,68,195,246,30,180,22,211,78,77,143,4,31,205,165,201,255,129,206,107,221,127,216,75,4,218,73,211,66,197,121,156,56},{245,53,201,20,189,48,106,171,183,181,107,227,193,69,236,133,75,211,63,41,170,140,77,230,2,212,243,129,33,130,65,180,64,186,215,15,147,232,67,94},{93,40,207,153,37,13,96,143,17,44,20,64,22,236,44,97,130,100,86,190,5,199,64,118,250,101,168,95,227,235,175,255,255,147,249,188,131,149,192,25},{123,217,56,220,4,88,222,141,178,198,32,171,58,157,130,106,239,54,160,130,92,243,146,88,62,211,213,107,81,92,127,30,51,126,240,40,12,77,106,143},{72,112,21,158,94,185,227,153,131,0,208,249,79,22,10,92,162,12,103,96,251,74,153,223,162,167,200,206,13,201,225,159,175,159,54,10,241,243,170,94},{11,102,8,243,215,239,203,173,66,134,205,35,221,118,29,106,102,12,57,38,92,106,241,125,110,55,128,169,52,240,58,92,134,211,4,32,179,4,221,214},{134,44,253,125,50,121,81,222,196,41,159,113,214,78,210,62,88,58,183,115,185,223,131,147,197,99,191,111,198,85,162,122,43,46,124,228,238,60,68,95},{77,149,95,111,100,2,5,119,177,197,81,108,191,227,52,124,139,91,145,179,247,37,198,230,174,64,24,42,172,17,23,184,50,181,85,212,175,38,132,80},{52,18,250,62,147,77,176,101,22,254,226,129,183,219,176,253,107,12,53,101,61,124,156,59,63,252,176,58,212,107,19,152,38,36,52,167,97,61,27,89},{183,193,102,137,148,180,226,46,119,154,222,43,33,80,53,253,234,126,181,31,11,166,119,235,213,204,194,33,224,63,76,245,130,221,224,158,145,96,230,119},{221,196,159,226,16,188,114,166,37,252,40,55,86,254,209,59,12,28,83,74,197,219,82,210,249,101,167,56,226,42,71,89,212,167,128,69,175,170,132,85},{85,187,247,77,45,132,224,228,127,157,0,26,228,222,40,239,30,107,190,39,97,241,104,107,252,227,175,47,175,50,21,211,93,223,211,222,150,130,220,22},{149,226,75,151,77,48,118,133,170,190,167,221,197,242,113,20,249,236,165,197,166,153,144,106,110,19,51,220,38,240,223,16,62,181,184,47,169,193,147,104},{25,8,211,212,101,105,135,13,233,120,129,31,110,243,246,220,231,86,200,169,41,147,118,83,153,71,68,236,131,207,194,248,65,177,75,39,101,43,195,32},{94,96,244,43,237,238,180,44,113,128,160,225,163,2,141,242,223,50,184,157,122,103,35,128,32,30,92,169,233,91,65,4,203,196,20,155,150,71,234,156},{172,188,88,69,52,208,137,123,94,248,88,210,200,70,160,243,75,163,229,129,149,132,218,213,72,26,75,68,187,208,21,117,239,147,184,13,75,112,235,124},{135,77,216,27,140,130,86,161,38,169,99,15,27,6,212,74,69,251,182,208,3,64,48,208,236,217,131,164,15,151,113,49,155,66,231,111,75,241,219,5},{160,26,186,127,229,220,158,249,152,204,100,206,246,127,141,183,210,155,30,235,30,10,215,122,80,221,9,88,191,10,157,56,123,251,11,21,88,201,62,210},{206,102,134,184,209,100,219,47,116,210,93,234,159,217,100,70,137,183,131,5,128,127,167,47,162,40,191,207,101,4,16,98,1,50,1,169,28,109,252,224},{127,108,255,150,89,51,115,87,130,62,43,232,54,116,48,64,197,54,57,100,238,173,253,125,163,12,49,195,85,104,10,113,201,29,74,178,124,23,146,221},{83,84,32,3,73,72,106,225,19,102,54,241,228,248,12,166,88,130,23,80,145,22,206,48,11,49,96,5,23,98,248,173,194,95,52,212,26,126,150,66},{73,3,129,210,61,75,216,250,244,33,207,220,103,113,202,29,221,53,255,65,235,32,213,138,189,158,192,18,102,212,50,245,30,19,220,166,58,43,186,246},{255,64,96,164,108,23,108,111,59,177,193,253,213,207,19,174,169,15,32,13,233,128,172,10,30,44,100,21,181,37,9,44,228,226,74,14,108,48,19,240},{170,122,54,40,136,70,49,100,215,122,230,69,82,89,43,172,71,125,51,15,0,107,97,14,212,98,231,224,245,27,255,207,37,109,241,199,182,55,241,208},{20,55,76,128,70,34,15,120,56,24,88,208,115,124,183,150,74,107,78,165,202,224,63,84,32,83,101,210,166,48,187,128,42,128,37,8,85,19,123,228},{51,94,68,25,242,76,47,169,241,184,118,249,26,67,108,196,83,137,180,218,27,220,119,39,68,183,71,152,43,147,83,89,50,207,148,30,100,235,67,27},{93,84,68,145,138,11,91,73,148,204,108,7,44,215,156,17,96,205,198,247,246,129,244,12,250,217,193,207,168,207,99,102,237,60,92,84,36,103,27,103},{41,121,146,212,101,139,149,207,3,8,135,38,35,53,116,185,141,49,114,246,83,118,9,72,159,253,51,32,8,49,193,254,112,114,153,123,18,72,47,123},{117,230,109,39,20,174,244,167,178,141,198,103,111,184,127,188,98,41,67,236,84,115,229,118,171,39,187,82,217,128,226,158,2,221,235,152,98,241,141,91},{139,210,25,45,60,133,150,53,148,83,210,88,226,95,146,113,73,68,103,75,222,43,154,240,112,125,147,47,19,245,166,187,165,58,237,106,7,150,117,212},{233,148,206,77,223,252,3,37,108,111,210,55,247,104,31,229,40,171,228,30,154,204,115,78,251,152,73,17,78,103,13,66,22,212,3,9,28,2,232,57},{105,33,210,59,26,69,221,93,92,160,84,69,96,141,233,5,169,4,13,199,4,6,65,206,114,36,22,211,80,124,95,78,85,183,65,119,56,60,246,68},{22,5,53,92,175,118,55,27,41,149,30,238,79,255,76,196,139,243,239,151,40,201,210,188,128,162,106,46,18,186,139,179,190,143,81,41,2,49,89,250},{90,105,221,136,34,196,135,206,137,147,18,15,166,164,135,200,158,24,166,43,29,95,15,134,105,232,131,111,91,229,143,176,146,101,251,85,195,158,63,115},{91,52,73,243,155,173,139,139,231,196,169,247,238,164,13,50,59,130,96,251,221,238,48,15,45,170,81,122,147,212,119,96,245,126,87,74,30,202,188,49},{104,222,46,64,250,215,27,102,81,213,88,135,109,70,218,170,181,201,234,248,241,86,204,231,117,118,100,127,102,224,186,148,165,128,70,191,186,187,210,186},{162,106,105,216,65,217,92,123,92,39,92,142,18,71,170,33,44,64,41,235,135,2,163,90,217,18,131,5,2,224,17,209,18,25,71,184,45,52,169,25},{5,70,162,23,19,203,254,43,132,154,49,162,251,98,51,162,181,49,114,128,219,1,61,206,120,66,35,109,65,234,90,221,46,182,118,158,57,205,79,3},{215,213,141,177,42,187,177,102,69,47,150,240,54,28,223,168,100,144,240,43,240,41,78,87,37,139,86,49,60,222,100,144,93,19,78,136,163,115,142,193},{197,190,38,22,109,91,144,185,132,92,83,44,198,114,210,208,130,180,94,185,44,59,33,206,231,131,222,124,94,196,14,137,178,224,144,160,142,233,132,226},{210,254,196,243,88,250,148,46,58,88,12,217,90,117,188,25,84,189,30,82,61,206,168,45,183,221,62,31,134,221,54,66,175,34,151,173,78,57,134,29},{180,55,232,107,99,218,193,171,87,207,50,49,11,46,80,29,220,182,99,23,201,19,191,28,173,229,190,27,43,213,36,227,158,6,71,231,186,51,170,56},{101,242,150,121,218,83,63,214,127,178,221,165,53,159,34,79,250,57,159,90,162,189,177,63,236,216,111,28,196,81,85,88,106,121,121,27,134,170,157,35},{182,194,250,110,166,81,151,123,201,2,72,123,33,69,215,98,50,168,148,36,137,128,134,236,244,62,210,182,59,236,155,1,72,193,88,75,221,11,228,156},{61,36,110,34,76,14,18,9,191,170,98,111,59,193,93,61,3,6,203,69,241,75,205,173,96,197,74,194,55,39,60,34,132,234,180,126,201,25,135,155},{71,23,196,104,143,89,71,122,237,156,88,118,22,185,181,183,173,3,136,219,69,193,162,160,112,77,198,113,246,162,40,166,122,17,192,52,62,140,163,118},{160,156,188,145,100,166,110,111,106,165,41,69,215,63,72,184,21,89,168,163,207,253,86,113,178,1,45,5,243,3,156,17,204,52,176,21,120,7,237,124},{178,238,91,44,79,178,247,217,245,4,114,213,195,186,231,129,11,66,170,251,69,101,220,182,66,211,200,128,255,169,188,200,83,40,158,93,107,22,235,91},{134,130,182,228,184,172,81,212,185,123,8,211,141,13,247,228,217,117,205,152,67,40,166,118,27,138,119,45,43,167,15,224,110,98,195,255,38,54,84,73},{9,221,119,197,22,67,130,36,201,229,123,194,255,135,177,243,219,188,97,234,172,196,174,224,146,118,107,55,123,110,108,175,254,115,107,241,210,188,207,77},{203,47,125,223,78,204,249,4,19,155,107,203,2,31,180,190,236,169,111,230,216,169,222,25,58,59,213,111,75,242,52,38,206,61,179,200,119,156,172,36},{127,205,72,34,117,157,174,228,127,138,160,55,122,243,126,162,51,56,32,156,213,58,253,85,173,235,235,131,76,226,15,16,159,12,41,145,86,191,65,193},{136,200,123,252,210,130,35,5,151,161,48,118,130,109,102,105,129,168,147,72,94,116,211,110,181,147,249,229,245,8,206,83,179,91,5,112,246,237,87,47},{79,80,180,88,80,89,4,60,232,252,253,31,135,152,121,116,155,106,79,47,158,79,180,249,250,56,91,34,241,35,47,92,184,224,139,239,2,201,134,177},{212,56,18,63,65,193,212,151,108,111,190,86,171,44,116,99,227,24,226,250,132,138,203,100,227,247,89,171,85,216,60,68,88,247,110,95,31,118,117,215},{222,66,155,184,50,188,102,114,100,9,167,184,210,48,21,140,254,198,6,146,72,168,208,71,255,175,105,53,154,205,200,177,157,118,204,139,54,39,48,196},{30,122,165,83,168,184,210,122,56,243,94,102,117,182,37,66,43,238,67,141,88,171,80,230,191,188,185,201,239,154,252,62,193,110,151,101,78,221,34,193},{90,40,18,9,132,120,233,122,88,26,27,214,232,223,241,108,210,46,179,154,234,99,107,15,250,209,207,230,255,16,46,224,61,187,237,30,212,14,121,174},{101,1,18,91,11,155,80,17,79,56,124,67,50,225,56,186,149,150,17,161,106,246,135,209,158,112,28,108,25,174,185,145,13,178,104,253,58,77,21,23},{111,6,2,79,44,88,188,249,90,150,248,126,124,90,47,142,231,93,213,153,212,220,168,54,67,77,245,65,103,75,93,142,209,24,96,129,59,249,7,3},{145,124,27,156,215,109,138,139,236,168,195,63,158,208,143,42,247,120,155,127,13,181,88,232,144,240,101,184,101,245,57,204,220,49,166,211,225,169,55,92},{202,196,126,167,105,209,62,12,174,221,119,180,248,158,15,57,225,99,185,169,192,207,42,36,155,92,121,149,176,158,155,197,204,144,128,98,183,224,186,7},{181,32,217,33,223,186,29,86,132,42,158,200,133,7,160,134,174,124,139,45,196,139,48,144,62,127,51,170,213,168,75,222,66,230,5,181,0,118,137,49},{221,19,232,214,73,199,31,38,154,232,133,23,182,85,85,144,239,189,146,237,19,187,181,7,229,100,161,88,249,0,20,200,164,40,135,250,30,161,225,3},{79,60,230,49,164,54,191,83,40,171,66,187,5,202,196,212,77,116,201,235,78,51,101,179,115,151,66,162,255,177,182,98,14,230,99,56,158,236,187,0},{111,254,110,241,21,128,68,170,64,189,97,198,202,233,85,247,141,103,90,122,225,143,53,105,72,205,122,160,35,199,239,141,147,91,173,82,63,35,20,236},{128,157,9,24,101,15,78,138,188,127,57,160,184,154,249,231,205,203,159,216,67,122,182,8,219,56,126,210,175,208,243,59,246,22,10,254,109,85,243,4},{184,26,159,122,68,101,136,185,190,150,220,221,37,44,64,167,77,73,206,246,26,213,253,166,73,194,204,247,253,68,56,157,195,21,155,213,42,68,36,83},{29,47,23,206,203,71,146,46,152,154,162,218,124,131,210,155,82,68,186,18,20,38,18,204,140,185,236,139,137,103,22,184,102,51,245,156,85,92,205,192},{184,136,41,122,106,146,131,187,169,27,58,161,211,86,198,197,43,46,222,176,111,128,189,72,40,146,222,243,201,103,205,220,131,235,150,0,234,1,27,241},{187,139,194,52,185,134,181,203,19,142,171,103,30,66,16,226,244,218,152,237,118,24,9,21,175,72,66,116,32,111,95,114,227,182,110,143,151,40,19,143},{165,177,100,224,250,190,247,155,66,136,172,14,118,131,63,80,79,13,234,206,201,163,60,80,157,247,32,194,80,104,204,135,134,221,121,52,92,196,39,179},{226,72,200,200,93,160,215,47,91,45,113,231,172,50,3,58,58,83,153,176,210,191,249,106,160,220,64,67,33,249,98,133,82,4,203,105,185,128,178,114},{46,13,192,221,141,47,252,218,224,95,169,172,12,163,85,16,180,108,4,20,71,241,178,93,102,57,4,172,19,209,214,50,81,24,56,13,232,213,151,249},{116,157,0,211,102,128,182,195,134,99,106,160,52,152,15,202,218,144,51,212,83,200,237,11,199,41,73,48,81,214,48,225,251,224,154,20,122,131,208,52},{66,241,157,93,18,197,4,119,158,58,12,104,17,219,219,213,129,15,220,225,254,77,197,126,204,227,226,53,110,165,224,37,187,17,44,179,84,113,155,141},{216,25,44,139,148,28,241,241,191,66,57,190,205,248,117,81,74,243,147,84,166,91,195,196,148,148,127,43,32,227,75,38,240,100,180,108,0,166,212,213},{85,95,189,128,68,4,120,98,61,176,7,134,116,223,14,165,98,223,230,49,102,93,74,30,234,28,237,219,79,109,7,144,79,212,45,115,106,164,239,119},{46,136,85,157,219,119,255,125,72,146,137,210,128,250,227,215,1,89,210,245,170,211,134,39,113,116,114,146,6,70,11,160,139,26,167,57,121,103,94,106},{58,195,169,186,15,118,64,94,15,128,251,149,5,240,64,13,121,222,11,114,115,72,150,85,202,180,195,75,78,203,114,207,255,45,34,209,204,201,3,245},{89,242,28,87,45,128,26,94,245,124,79,224,186,83,201,93,199,131,244,212,157,210,89,33,207,142,161,166,173,150,2,90,63,29,138,100,83,139,92,80},{139,126,93,173,198,82,252,107,62,207,26,43,174,254,124,196,31,63,2,171,140,59,89,40,145,3,214,132,54,84,133,14,240,147,43,113,25,111,79,92},{98,85,193,160,208,126,2,43,238,127,213,129,26,171,91,153,80,90,44,172,200,203,150,242,132,79,21,80,133,220,131,144,35,58,180,35,27,4,143,238},{103,78,39,66,100,92,208,64,145,105,50,3,172,46,12,210,100,250,113,66,202,91,231,193,68,33,23,200,103,33,228,125,215,198,74,234,141,241,105,237},{177,106,197,183,98,132,119,240,16,110,220,137,62,233,170,162,230,198,61,73,252,77,195,242,102,118,70,162,75,55,250,157,133,162,118,183,106,57,207,92},{109,64,253,166,241,222,166,121,156,173,28,129,21,216,65,73,222,254,230,136,62,195,11,33,222,50,10,35,149,167,27,4,161,164,70,239,30,98,52,217},{57,50,197,124,172,165,199,154,157,254,10,231,224,6,189,217,222,157,241,105,152,53,141,200,47,254,80,138,156,21,181,49,166,246,150,236,157,65,248,233},{226,185,228,197,240,79,169,102,44,184,31,147,100,61,64,161,163,74,229,124,203,48,126,29,197,74,72,150,254,211,16,181,198,91,122,22,221,224,179,250},{100,26,207,150,91,66,122,46,160,51,77,113,223,82,46,145,233,33,91,240,247,70,109,12,147,74,158,141,57,24,28,2,190,196,80,40,19,7,205,36},{144,240,103,107,19,183,113,31,106,203,108,137,181,235,196,228,15,12,30,203,117,219,89,90,101,215,24,91,151,4,177,174,233,68,191,153,234,186,166,134},{125,110,20,141,110,102,175,118,227,186,52,157,169,214,185,106,49,220,51,253,22,31,68,57,41,240,240,208,213,12,51,230,74,145,202,215,205,12,173,135},{10,234,215,116,91,138,29,183,90,254,181,14,144,240,121,236,60,24,177,129,29,223,14,61,24,78,135,149,121,167,210,132,188,216,36,41,163,203,24,56},{254,231,221,31,254,200,44,26,244,178,182,242,230,33,38,96,59,214,156,134,71,102,99,159,0,149,203,151,220,236,52,90,95,203,48,142,64,83,38,164},{214,157,54,140,79,3,240,109,139,255,133,27,182,131,244,211,156,254,165,133,174,204,93,34,160,222,79,113,235,252,117,210,215,107,94,167,137,101,195,173},{65,92,44,31,131,113,201,197,125,210,138,237,221,6,48,107,13,162,102,126,15,146,115,98,190,198,111,130,100,228,136,143,218,233,90,131,191,18,59,76},{197,216,214,215,65,241,243,176,144,219,66,205,150,157,166,166,21,64,255,104,84,65,163,212,42,92,219,80,55,53,106,208,147,14,146,242,139,220,58,207},{58,217,120,214,168,91,94,239,133,30,78,203,194,72,2,120,99,226,70,107,48,153,197,136,22,180,46,36,246,238,73,68,132,8,208,228,227,245,123,156},{226,84,216,215,201,168,21,31,53,167,64,22,121,230,240,78,71,134,192,119,222,93,53,228,248,14,228,222,235,167,8,221,77,252,170,80,157,139,185,15},{60,225,243,74,73,224,48,143,56,143,173,51,210,89,25,66,36,26,147,47,154,41,42,154,186,66,144,62,8,170,118,175,198,155,202,9,29,245,47,251},{76,19,12,208,120,165,235,60,132,214,164,195,178,16,69,121,84,139,180,174,82,177,140,244,172,177,40,104,137,56,82,82,32,172,194,166,37,185,157,205},{135,3,183,252,213,107,57,53,21,11,200,44,225,139,239,154,104,104,142,206,100,153,72,240,176,110,212,193,57,71,195,23,182,68,170,88,191,1,41,147},{218,61,212,201,80,23,87,131,190,99,94,103,123,68,101,47,209,206,142,94,39,209,146,151,101,26,104,32,30,214,209,148,91,205,252,206,4,237,50,242},{64,55,200,162,1,217,43,233,150,207,23,188,112,191,163,6,140,22,206,154,81,67,41,160,101,241,5,177,95,79,127,144,78,177,100,194,54,171,54,101},{43,95,251,125,149,183,173,35,243,157,197,34,34,246,108,239,176,93,211,148,197,174,236,100,177,77,145,228,172,245,172,48,36,82,104,108,129,187,126,249},{51,68,118,15,163,230,1,53,63,213,115,91,46,157,156,83,38,196,243,223,168,73,212,148,79,141,181,38,142,218,151,216,191,135,17,5,85,133,26,177},{110,55,174,63,175,220,166,142,249,192,188,68,15,114,191,245,197,108,186,51,41,39,49,50,109,245,219,160,36,45,149,227,78,73,70,88,35,38,155,104},{148,158,129,75,98,93,108,77,96,209,86,87,224,175,106,84,59,59,91,222,193,64,44,236,44,179,172,156,149,59,218,61,57,24,50,80,174,163,205,241},{85,6,10,129,21,31,249,134,48,208,128,194,15,201,12,212,116,5,223,23,73,49,45,103,95,217,41,134,7,199,32,236,128,135,106,171,99,182,164,6},{45,111,125,155,22,1,211,181,231,208,104,146,152,48,172,195,194,245,216,239,117,190,223,197,55,138,44,74,52,174,253,197,225,79,83,109,51,146,180,196},{163,118,128,189,68,215,222,47,120,52,137,124,238,244,250,83,23,9,198,23,53,192,76,85,106,197,209,188,212,54,12,13,20,148,31,207,162,97,223,115},{216,105,66,214,98,183,223,159,23,135,4,234,187,196,33,15,61,122,152,168,216,92,160,171,244,243,21,240,132,65,28,7,40,55,123,247,206,172,69,211},{239,132,54,194,15,86,194,243,129,83,208,142,192,94,158,138,167,80,112,103,89,207,52,222,235,194,2,204,44,78,201,242,71,9,161,150,20,44,192,106},{27,190,63,186,198,30,216,247,205,99,68,108,229,205,127,11,126,208,57,154,153,25,235,139,187,154,252,105,27,200,191,247,178,19,125,144,216,60,191,140},{203,151,139,77,144,108,203,57,149,169,6,98,91,178,231,9,69,155,201,230,154,209,14,161,125,160,144,136,13,189,207,95,30,178,49,183,198,91,121,235},{156,246,39,187,127,153,26,139,181,249,151,3,61,23,249,111,210,178,121,200,118,231,231,226,24,45,73,30,227,204,69,160,132,239,217,132,24,159,111,162},{45,166,106,10,199,187,239,0,250,137,95,178,1,208,180,206,242,183,120,250,51,43,193,253,129,7,23,113,85,115,215,103,88,88,205,195,179,27,97,60},{111,181,5,105,174,61,51,104,131,111,69,10,195,242,154,111,130,89,253,107,170,151,184,110,134,217,158,56,4,10,58,139,87,22,247,205,98,211,230,137},{14,101,190,14,231,30,38,80,40,51,113,17,242,180,114,177,120,208,44,93,83,0,68,86,160,37,210,225,98,178,223,162,30,99,106,227,221,116,84,241},{66,142,232,230,164,156,252,215,199,44,252,120,211,4,243,105,199,184,208,142,84,254,72,40,228,3,80,86,142,48,122,195,57,230,23,250,87,251,213,15},{57,153,47,17,44,232,155,255,137,75,19,241,75,154,198,4,78,255,95,166,238,8,72,217,130,143,69,110,110,66,76,44,143,54,41,75,12,128,53,177},{53,210,29,95,69,150,35,93,235,66,91,248,153,173,196,175,177,254,56,29,233,143,205,100,94,193,213,225,38,177,217,40,68,134,244,187,247,114,120,203},{205,213,86,184,159,169,84,157,171,144,133,249,171,56,28,225,34,88,10,193,108,105,204,160,171,140,212,151,15,142,99,246,221,62,195,137,165,224,244,248},{44,215,147,52,65,143,34,141,21,62,164,170,5,158,95,248,193,167,58,234,224,8,209,23,21,50,32,209,15,169,111,182,207,79,149,146,167,5,129,15},{161,68,139,49,248,23,80,78,99,183,158,231,249,175,69,91,51,7,100,58,206,110,129,243,216,8,46,217,73,128,164,117,15,130,159,143,95,231,15,193},{72,115,244,32,112,220,208,190,243,36,162,158,61,210,254,125,166,210,103,25,111,27,237,210,36,192,69,56,224,98,33,199,189,253,138,30,25,91,98,64},{137,117,20,186,187,7,229,140,135,113,62,176,56,85,219,60,2,214,101,154,115,41,71,47,188,231,139,94,148,97,171,108,187,209,215,216,147,143,17,157},{9,225,118,118,34,132,155,22,164,225,7,52,80,221,50,149,6,237,6,232,46,75,4,65,126,40,91,216,44,248,4,89,56,237,71,218,142,201,139,220},{252,231,244,161,51,118,198,87,159,86,212,242,204,6,126,206,53,120,246,222,31,159,249,27,208,79,242,254,39,143,236,141,70,135,125,206,59,115,9,203},{147,0,53,55,148,240,14,90,239,118,167,148,51,135,248,195,2,191,13,91,109,78,184,30,61,94,248,166,125,141,79,88,240,225,17,223,223,112,170,245},{175,152,2,119,238,30,240,170,201,197,219,199,182,187,7,169,48,208,142,138,244,180,53,180,85,46,98,129,171,181,255,107,164,22,131,75,162,232,42,65},{194,29,25,46,2,63,236,41,120,136,109,73,166,103,172,223,159,119,125,72,36,2,85,41,20,213,129,129,222,68,100,101,111,193,240,16,142,185,18,66},{137,247,217,194,196,113,113,49,17,136,29,42,75,192,16,76,198,47,251,136,66,99,175,200,166,200,138,204,29,98,222,217,181,140,25,200,80,11,191,105},{181,253,189,202,147,89,17,201,122,76,66,53,138,75,125,37,70,143,157,184,9,189,216,219,130,128,60,100,28,130,24,226,71,101,88,134,236,47,208,208},{255,229,78,97,113,247,93,204,134,182,194,141,144,27,118,162,74,216,142,174,4,151,235,165,127,190,221,243,2,82,174,197,155,191,135,12,35,73,227,109},{9,142,167,106,47,164,45,235,192,35,90,71,216,250,169,199,15,2,119,85,61,76,113,113,216,199,183,143,138,25,203,136,203,78,187,106,72,71,50,221},{35,170,187,117,117,13,139,214,203,229,158,251,110,244,110,231,206,101,31,248,140,154,86,7,251,161,219,55,107,148,14,221,168,9,186,184,23,135,163,110},{42,210,193,13,56,231,235,137,55,175,6,122,67,16,149,184,43,223,123,253,233,129,63,86,103,146,100,99,139,28,143,85,137,170,56,251,76,27,8,223},{187,194,237,87,8,165,180,232,56,59,218,209,90,162,70,6,208,149,58,20,69,227,201,135,220,218,220,15,57,38,52,0,237,42,234,148,212,223,9,183},{224,116,87,39,243,91,219,189,38,240,165,200,229,218,14,87,192,123,130,95,211,66,8,103,102,108,47,160,164,127,91,128,190,76,97,71,228,165,2,34},{130,61,20,167,232,255,248,47,107,23,152,19,132,205,95,228,11,175,176,114,95,130,192,49,228,239,253,88,155,142,91,122,207,213,37,25,19,131,104,204},{121,12,80,42,79,251,180,50,154,76,105,95,79,23,126,211,246,195,164,189,141,166,186,242,64,94,99,201,82,79,143,235,25,231,46,157,103,15,102,143},{180,59,130,82,31,221,113,167,195,190,139,142,149,83,89,155,221,191,45,41,26,195,218,117,44,228,156,83,233,180,18,0,15,18,144,19,128,49,62,207},{165,56,159,160,230,253,139,152,25,149,105,60,38,146,217,102,19,223,143,147,7,46,85,51,114,233,167,109,39,34,146,12,148,156,53,141,192,59,105,27},{101,246,188,0,173,42,230,63,231,80,99,207,86,94,253,117,187,186,147,220,169,122,64,117,28,204,59,56,10,222,224,235,3,193,30,23,28,164,97,84},{47,170,186,149,129,120,121,63,132,159,120,154,204,56,110,228,69,31,238,141,142,208,200,15,78,178,20,243,111,177,157,140,254,111,48,80,224,242,173,74},{85,164,77,160,149,185,141,37,60,246,79,245,107,161,4,88,233,251,141,144,140,39,18,181,156,135,44,58,190,71,232,84,247,58,26,43,237,14,222,25},{106,171,151,2,39,235,232,14,116,96,133,49,98,208,62,35,243,111,158,153,110,73,76,2,41,90,0,45,194,89,14,41,150,173,36,91,156,129,74,26},{31,38,123,194,110,114,72,10,180,218,131,218,36,151,91,64,138,211,99,81,236,99,197,227,114,22,249,92,218,123,85,14,25,250,130,248,252,91,255,202},{82,233,128,117,102,136,158,236,89,215,226,232,205,37,222,22,246,234,220,122,5,86,61,252,210,102,159,107,198,229,107,79,142,185,83,24,229,40,133,38},{144,215,148,227,50,31,158,93,81,17,38,230,11,117,129,13,16,253,178,33,75,159,143,68,183,247,6,197,156,71,123,156,219,183,126,248,12,146,144,6},{4,7,135,164,187,15,192,186,120,184,23,159,55,176,141,164,72,125,129,137,75,200,120,18,235,1,122,186,107,166,136,9,249,30,38,126,89,91,177,236},{96,220,127,19,112,1,78,25,109,179,156,178,195,213,1,190,180,241,206,83,153,112,227,18,6,46,75,115,98,99,99,59,43,206,178,209,14,16,192,237},{38,197,33,143,12,118,15,150,44,158,122,187,147,199,91,253,56,68,167,36,223,202,146,64,132,53,174,132,175,188,185,147,151,218,223,221,150,57,147,180},{8,219,108,238,51,151,226,116,68,157,85,15,89,86,113,46,52,235,173,136,165,70,151,68,85,77,255,52,98,113,47,28,53,100,171,71,255,185,55,16},{91,27,248,236,243,239,74,101,198,133,252,28,148,77,54,243,251,169,102,150,126,143,72,55,88,177,176,142,89,77,219,242,243,88,25,94,194,187,72,197},{131,18,20,211,121,250,43,103,165,233,181,144,3,199,253,227,232,60,67,44,179,236,50,100,1,95,106,88,56,241,229,205,143,204,241,125,239,6,227,54},{174,253,87,17,199,211,227,213,141,179,171,77,200,191,71,136,90,38,222,159,136,47,164,134,99,181,207,152,138,236,139,239,135,207,83,205,247,239,78,101},{20,210,220,139,37,111,15,42,191,86,20,182,111,40,90,220,83,22,86,152,146,150,135,35,245,219,203,178,83,152,154,221,133,59,75,133,206,253,128,138},{127,157,117,118,149,225,77,131,98,174,54,202,171,189,11,251,111,21,165,128,70,136,243,47,145,60,232,232,224,217,35,203,152,169,212,164,223,62,28,46},{134,29,171,46,181,97,174,107,199,12,76,1,4,67,119,35,64,204,70,59,116,189,86,4,33,91,87,246,251,6,177,179,4,119,132,109,65,235,84,204},{239,235,180,209,49,169,10,208,196,190,198,212,67,150,40,239,38,46,187,211,4,156,173,235,88,251,198,85,172,160,50,129,224,191,153,40,89,63,220,138},{112,127,215,73,63,238,215,44,212,166,164,89,164,147,150,41,4,213,16,134,121,125,151,214,208,166,203,243,173,108,117,184,222,83,164,17,123,13,148,128},{245,37,197,123,135,58,142,170,130,52,232,37,23,61,151,109,2,28,68,148,20,153,106,31,141,163,221,93,15,162,101,245,115,30,80,171,8,213,124,65},{127,161,85,190,96,98,196,255,81,87,155,185,211,149,27,91,147,218,94,240,69,119,195,232,197,198,125,228,27,44,5,46,54,45,90,245,140,100,154,182},{194,82,77,82,119,59,93,217,141,121,159,126,59,188,73,41,113,40,168,19,193,134,199,19,26,5,233,253,112,45,73,154,33,59,29,64,236,158,7,177},{148,20,168,59,91,102,148,227,79,195,128,13,201,194,142,122,37,127,98,112,65,29,93,41,194,219,188,59,163,205,237,97,5,207,165,182,53,239,194,180},{219,92,202,224,89,98,241,111,170,7,254,133,93,123,28,77,98,70,115,5,229,114,109,179,249,60,156,179,23,67,190,92,62,92,15,175,60,231,69,81},{165,205,69,248,159,3,222,135,21,137,196,19,44,131,67,146,101,52,107,230,139,72,10,184,245,216,111,10,157,146,21,250,96,94,241,252,37,33,7,132},{247,160,213,245,110,245,248,178,120,234,192,185,140,25,66,237,69,57,236,156,217,252,181,149,100,92,176,118,136,13,250,165,15,38,55,61,18,140,214,193},{203,193,223,176,121,18,164,244,80,61,219,214,99,58,63,48,29,247,213,84,215,91,213,162,114,69,212,86,212,206,84,53,118,204,149,221,183,184,79,207},{102,231,247,163,78,176,71,61,5,20,187,255,148,231,7,28,92,175,163,86,154,101,142,186,179,189,238,171,37,113,0,41,30,238,15,104,124,63,118,5},{196,150,163,148,186,77,210,115,207,246,126,209,188,250,46,166,59,127,106,215,204,164,76,28,243,210,62,246,235,168,81,232,76,17,84,157,172,83,5,94},{239,44,193,55,68,68,93,236,62,182,118,7,6,147,179,165,30,107,110,111,200,253,117,84,216,49,3,16,198,24,49,190,42,59,202,6,78,148,189,74},{133,135,211,241,33,97,148,231,44,131,49,219,254,89,51,22,73,117,135,10,180,124,22,165,202,130,230,240,219,165,143,214,4,200,249,5,80,26,150,218},{204,212,149,81,96,28,220,102,11,135,46,132,131,60,179,62,161,148,5,193,76,120,3,90,207,102,233,158,146,36,122,119,61,216,124,36,9,170,232,52},{167,35,94,9,31,142,74,62,173,240,189,156,229,245,64,54,207,149,78,223,203,203,188,166,172,192,251,31,159,19,227,112,194,134,141,79,83,29,240,115},{56,254,125,60,205,48,153,101,206,109,174,50,56,119,100,73,30,106,250,254,15,44,186,126,198,110,73,220,163,166,44,236,66,40,216,199,237,165,46,177},{127,194,241,66,240,249,173,205,48,32,26,231,84,235,42,230,61,81,110,208,44,89,217,5,93,135,64,161,35,45,167,57,221,37,204,155,176,213,189,85},{127,48,232,73,50,187,152,126,18,179,31,93,146,143,50,81,19,170,211,58,13,74,252,223,172,113,163,54,61,127,149,46,151,3,47,123,189,151,58,142},{31,38,24,128,14,147,78,149,224,211,153,78,76,72,248,166,28,21,79,74,216,12,180,236,226,74,86,168,248,139,95,152,4,55,49,15,106,94,196,198},{43,255,106,188,168,107,228,0,20,122,103,114,90,111,56,227,66,89,132,245,222,177,18,129,25,75,240,110,67,59,0,226,79,241,63,14,88,25,92,174},{225,57,145,134,184,248,255,111,138,175,58,107,85,151,136,73,127,70,19,177,17,47,63,249,32,231,133,35,220,40,237,197,14,220,27,212,209,156,87,186},{243,231,143,57,202,99,213,101,221,171,109,5,215,224,76,100,196,67,219,177,102,105,211,40,111,125,188,250,204,178,94,114,96,106,97,90,227,160,31,152},{148,172,156,147,197,35,124,219,141,54,172,64,145,163,167,45,40,4,50,239,29,73,226,196,164,191,33,31,102,17,116,117,134,156,153,137,44,240,85,116},{26,5,202,6,152,183,226,224,231,200,224,116,18,128,84,163,76,203,4,25,91,96,175,225,87,164,150,240,6,246,96,24,108,216,8,153,40,81,68,154},{223,192,12,128,223,228,114,83,26,233,249,246,137,149,176,236,104,62,129,251,22,60,160,157,241,27,4,23,76,65,123,128,237,45,112,64,118,217,165,136},{68,198,149,64,62,236,146,2,133,113,81,149,22,252,230,75,143,68,68,18,151,53,23,170,210,228,20,194,168,153,173,51,126,175,61,62,62,122,110,143},{56,11,15,165,88,237,160,122,77,144,34,117,92,70,139,195,135,138,11,0,203,88,198,166,90,67,116,111,97,71,113,224,139,242,101,7,233,116,233,84},{183,37,216,41,81,197,248,132,10,46,162,68,202,31,244,37,166,252,92,243,109,239,36,4,126,182,59,96,238,7,14,159,82,141,253,212,146,57,89,55},{96,28,171,108,231,255,67,63,207,239,198,129,38,215,225,222,96,135,153,191,251,129,89,175,152,226,40,9,102,81,243,240,130,189,183,67,79,18,37,91},{67,8,229,251,163,58,108,136,38,111,183,82,49,64,40,200,76,24,24,74,227,112,25,216,160,142,243,252,2,41,108,103,170,45,151,68,124,144,59,10},{63,139,151,98,178,196,49,3,187,191,70,83,66,88,83,135,11,5,157,60,25,214,151,185,101,41,67,133,84,156,250,121,15,73,57,184,82,173,118,111},{60,184,179,176,86,207,98,114,213,243,135,222,124,252,31,135,227,35,145,243,159,225,153,191,155,239,58,222,66,72,217,211,131,48,39,87,184,193,196,99},{120,24,118,118,14,24,75,130,225,48,138,149,109,123,186,36,91,232,69,187,175,146,62,80,228,208,177,239,170,129,187,131,70,2,120,53,42,69,223,67},{165,161,19,37,195,2,9,255,0,236,35,228,238,251,163,91,84,96,111,108,72,190,79,221,148,64,74,107,69,151,103,164,168,196,145,247,17,219,174,164},{243,159,204,152,100,33,163,15,220,182,42,100,24,0,241,113,238,70,39,232,175,110,208,113,2,232,213,59,47,10,142,113,231,225,68,42,29,126,165,167},{228,201,107,187,234,161,45,45,123,131,187,29,216,182,61,198,117,145,215,117,194,92,221,62,64,220,154,133,188,16,207,178,20,232,0,107,249,65,49,66},{127,146,182,153,6,140,44,182,132,12,89,117,200,121,140,46,203,55,68,137,239,70,110,205,236,150,114,246,0,145,128,138,246,248,33,41,125,218,83,28},{137,135,69,95,204,240,231,135,73,29,170,123,189,171,253,211,175,108,144,64,232,145,129,36,31,24,151,73,244,79,173,181,165,181,151,61,228,73,228,6},{141,154,177,152,215,97,156,51,33,90,196,188,131,19,94,65,199,21,219,46,50,95,145,77,164,5,131,138,70,250,234,229,223,9,159,119,17,206,20,163},{188,173,76,251,83,83,139,202,44,58,184,248,254,148,241,24,4,9,77,83,252,203,9,170,104,128,187,58,244,221,47,249,14,207,42,254,43,158,196,208},{58,37,153,20,76,2,93,127,207,10,178,99,155,98,83,83,110,231,130,126,105,21,198,249,144,17,163,33,119,251,214,183,195,59,211,120,241,222,216,25},{14,56,153,202,115,76,16,55,101,26,231,65,174,74,110,200,186,190,88,240,28,106,84,140,250,30,201,59,62,74,200,15,236,180,255,56,195,180,186,110},{225,108,87,96,150,227,87,93,13,234,185,161,153,226,99,45,166,78,52,9,157,188,117,14,39,187,155,116,249,59,142,232,254,54,186,54,160,160,100,84},{146,169,151,230,201,215,207,54,20,65,104,217,227,109,7,234,248,136,100,102,99,123,217,161,23,55,188,85,174,84,18,231,126,215,227,247,214,173,107,73},{107,252,78,9,132,182,249,238,231,24,92,43,169,234,159,5,142,142,68,4,172,186,58,8,41,86,4,92,76,178,119,94,125,38,70,129,63,232,24,171},{252,225,2,78,61,36,23,205,177,152,220,112,26,120,206,254,39,38,9,216,18,57,216,91,155,209,14,25,188,79,69,232,55,63,215,197,140,121,131,62},{3,74,15,157,32,155,3,187,143,179,104,3,40,45,250,161,192,16,176,152,106,246,103,158,33,51,120,53,139,165,255,220,197,187,216,144,50,166,59,168},{61,101,81,223,66,17,38,233,238,93,218,176,85,10,176,196,18,49,104,250,54,72,63,96,130,108,40,79,249,206,203,78,234,212,187,23,94,224,224,242},{64,250,141,217,81,67,199,254,241,221,91,1,145,4,100,123,134,45,205,243,247,120,250,250,153,90,7,65,18,216,105,172,89,1,223,20,119,194,177,61},{228,58,129,208,145,223,145,67,17,170,33,246,186,141,210,139,185,53,110,174,28,153,18,218,155,33,211,18,135,205,155,118,209,215,146,51,108,192,141,16},{101,6,198,185,33,153,122,231,154,220,99,72,205,57,199,40,124,89,155,220,218,105,208,107,124,217,199,59,220,174,137,168,173,71,240,101,179,140,160,177},{56,252,21,1,212,247,91,59,155,196,195,219,29,60,15,123,176,218,247,253,141,171,37,31,24,102,254,56,168,188,222,253,239,212,183,120,103,29,237,24},{86,80,96,30,19,137,249,135,156,62,79,49,186,72,127,80,186,69,138,11,239,242,110,194,183,15,6,34,63,132,144,8,116,174,252,128,148,248,243,152},{73,243,154,105,55,163,55,121,63,217,154,135,167,121,3,245,172,173,178,128,138,119,228,118,197,162,207,98,217,166,246,235,150,239,106,185,67,126,199,250},{38,236,132,157,17,107,94,119,43,67,87,16,30,142,173,158,173,55,112,145,68,112,253,154,109,239,135,78,117,150,82,74,249,139,13,4,117,175,22,57},{225,241,94,183,183,141,15,23,232,19,247,84,80,56,183,21,219,139,100,216,223,254,100,123,134,249,57,239,110,235,206,56,158,182,58,182,59,201,98,34},{225,188,115,29,193,203,122,37,156,200,250,3,212,161,24,60,33,169,201,80,254,2,89,60}}
local O00I_lI={148,150,147,157,156,159,158,153,152,133,132,135,134,130,141,140,143,142,136,139,181,183,182,179,178,185,184,187,186,165,164,167,166,161,160,163,162,173,172,175,174,169,168,171,170,213,212,215,214,209,208,211,210,221,220,223,222,217,216,219,218,197,196,199,198,193,192,195,194,205,204,207,206,201,200,203,202,245,244,247,246,241,240,243,242,253,252,255,254,249,248,251,250,229,228,231,230,225,224,227,226,237,236,239,238,233,232,235,234,21,20,23,22,17,16,19,18,29,28,31,30,25,24,27,26,5,4,7,6,1,0,3,2,13,12,15,14,9,8,11,10,53,52,55,54,49,48,51,50,61,60,63,62,57,56,59,58,37,36,39,38,33,32,35,34,45,44,47,46,41,40,43,42,85,84,87,86,81,80,83,82,93,92,95,94,89,88,91,90,69,68,71,70,65,64,67,66,77,76,79,78,73,72,75,74,117,116,119,118,113,112,115,114,125,124,127,126,121,120,123,122,101,100,103,102,97,96,99,98,109,108,111,110,105,104,107,106,405,404,407,406,401,400,403,402,413,412,415,414,409,408,411,410,389,388,391,390,385,384,387,386,397,396,399,398,393,392,395,394,437,436,439,438,433,432,435,434,445,444,447,446,441,440,443,442,421,420,423,422,417,416,419,418,429,428,431,430,425,424,427,426,469,468,471,470,465,464,467,466,477,476,479,478,473,472,475,474,453,452,455,454,449,448,451,450,461,460,463,462,457,456,459,458,501,500,503,502,497,496,499,498,509,508,511,510,505,504,507,506,485,484,487,486,481,480,483,482,493,492,495,494,489,488,491,490,277,276,279,278,273,272,275,274,285,284,287,286,281,280,283,282,261,260,263,262,257,256,259,258,269,268,271,270,265,264,267,266,309,308,311,310,305,304,307,306,317,316,319,318,313,312,315,314,293,292,295,294,289,288,291,290,301,300,303,302,297,296,299,298,341,340,343,342,337,336,339,338,349,348,351,350,345,344,347,346,325,324,327,326,321,320,323,322,333,332,335,334,329,328,331,330,373,372,375,374,369,368,371,370,381,380,383,382,377,376,379,378,357,356,359,358,353,352,355,354,365,364,367,366,361,360,363,362,661,660,663,662,657,656,659,658,669,668,671,670,665,664,667,666,645,644,647,646,641,640,643,642,653,652,655,654,649,648,651,650,693,692,695,694,689,688,691,690,701,700,703,702,697,696,699,698,677,676,679,678,673,672,675,674,685,684,687,686,681,680,683,682,725,724,727,726,721,720,723,722,733,732,735,734,729,728,731,730,709,708,711,710,705,704,707,706,717,716,719,718,713,712,715,714,757,756,759,758,753,752,755,754,765,764,767,766,761,760,763,762,741,740,743,742,737,736,739,738,749,748,751,750,745,744,747,746,533,532,535,534,529,528,531,530,541,540,543,542,537,536,539,538,517,516,519,518,513,512,515,514,525,524,527,526,521,520,523,522,565,564,567,566,561,560,563,562,573,572,575,574,569,568,571,570,549,548,551,550,545,544,547,546,557,556,559,558,553,552,555,554,597,596,599,598,593,592,595,594,605,604,607,606,601,600,603,602,581,580,583,582,577,576,579,578,589,588,591,590,585,584,587,586,629,628,631,630,625,624,627,626,637,636,639,638,633,632,635,634,613,612,615,614,609,608,611,610,621,620,623,622,617,616,619,618,917,916,919,918,913,912,915,914,925,924,927,926,921,920,923,922,901,900,903,902,897,896,899,898,909,908,911,910,905,904,907,906,949,948,951,950,945,944,947,946,957,956,959,958,953,952,955,954,933,932,935,934,929,928,931,930,941,940,943,942,937,936,939,938,981,980,983,982,977,976,979,978,989,988,991,990,985,984,987,986,965,964,967,966,961,960,963,962,973,972,975,974,969,968,971,970,1013,1012,1015,1014,1009,1008,1011,1010,1021,1020,1023,1022,1017,1016,1019,1018,997,996,999,998,993,992,995,994,1005,1004,1007,1006,1001,1000,1003,1002,789,788,791,790,785,784,787,786,797,796,799,798,793,792,795,794,773,772,775,774,769,768,771,770,781,780,783,782,777,776,779,778,821,820,823,822,817,816,819,818,829,828,831,830,825,824,827,826,805,804,807,806,801,800,803,802,813,812,815,814,809,808,811,810,853,852,855,854,849,848,851,850,861,860,863,862,857,856,859,858,837,836,839,838,833,832,835,834,845,844,847,846,841,840,843,842,885,884,887,886,881,880,883,882,893,892,895,894,889,888,891,890,869,868,871,870,865,864,867,866,877,876,879,878,873,872,875,874,1173,1172,1175,1174,1169,1168,1171,1170,1181,1180,1183,1182,1177,1176,1179,1178,1157,1156,1159,1158,1153,1152,1155,1154,1165,1164,1167,1166,1161,1160,1163,1162,1205,1204,1207,1206,1201,1200,1203,1202,1213,1212,1215,1214,1209,1208,1211,1210,1189,1188,1191,1190,1185,1184,1187,1186,1197,1196,1199,1198,1193,1192,1195,1194,1237,1236,1239,1238,1233,1232,1235,1234,1245,1244,1247,1246,1241,1240,1243,1242,1221,1220,1223,1222,1217,1216,1219,1218,1229,1228,1231,1230,1225,1224,1227,1226,1269,1268,1271,1270,1265,1264,1267,1266,1277,1276,1279,1278,1273,1272,1275,1274,1253,1252,1255,1254,1249,1248,1251,1250,1261,1260,1263,1262,1257,1256,1259,1258,1045,1044,1047,1046,1041,1040,1043,1042,1053,1052,1055,1054,1049,1048,1051,1050,1029,1028,1031,1030,1025,1024,1027,1026,1037,1036,1039,1038,1033,1032,1035,1034,1077,1076,1079,1078,1073,1072,1075,1074,1085,1084,1087,1086,1081,1080,1083,1082,1061,1060,1063,1062,1057,1056,1059,1058,1069,1068,1071,1070,1065,1064,1067,1066,1109,1108,1111,1110,1105,1104,1107,1106,1117,1116,1119,1118,1113,1112,1115,1114,1093,1092,1095,1094,1089,1088,1091,1090,1101,1100,1103,1102,1097,1096,1099,1098,1141,1140,1143,1142,1137,1136,1139,1138,1149,1148,1151,1150,1145,1144,1147,1146,1125,1124,1127,1126,1121,1120,1123,1122,1133,1132,1135,1134,1129,1128,1131,1130,1429,1428,1431,1430,1425,1424,1427,1426,1437,1436,1439,1438,1433,1432,1435,1434,1413,1412,1415,1414,1409,1408,1411,1410,1421,1420,1423,1422,1417,1416,1419,1418,1461,1460,1463,1462,1457,1456,1459,1458,1469,1468,1471,1470,1465,1464,1467,1466,1445,1444,1447,1446,1441,1440,1443,1442,1453,1452,1455,1454,1449,1448,1451,1450,1493,1492,1495,1494,1489,1488,1491,1490,1501,1500,1503,1502,1497,1496,1499,1498,1477,1476,1479,1478,1473,1472,1475,1474,1485,1484,1487,1486,1481,1480,1483,1482,1525,1524,1527,1526,1521,1520,1523,1522,1533,1532,1535,1534,1529,1528,1531,1530,1509,1508,1511,1510,1505,1504,1507,1506,1517,1516,1519,1518,1513,1512,1515,1514,1301,1300,1303,1302,1297,1296,1299,1298,1309,1308,1311,1310,1305,1304,1307,1306,1285,1284,1287,1286,1281,1280,1283,1282,1293,1292,1295,1294,1289,1288,1291,1290,1333,1332,1335,1334,1329,1328,1331,1330,1341,1340,1343,1342,1337,1336,1339,1338,1317,1316,1319,1318,1313,1312,1315,1314,1325,1324,1327,1326,1321,1320,1323,1322,1365,1364,1367,1366,1361,1360,1363,1362,1373,1372,1375,1374,1369,1368,1371,1370,1349,1348,1351,1350,1345,1344,1347,1346,1357,1356,1359,1358,1353,1352,1355,1354,1397,1396,1399,1398,1393,1392,1395,1394,1405,1404,1407,1406,1401,1400,1403,1402,1381,1380,1383,1382,1377,1376,1379,1378,1389,1388,1391,1390,1385,1384,1387,1386,1685,1684,1687,1686,1681,1680,1683,1682,1693,1692,1695,1694,1689,1688,1691,1690,1669,1668,1671,1670,1665,1664,1667,1666,1677,1676,1679,1678,1673,1672,1675,1674,1717,1716,1719,1718,1713,1712,1715,1714,1725,1724,1727,1726,1721,1720,1723,1722,1701,1700,1703,1702,1697,1696,1699,1698,1709,1708,1711,1710,1705,1704,1707,1706,1749,1748,1751,1750,1745,1744,1747,1746,1757,1756,1759,1758,1753,1752,1755,1754,1733,1732,1735,1734,1729,1728,1731,1730,1741,1740,1743,1742,1737,1736,1739,1738,1781,1780,1783,1782,1777,1776,1779,1778,1789,1788,1791,1790,1785,1784,1787,1786,1765,1764,1767,1766,1761,1760,1763,1762,1773,1772,1775,1774,1769,1768,1771,1770,1557,1556,1559,1558,1553,1552,1555,1554,1565,1564,1567,1566,1561,1560,1563,1562,1541,1540,1543,1542,1537,1536,1539,1538,1549,1548,1551,1550,1545,1544,1547,1546,1589,1588,1591,1590,1585,1584,1587,1586,1597,1596,1599,1598,1593,1592,1595,1594,1573,1572,1575,1574,1569,1568,1571,1570,1581,1580,1583,1582,1577,1576,1579,1578,1621,1620,1623,1622,1617,1616,1619,1618,1629,1628,1631,1630,1625,1624,1627,1626,1605,1604,1607,1606,1601,1600,1603,1602,1613,1612,1615,1614,1609,1608,1611,1610,1653,1652,1655,1654,1649,1648,1651,1650,1661,1660,1663,1662,1657,1656,1659,1658,1637,1636,1639,1638,1633,1632,1635,1634,1645,1644,1647,1646,1641,1640,1643,1642,1941,1940,1943,1942,1937,1936,1939,1938,1949,1948,1951,1950,1945,1944,1947,1946,1925,1924,1927,1926,1921,1920,1923,1922,1933,1932,1935,1934,1929,1928,1931,1930,1973,1972,1975,1974,1969,1968,1971,1970,1981,1980,1983,1982,1977,1976,1979,1978,1957,1956,1959,1958,1953,1952,1955,1954,1965,1964,1967,1966,1961,1960,1963,1962,2005,2004,2007,2006,2001,2000,2003,2002,2013,2012,2015,2014,2009,2008,2011,2010,1989,1988,1991,1990,1985,1984,1987,1986,1997,1996,1999,1998,1993,1992,1995,1994,2037,2036,2039,2038,2033,2032,2035,2034,2045,2044,2047,2046,2041,2040,2043,2042,2021,2020,2023,2022,2017,2016,2019,2018,2029,2028,2031,2030,2025,2024,2027,2026,1813,1812,1815,1814,1809,1808,1811,1810,1821,1820,1823,1822,1817,1816,1819,1818,1797,1796,1799,1798,1793,1792,1795,1794,1805,1804,1807,1806,1801,1800,1803,1802,1845,1844,1847,1846,1841,1840,1843,1842,1853,1852,1855,1854,1849,1848,1851,1850,1829,1828,1831,1830,1825,1824,1827,1826,1837,1836,1839,1838,1833,1832,1835,1834,1877,1876,1879,1878,1873,1872,1875,1874,1885,1884,1887,1886,1881,1880,1883,1882,1861,1860,1863,1862,1857,1856,1859,1858,1869,1868,1871,1870,1865,1864,1867,1866,1909,1908,1911,1910,1905,1904,1907,1906,1917,1916,1919,1918,1913,1912,1915,1914,1893,1892,1895,1894,1889,1888,1891,1890,1901,1900,1903,1902,1897,1896,1899,1898,2197,2196,2199,2198,2193,2192,2195,2194,2205,2204,2207,2206,2201,2200,2203,2202,2181,2180,2183,2182,2177,2176,2179,2178,2189,2188,2191,2190,2185,2184,2187,2186,2229,2228,2231,2230,2225,2224,2227,2226,2237,2236,2239,2238,2233,2232,2235,2234,2213,2212,2215,2214,2209,2208,2211,2210,2221,2220,2223,2222,2217,2216,2219,2218,2261,2260,2263,2262,2257,2256,2259,2258,2269,2268,2271,2270,2265,2264,2267,2266,2245,2244,2247,2246,2241,2240,2243,2242,2253,2252,2255,2254,2249,2248,2251,2250,2293,2292,2295,2294,2289,2288,2291,2290,2301,2300,2303,2302,2297,2296,2299,2298,2277,2276,2279,2278,2273,2272,2275,2274,2285,2284,2287,2286,2281,2280,2283,2282,2069,2068,2071,2070,2065,2064,2067,2066,2077,2076,2079,2078,2073,2072,2075,2074,2053,2052,2055,2054,2049,2048,2051,2050,2061,2060,2063,2062,2057,2056,2059,2058,2101,2100,2103,2102,2097,2096,2099,2098,2109,2108,2111,2110,2105,2104,2107,2106,2085,2084,2087,2086,2081,2080,2083,2082,2093,2092,2095,2094,2089,2088,2091,2090,2133,2132,2135,2134,2129,2128,2131,2130,2141,2140,2143,2142,2137,2136,2139,2138,2117,2116,2119,2118,2113,2112,2115,2114,2125,2124,2127,2126,2121,2120,2123,2122,2165,2164,2167,2166,2161,2160,2163,2162,2173,2172,2175,2174,2169,2168,2171,2170,2149,2148,2151,2150,2145,2144,2147,2146,2157,2156,2159,2158,2153,2152,2155,2154,2453,2452,2455,2454,2449,2448,2451,2450,2461,2460,2463,2462,2457,2456,2459,2458,2437,2436,2439,2438,2433,2432,2435,2434,2445,2444,2447,2446,2441,2440,2443,2442,2485,2484,2487,2486,2481,2480,2483,2482,2493,2492,2495,2494,2489,2488,2491,2490,2469,2468,2471,2470,2465,2464,2467,2466,2477,2476,2479,2478,2473,2472,2475,2474,2517,2516,2519,2518,2513,2512,2515,2514,2525,2524,2527,2526,2521,2520,2523,2522,2501,2500,2503,2502,2497,2496,2499,2498,2509,2508,2511,2510,2505,2504,2507,2506,2549,2548,2551,2550,2545,2544,2547,2546,2557,2556,2559,2558,2553,2552,2555,2554,2533,2532,2535,2534,2529,2528,2531,2530,2541,2540,2543,2542,2537,2536,2539,2538,2325,2324,2327,2326,2321,2320,2323,2322,2333,2332,2335,2334,2329,2328,2331,2330,2309,2308,2311,2310,2305,2304,2307,2306,2317,2316,2319,2318,2313,2312,2315,2314,2357,2356,2359,2358,2353,2352,2355,2354,2365,2364,2367,2366,2361,2360,2363,2362,2341,2340,2343,2342,2337,2336,2339,2338,2349,2348,2351,2350,2345,2344,2347,2346,2389,2388,2391,2390,2385,2384,2387,2386,2397,2396,2399,2398,2393,2392,2395,2394,2373,2372,2375,2374,2369,2368,2371,2370,2381,2380,2383,2382,2377,2376,2379,2378,2421,2420,2423,2422,2417,2416,2419,2418,2429,2428,2431,2430,2425,2424,2427,2426,2405,2404,2407,2406,2401,2400,2403,2402,2413,2412,2415,2414,2409,2408,2411,2410,2709,2708,2711,2710,2705,2704,2707,2706,2717,2716,2719,2718,2713,2712,2715,2714,2693,2692,2695,2694,2689,2688,2691,2690,2701,2700,2703,2702,2697,2696,2699,2698,2741,2740,2743,2742,2737,2736,2739,2738,2749,2748,2751,2750,2745,2744,2747,2746,2725,2724,2727,2726,2721,2720,2723,2722,2733,2732,2735,2734,2729,2728,2731,2730,2773,2772,2775,2774,2769,2768,2771,2770,2781,2780,2783,2782,2777,2776,2779,2778,2757,2756,2759,2758,2753,2752,2755,2754,2765,2764,2767,2766,2761,2760,2763,2762,2805,2804,2807,2806,2801,2800}
local function I1Ol1O0(a,b)local r,p=0,1 for i=0,7 do local aa=a%2 local bb=b%2 if aa~=bb then r=r+p end a=(a-aa)/2 b=(b-bb)/2 p=p*2 end return r end
local function O_O_Il_1_l(a,b)return(a+b)%256 end
local function O11II0I(hi,lo)local t={} local m=4 for i=1,#hi do local h=I1Ol1O0(hi[i],m) local l=I1Ol1O0(lo[i],m) t[i]=h*16+l end return t end
local IIO_OI_=O11II0I(l0llO1O_0,OOOlIll_O1)
local I_OO0_I=O11II0I(l10lIl_O,_llO_O011)
local O11Il__01l=O11II0I(_010lOO00,l_IIOIIl0O)
for i=1,#l0llO1O_0 do l0llO1O_0[i]=nil OOOlIll_O1[i]=nil end
for i=1,#l10lIl_O do l10lIl_O[i]=nil _llO_O011[i]=nil end
for i=1,#_010lOO00 do _010lOO00[i]=nil l_IIOIIl0O[i]=nil end
local lll1OII=tostring(_11I1O1)
if type(l1I0lO_)~="function" then while (function(OlI_IOl_)return(OlI_IOl_*OlI_IOl_>=0)end)(3) do end end
local function l0I11l_()
 local n=0 for i=1,#lO0O010O_ do n=n+#lO0O010O_[i] end
 local c=((n*3)+(IIO_OI_[1]*17)+(I_OO0_I[1]*13)+(O11Il__01l[1]*7)+IOl1lIIl*3+19160)%4294967296
 if c~=342806 then while (function(OlI_IOl_)return(OlI_IOl_*OlI_IOl_>=0)end)(3) do end end
 local fp=0 for i=1,#IIO_OI_ do fp=fp+IIO_OI_[i] end for i=1,#I_OO0_I do fp=fp+I_OO0_I[i]*5 end for i=1,#O11Il__01l do fp=fp+O11Il__01l[i]*7 end
 fp=(fp*3+19160)%4294967296
 if fp~=45265 then while (function(OlI_IOl_)return(OlI_IOl_*OlI_IOl_>=0)end)(3) do end end
 local ic=0 for i=1,#O00I_lI do ic=ic+O00I_lI[i] end
 ic=(ic*11+l_l1_l001*19+19160)%4294967296
 if ic~=39093474 then while (function(OlI_IOl_)return(OlI_IOl_*OlI_IOl_>=0)end)(3) do end end
 if #lll1OII<3 then while (function(OlI_IOl_)return(OlI_IOl_*OlI_IOl_>=0)end)(3) do end end
 return true
end
local function _11IIlI11()
 local l_11OlIl1,O_I0IIOI=1,{227,148,226,230,21,177,143,226,42,157,222,21,11,69,84,87,92,4,244,98,98,4,183,158,96,14,43,219,54,169,171,118,30,226,108,74,170,181,224,78,106,199,131,238,100,115,12,66,116,118,42,142,107,229,24,86,52,49,55,119,39,37,218,97,138,248,244,241,141,168,61,52,117,219,135,213,191,227,99,144,130,125,234,39,172,224,46,225,115}
 local _IOO_00I0={[148]=1,[138]=2,[128]=3,[182]=4}
 while l_11OlIl1<=#O_I0IIOI do
  local ins=O_I0IIOI[l_11OlIl1] local op=(ins+IOl1lIIl)%251
  if _IOO_00I0[op]==3 then break end
  l_11OlIl1=l_11OlIl1+1
  if (function(OlI_IOl_)return(OlI_IOl_*OlI_IOl_<0)end)(7) then break end
 end
end
_11IIlI11()
if not l0I11l_() then return end
local function _10_1l0()
 local _0_1IIllO={} local OlI_IOl_=1 local s=I1Ol1O0(534066740,15653) if s==0 then s=1 end
 for I0O_l1lO_=1,#O00I_lI do
  local ti=I1Ol1O0(O00I_lI[I0O_l1lO_],l_l1_l001)
  local __1_1I1_II=lO0O010O_[ti]
  if not __1_1I1_II then while (function(OlI_IOl_)return(OlI_IOl_*OlI_IOl_>=0)end)(3) do end end
  for l_11OlIl1=1,#__1_1I1_II do
   local b=__1_1I1_II[l_11OlIl1]
   s=(s*1664525+1013904223)%4294967296
   local stream=math.floor(s/65536)%256
   local ka=IIO_OI_[((OlI_IOl_-1)%#IIO_OI_)+1]
   local kb=I_OO0_I[((OlI_IOl_-1)%#I_OO0_I)+1]
   local kc=O11Il__01l[((OlI_IOl_-1)%#O11Il__01l)+1]
   local t=I1Ol1O0(b,ka) t=I1Ol1O0(t,kb) t=I1Ol1O0(t,O_O_Il_1_l(kc,stream))
   _0_1IIllO[OlI_IOl_]=string.char(t) OlI_IOl_=OlI_IOl_+1
  end
 end
 return table.concat(_0_1IIllO)
end
local lIl_01I=_10_1l0()
local I1l11_0=l1I0lO_(lIl_01I,"=@EmorceHEXED/0fd4c51a3867")
if not I1l11_0 then error("HEXED: compile failed",0) end
lIl_01I=nil
return I1l11_0()
